Feb 07, 2018 	153.00 	151.00 	153.00 	150.40 	3.22M 	2.00%
Feb 06, 2018 	150.00 	146.80 	150.00 	146.20 	4.39M 	-0.33%
Feb 05, 2018 	150.50 	150.20 	151.30 	150.00 	5.05M 	-1.95%
Feb 02, 2018 	153.50 	152.50 	155.00 	152.50 	2.22M 	0.66%
Feb 01, 2018 	152.50 	151.50 	154.20 	150.50 	2.60M 	-0.33%
Jan 31, 2018 	153.00 	155.40 	155.40 	151.60 	4.86M 	-1.61%
Jan 30, 2018 	155.50 	156.00 	156.00 	154.50 	3.72M 	-0.64%
Jan 29, 2018 	156.50 	157.50 	158.50 	155.40 	4.38M 	-0.63%
Jan 26, 2018 	157.50 	157.50 	158.10 	156.40 	2.78M 	0.32%
Jan 25, 2018 	157.00 	157.90 	158.00 	156.50 	2.73M 	-0.57%
Jan 24, 2018 	157.90 	159.50 	159.50 	156.90 	3.35M 	-1.00%
Jan 23, 2018 	159.50 	159.00 	160.00 	158.20 	3.20M 	0.31%
Jan 22, 2018 	159.00 	159.50 	160.20 	158.00 	2.14M 	-0.31%
Jan 19, 2018 	159.50 	158.20 	162.00 	158.00 	3.17M 	1.59%
Jan 18, 2018 	157.00 	159.80 	159.80 	156.90 	5.46M 	-1.88%
Jan 17, 2018 	160.00 	161.10 	162.10 	158.50 	3.54M 	-0.62%
Jan 16, 2018 	161.00 	165.00 	165.00 	161.00 	2.34M 	-1.23%
Jan 15, 2018 	163.00 	166.00 	166.50 	163.00 	1.62M 	-1.15%
Jan 12, 2018 	164.90 	165.50 	167.70 	164.00 	3.15M 	-0.06%
Jan 11, 2018 	165.00 	165.20 	165.90 	163.80 	3.50M 	0.12%
Jan 10, 2018 	164.80 	164.60 	165.30 	163.40 	1.38M 	0.12%
Jan 09, 2018 	164.60 	158.00 	164.60 	157.50 	1.67M 	5.31%
Jan 08, 2018 	156.30 	160.10 	160.10 	155.20 	3.39M 	-2.31%
Jan 05, 2018 	160.00 	160.00 	160.70 	159.60 	4.52M 	0.00%
Jan 04, 2018 	160.00 	161.00 	161.20 	159.10 	3.42M 	-0.62%
Jan 03, 2018 	161.00 	163.50 	163.80 	160.10 	3.99M 	-1.83%
Dec 29, 2017 	164.00 	158.20 	166.50 	158.00 	4.54M 	3.67%
Dec 28, 2017 	158.20 	156.00 	158.50 	155.20 	3.06M 	1.54%
Dec 27, 2017 	155.80 	153.50 	155.90 	153.00 	1.80M 	1.43%
Dec 22, 2017 	153.60 	150.10 	153.60 	150.10 	725.20K 	2.33%
Dec 21, 2017 	150.10 	151.50 	152.00 	149.60 	1.86M 	-0.86%
Dec 20, 2017 	151.40 	150.40 	152.80 	150.40 	2.10M 	0.73%
Dec 19, 2017 	150.30 	153.90 	154.00 	150.30 	3.63M 	-2.91%
Dec 18, 2017 	154.80 	157.00 	157.00 	154.50 	1.63M 	-1.40%
Dec 15, 2017 	157.00 	155.00 	157.00 	154.70 	2.50M 	1.29%
Dec 14, 2017 	155.00 	153.50 	155.00 	152.00 	1.73M 	0.98%
Dec 13, 2017 	153.50 	153.00 	153.50 	150.50 	2.06M 	0.33%
Dec 12, 2017 	153.00 	153.00 	153.00 	149.50 	1.70M 	0.00%
Dec 11, 2017 	153.00 	147.00 	153.00 	146.00 	2.46M 	3.38%
Dec 08, 2017 	148.00 	144.00 	148.00 	144.00 	1.63M 	1.37%
Dec 07, 2017 	146.00 	145.50 	146.00 	143.50 	1.10M 	0.34%
Dec 06, 2017 	145.50 	145.30 	147.00 	145.10 	1.76M 	-0.68%
Dec 05, 2017 	146.50 	145.10 	146.90 	142.80 	2.47M 	0.48%
Dec 04, 2017 	145.80 	146.00 	146.00 	142.60 	3.82M 	-0.82%
Dec 01, 2017 	147.00 	147.80 	150.40 	146.40 	3.67M 	0.68%
Nov 29, 2017 	146.00 	144.80 	146.40 	143.00 	5.33M 	0.76%
Nov 28, 2017 	144.90 	143.00 	145.00 	143.00 	1.31M 	0.14%
Nov 27, 2017 	144.70 	145.10 	145.50 	143.90 	1.19M 	-0.28%
Nov 24, 2017 	145.10 	146.00 	146.10 	145.00 	861.93K 	-0.55%
Nov 23, 2017 	145.90 	146.50 	146.50 	145.30 	1.07M 	0.97%
Nov 22, 2017 	144.50 	149.00 	149.50 	144.50 	854.08K 	-3.02%
Nov 21, 2017 	149.00 	149.00 	149.50 	146.50 	833.40K 	0.20%
Nov 20, 2017 	148.70 	146.50 	149.10 	146.50 	1.50M 	1.71%
Nov 17, 2017 	146.20 	146.50 	147.00 	145.40 	3.14M 	0.07%
Nov 16, 2017 	146.10 	141.00 	148.10 	141.00 	3.47M 	3.62%
Nov 15, 2017 	141.00 	142.00 	143.90 	140.50 	1.95M 	-1.12%
Nov 14, 2017 	142.60 	144.90 	145.00 	141.80 	1.52M 	-1.66%
Nov 13, 2017 	145.00 	147.50 	147.50 	144.30 	1.52M 	-1.76%
Nov 10, 2017 	147.60 	147.00 	148.60 	146.50 	2.82M 	1.79%
Nov 09, 2017 	145.00 	146.00 	146.90 	144.10 	1.32M 	-0.68%
Nov 08, 2017 	146.00 	143.70 	146.00 	143.70 	1.37M 	0.69%
Nov 07, 2017 	145.00 	145.20 	145.70 	141.00 	1.51M 	0.35%
Nov 06, 2017 	144.50 	144.00 	146.70 	143.10 	2.67M 	0.35%
Nov 03, 2017 	144.00 	144.00 	148.10 	143.80 	3.18M 	0.00%
Nov 02, 2017 	144.00 	138.00 	146.80 	137.50 	4.20M 	4.73%
Oct 30, 2017 	137.50 	138.00 	138.00 	134.60 	2.28M 	-0.36%
Oct 27, 2017 	138.00 	135.10 	138.00 	133.60 	1.43M 	2.22%
Oct 26, 2017 	135.00 	134.10 	135.00 	132.10 	2.09M 	0.75%
Oct 25, 2017 	134.00 	136.00 	138.00 	133.00 	4.10M 	-1.47%
Oct 24, 2017 	136.00 	140.90 	140.90 	136.00 	4.73M 	-3.48%
Oct 23, 2017 	140.90 	142.60 	142.60 	139.10 	1.05M 	-1.47%
Oct 20, 2017 	143.00 	145.20 	146.00 	142.00 	3.28M 	-2.72%
Oct 19, 2017 	147.00 	142.70 	147.90 	142.60 	1.51M 	1.52%
Oct 18, 2017 	144.80 	143.60 	145.00 	141.70 	3.01M 	0.91%
Oct 17, 2017 	143.50 	144.10 	149.00 	143.50 	6.38M 	0.14%
Oct 13, 2017 	143.30 	139.00 	143.30 	138.70 	2.95M 	3.32%
Oct 12, 2017 	138.70 	139.40 	139.50 	137.60 	1.90M 	-0.86%
Oct 11, 2017 	139.90 	137.00 	139.90 	136.50 	2.60M 	2.49%
Oct 10, 2017 	136.50 	134.40 	136.50 	134.00 	1.34M 	1.56%
Oct 09, 2017 	134.40 	134.00 	135.00 	133.50 	1.13M 	0.83%
Oct 06, 2017 	133.30 	135.00 	135.50 	133.30 	1.88M 	-0.82%
Oct 05, 2017 	134.40 	135.00 	135.10 	134.00 	3.44M 	-0.44%
Oct 04, 2017 	135.00 	132.60 	135.50 	132.60 	3.83M 	2.12%
Oct 03, 2017 	132.20 	130.00 	134.00 	130.00 	4.15M 	1.69%
Oct 02, 2017 	130.00 	131.00 	131.50 	130.00 	1.27M 	-0.54%
Sep 29, 2017 	130.70 	130.30 	131.40 	130.00 	1.77M 	0.54%
Sep 28, 2017 	130.00 	130.00 	132.00 	129.80 	3.81M 	0.23%
Sep 27, 2017 	129.70 	129.50 	130.10 	129.00 	3.13M 	0.15%
Sep 26, 2017 	129.50 	129.50 	129.50 	129.00 	2.66M 	0.08%
Sep 25, 2017 	129.40 	129.30 	129.50 	128.90 	754.75K 	0.08%
Sep 22, 2017 	129.30 	129.80 	129.80 	128.90 	1.77M 	-0.39%
Sep 21, 2017 	129.80 	129.90 	130.00 	129.20 	1.93M 	-0.08%
Sep 20, 2017 	129.90 	130.00 	130.30 	129.70 	3.55M 	0.08%
Sep 19, 2017 	129.80 	130.30 	130.30 	129.40 	3.83M 	-0.23%
Sep 18, 2017 	130.10 	128.90 	130.60 	128.90 	3.01M 	0.93%
Sep 15, 2017 	128.90 	129.80 	129.80 	128.50 	4.55M 	-0.69%
Sep 14, 2017 	129.80 	128.90 	130.00 	128.60 	2.49M 	0.78%
Sep 13, 2017 	128.80 	128.30 	129.00 	128.20 	5.24M 	0.63%
Sep 11, 2017 	128.00 	127.90 	128.40 	127.70 	2.24M 	0.23%
Sep 08, 2017 	127.70 	128.00 	128.00 	127.50 	2.04M 	-0.16%
Sep 07, 2017 	127.90 	128.00 	128.10 	127.50 	2.33M 	0.31%
Sep 06, 2017 	127.50 	128.00 	128.20 	127.00 	4.24M 	-0.78%
Sep 05, 2017 	128.50 	128.00 	128.50 	128.00 	2.44M 	0.00%
Sep 04, 2017 	128.50 	128.00 	129.20 	127.10 	2.92M 	1.10%
Aug 31, 2017 	127.10 	128.00 	128.10 	127.00 	2.40M 	-0.70%
Aug 30, 2017 	128.00 	128.00 	128.40 	127.40 	2.14M 	0.16%
Aug 29, 2017 	127.80 	128.00 	128.60 	127.50 	2.06M 	0.55%
Aug 25, 2017 	127.10 	127.40 	127.40 	126.70 	3.62M 	-0.31%
Aug 24, 2017 	127.50 	127.80 	128.20 	126.70 	1.36M 	-0.31%
Aug 23, 2017 	127.90 	128.60 	129.40 	127.90 	1.64M 	-0.54%
Aug 22, 2017 	128.60 	130.20 	130.20 	128.60 	2.00M 	-1.23%
Aug 18, 2017 	130.20 	130.00 	130.50 	129.50 	1.35M 	-0.31%
Aug 17, 2017 	130.60 	128.90 	131.10 	128.80 	3.60M 	1.40%
Aug 16, 2017 	128.80 	128.80 	130.20 	128.50 	2.32M 	0.00%
Aug 15, 2017 	128.80 	129.50 	130.00 	128.60 	1.20M 	-0.16%
Aug 14, 2017 	129.00 	129.30 	130.50 	129.00 	814.25K 	-0.23%
Aug 11, 2017 	129.30 	129.90 	129.90 	129.10 	1.40M 	-0.54%
Aug 10, 2017 	130.00 	130.00 	131.00 	129.10 	1.26M 	0.00%
Aug 09, 2017 	130.00 	130.00 	130.40 	127.90 	1.29M 	-0.76%
Aug 08, 2017 	131.00 	130.00 	132.10 	129.90 	6.09M 	1.55%
Aug 07, 2017 	129.00 	128.00 	129.80 	127.50 	4.28M 	1.18%
Aug 04, 2017 	127.50 	127.60 	129.00 	127.00 	1.52M 	0.39%
Aug 03, 2017 	127.00 	127.00 	129.10 	126.90 	2.65M 	0.79%
Aug 02, 2017 	126.00 	125.00 	131.70 	125.00 	4.80M 	1.20%
Aug 01, 2017 	124.50 	125.50 	125.50 	124.20 	2.33M 	-1.11%
Jul 31, 2017 	125.90 	125.10 	125.90 	123.80 	1.96M 	0.72%
Jul 28, 2017 	125.00 	122.90 	125.00 	122.80 	2.69M 	1.71%
Jul 27, 2017 	122.90 	123.50 	124.30 	122.60 	2.20M 	-0.32%
Jul 26, 2017 	123.30 	122.20 	123.70 	122.10 	1.54M 	0.90%
Jul 25, 2017 	122.20 	123.50 	123.50 	122.00 	647.89K 	-1.05%
Jul 24, 2017 	123.50 	123.00 	123.80 	122.00 	596.43K 	-0.32%
Jul 21, 2017 	123.90 	122.10 	123.90 	120.00 	2.87M 	1.98%
Jul 20, 2017 	121.50 	122.40 	123.00 	121.50 	6.69M 	-0.57%
Jul 19, 2017 	122.20 	122.10 	122.40 	121.90 	3.29M 	0.08%
Jul 18, 2017 	122.10 	123.00 	123.20 	121.70 	2.15M 	-0.57%
Jul 17, 2017 	122.80 	124.00 	124.00 	122.20 	1.67M 	-0.57%
Jul 14, 2017 	123.50 	124.50 	124.50 	123.00 	6.55M 	-0.80%
Jul 13, 2017 	124.50 	124.50 	125.00 	123.40 	1.95M 	0.24%
Jul 12, 2017 	124.20 	124.30 	124.40 	123.60 	2.58M 	-0.16%
Jul 11, 2017 	124.40 	123.90 	124.40 	123.60 	1.28M 	0.40%
Jul 10, 2017 	123.90 	123.90 	124.90 	123.90 	1.24M 	0.08%
Jul 07, 2017 	123.80 	123.60 	124.00 	123.50 	1.30M 	0.16%
Jul 06, 2017 	123.60 	123.10 	123.90 	122.70 	1.15M 	0.41%
Jul 05, 2017 	123.10 	123.80 	123.80 	122.10 	671.07K 	0.08%
Jul 04, 2017 	123.00 	124.00 	124.20 	123.00 	1.02M 	-0.81%
Jul 03, 2017 	124.00 	123.50 	124.00 	122.00 	1.04M 	0.00%
Jun 30, 2017 	124.00 	121.00 	124.00 	120.20 	2.41M 	2.48%
Jun 29, 2017 	121.00 	122.00 	122.20 	119.70 	1.02M 	-0.90%
Jun 28, 2017 	122.10 	122.00 	122.50 	121.70 	1.57M 	-0.16%
Jun 27, 2017 	122.30 	120.60 	122.30 	120.60 	1.38M 	1.41%
Jun 23, 2017 	120.60 	121.10 	121.20 	120.40 	2.19M 	-0.33%
Jun 22, 2017 	121.00 	120.40 	121.00 	120.30 	2.55M 	0.50%
Jun 21, 2017 	120.40 	120.70 	121.00 	118.80 	2.11M 	-0.50%
Jun 20, 2017 	121.00 	121.50 	121.80 	120.50 	1.70M 	-0.25%
Jun 19, 2017 	121.30 	122.20 	122.20 	120.90 	2.66M 	-0.57%
Jun 16, 2017 	122.00 	123.50 	123.60 	122.00 	6.47M 	-1.37%
Jun 15, 2017 	123.70 	123.20 	125.00 	123.20 	1.27M 	-0.08%
Jun 14, 2017 	123.80 	123.40 	124.20 	123.20 	1.38M 	0.32%
Jun 13, 2017 	123.40 	123.80 	123.80 	122.40 	3.07M 	-0.32%
Jun 09, 2017 	123.80 	123.50 	124.40 	123.30 	1.38M 	0.24%
Jun 08, 2017 	123.50 	124.50 	124.80 	123.00 	1.64M 	-0.80%
Jun 07, 2017 	124.50 	124.30 	124.80 	124.10 	1.40M 	0.16%
Jun 06, 2017 	124.30 	124.50 	124.60 	123.70 	1.20M 	-0.24%
Jun 05, 2017 	124.60 	123.90 	125.00 	123.90 	2.24M 	0.56%
Jun 02, 2017 	123.90 	123.00 	124.50 	123.00 	2.02M 	0.73%
Jun 01, 2017 	123.00 	122.50 	123.30 	122.40 	3.02M 	0.41%
May 31, 2017 	122.50 	122.00 	122.60 	122.00 	4.24M 	0.41%
May 30, 2017 	122.00 	122.00 	122.30 	121.70 	903.24K 	-0.16%
May 29, 2017 	122.20 	120.80 	122.20 	120.70 	1.63M 	1.08%
May 26, 2017 	120.90 	120.40 	121.20 	120.40 	1.53M 	0.33%
May 25, 2017 	120.50 	121.10 	121.20 	120.50 	1.38M 	-0.41%
May 24, 2017 	121.00 	120.00 	121.40 	120.00 	1.39M 	0.17%
May 23, 2017 	120.80 	121.40 	121.70 	120.00 	1.35M 	-0.49%
May 22, 2017 	121.40 	121.50 	122.10 	121.00 	1.05M 	0.17%
May 19, 2017 	121.20 	120.10 	121.50 	120.10 	1.48M 	0.33%
May 18, 2017 	120.80 	121.90 	121.90 	120.00 	2.12M 	-1.39%
May 17, 2017 	122.50 	122.00 	122.70 	121.60 	1.81M 	0.57%
May 16, 2017 	121.80 	122.10 	122.10 	121.80 	1.75M 	0.00%
May 15, 2017 	121.80 	122.20 	122.60 	121.30 	1.92M 	-0.33%
May 12, 2017 	122.20 	121.70 	122.30 	121.50 	1.51M 	0.41%
May 11, 2017 	121.70 	120.00 	121.80 	120.00 	2.00M 	1.84%
May 10, 2017 	119.50 	122.80 	123.50 	119.50 	2.52M 	-2.77%
May 09, 2017 	122.90 	123.90 	124.80 	122.20 	2.56M 	-0.81%
May 08, 2017 	123.90 	123.00 	123.90 	123.00 	3.10M 	0.73%
May 05, 2017 	123.00 	121.10 	123.30 	121.10 	4.03M 	1.57%
May 04, 2017 	121.10 	121.00 	121.80 	120.80 	2.76M 	0.25%
May 03, 2017 	120.80 	120.80 	121.60 	120.50 	1.22M 	-0.17%
May 02, 2017 	121.00 	119.90 	122.00 	118.80 	4.07M 	0.92%
Apr 27, 2017 	119.90 	120.60 	120.70 	119.60 	1.77M 	-0.58%
Apr 26, 2017 	120.60 	120.30 	121.00 	120.10 	2.54M 	0.25%
Apr 25, 2017 	120.30 	118.90 	120.70 	118.60 	3.80M 	1.09%
Apr 24, 2017 	119.00 	118.60 	119.00 	118.10 	1.34M 	0.42%
Apr 21, 2017 	118.50 	119.00 	119.10 	117.80 	3.96M 	-0.25%
Apr 20, 2017 	118.80 	119.00 	119.00 	117.20 	5.47M 	-0.92%
Apr 19, 2017 	119.90 	118.80 	119.90 	117.10 	5.27M 	0.76%
Apr 18, 2017 	119.00 	119.80 	120.30 	119.00 	2.30M 	-0.75%
Apr 17, 2017 	119.90 	120.00 	120.20 	119.50 	1.10M 	-0.91%
Apr 12, 2017 	121.00 	120.50 	121.00 	120.20 	2.30M 	0.41%
Apr 11, 2017 	120.50 	121.00 	121.80 	120.20 	1.47M 	-0.50%
Apr 10, 2017 	121.10 	120.60 	121.40 	120.60 	3.98M 	0.41%
Apr 07, 2017 	120.60 	121.00 	122.50 	120.60 	4.19M 	-1.15%
Apr 06, 2017 	122.00 	123.00 	123.00 	121.00 	2.56M 	-0.81%
Apr 05, 2017 	123.00 	120.00 	123.50 	119.90 	5.39M 	2.50%
Apr 04, 2017 	120.00 	116.80 	120.40 	116.00 	5.14M 	2.74%
Apr 03, 2017 	116.80 	117.00 	117.60 	116.10 	2.10M 	-0.68%
Mar 31, 2017 	117.60 	118.50 	118.60 	117.60 	4.19M 	-0.76%
Mar 30, 2017 	118.50 	119.70 	119.70 	118.30 	2.26M 	-1.09%
Mar 29, 2017 	119.80 	121.50 	122.00 	119.00 	3.78M 	-1.40%
Mar 28, 2017 	121.50 	121.80 	122.50 	120.90 	1.83M 	1.25%
Mar 27, 2017 	120.00 	120.50 	121.20 	119.60 	1.86M 	0.00%
Mar 24, 2017 	120.00 	122.30 	124.00 	120.00 	2.05M 	-2.04%
Mar 23, 2017 	122.50 	123.10 	123.10 	122.40 	1.46M 	0.00%
Mar 22, 2017 	122.50 	124.50 	124.50 	122.00 	2.51M 	-2.00%
Mar 21, 2017 	125.00 	124.10 	126.10 	124.10 	2.78M 	0.81%
Mar 20, 2017 	124.00 	124.80 	125.10 	122.00 	1.97M 	-0.80%
Mar 17, 2017 	125.00 	123.30 	127.50 	123.00 	8.95M 	1.79%
Mar 16, 2017 	122.80 	122.20 	123.40 	122.20 	4.42M 	0.66%
Mar 15, 2017 	122.00 	122.30 	122.30 	121.00 	2.06M 	-0.25%
Mar 14, 2017 	122.30 	121.00 	123.10 	121.00 	1.77M 	0.33%
Mar 13, 2017 	121.90 	120.00 	121.90 	119.70 	2.21M 	1.25%
Mar 10, 2017 	120.40 	122.80 	123.10 	119.80 	3.13M 	-2.11%
Mar 09, 2017 	123.00 	122.80 	124.10 	122.70 	2.50M 	0.00%
Mar 08, 2017 	123.00 	121.50 	123.70 	121.50 	2.26M 	1.15%
Mar 07, 2017 	121.60 	119.00 	124.00 	118.50 	4.05M 	1.76%
Mar 06, 2017 	119.50 	117.60 	120.00 	117.20 	2.74M 	1.62%
Mar 03, 2017 	117.60 	117.50 	117.90 	117.00 	3.44M 	0.09%
Mar 02, 2017 	117.50 	116.20 	118.40 	116.20 	3.09M 	1.29%
Mar 01, 2017 	116.00 	115.10 	117.40 	115.10 	985.18K 	0.43%
Feb 28, 2017 	115.50 	117.50 	118.00 	114.60 	2.53M 	-2.12%
Feb 27, 2017 	118.00 	118.00 	119.00 	116.80 	846.06K 	0.00%
Feb 24, 2017 	118.00 	119.00 	119.20 	117.60 	1.88M 	-0.92%
Feb 23, 2017 	119.10 	116.00 	119.10 	114.80 	4.28M 	2.85%
Feb 22, 2017 	115.80 	115.40 	116.00 	113.50 	1.72M 	0.43%
Feb 21, 2017 	115.30 	116.40 	116.40 	114.00 	2.71M 	-0.95%
Feb 20, 2017 	116.40 	116.30 	117.10 	116.20 	1.81M 	0.17%
Feb 17, 2017 	116.20 	114.70 	117.40 	114.50 	3.20M 	1.04%
Feb 16, 2017 	115.00 	113.00 	115.40 	113.00 	2.37M 	1.77%
Feb 15, 2017 	113.00 	113.40 	113.40 	112.80 	1.40M 	-0.18%
Feb 14, 2017 	113.20 	114.00 	114.20 	112.40 	2.40M 	-1.05%
Feb 13, 2017 	114.40 	114.20 	115.00 	113.80 	1.86M 	-0.17%
Feb 10, 2017 	114.60 	114.80 	115.60 	114.50 	1.91M 	-0.17%
Feb 09, 2017 	114.80 	112.80 	114.80 	112.70 	1.42M 	1.06%
Feb 08, 2017 	113.60 	113.40 	114.30 	112.80 	3.07M 	-0.61%
Feb 07, 2017 	114.30 	113.20 	114.50 	113.00 	1.89M 	0.26%
Feb 06, 2017 	114.00 	114.50 	114.50 	113.50 	1.63M 	-0.44%
Feb 03, 2017 	114.50 	111.00 	114.50 	111.00 	1.94M 	2.23%
Feb 02, 2017 	112.00 	110.30 	113.00 	110.30 	3.18M 	1.36%
Feb 01, 2017 	110.50 	112.50 	113.00 	108.50 	3.34M 	-1.87%
Jan 31, 2017 	112.60 	113.00 	114.30 	112.00 	2.82M 	-1.92%
Jan 30, 2017 	114.80 	114.40 	115.50 	114.30 	1.09M 	0.26%
Jan 27, 2017 	114.50 	114.30 	115.20 	114.30 	516.31K 	-0.43%
Jan 26, 2017 	115.00 	112.60 	115.00 	112.00 	2.83M 	2.68%
Jan 25, 2017 	112.00 	113.00 	113.20 	112.00 	1.75M 	-0.88%
Jan 24, 2017 	113.00 	114.50 	114.50 	112.50 	1.88M 	-0.88%
Jan 23, 2017 	114.00 	110.50 	114.00 	110.00 	2.73M 	2.70%
Jan 20, 2017 	111.00 	110.80 	111.50 	110.40 	2.17M 	0.18%
Jan 19, 2017 	110.80 	110.80 	111.30 	110.60 	2.77M 	0.00%
Jan 18, 2017 	110.80 	111.60 	111.60 	110.50 	1.66M 	-0.63%
Jan 17, 2017 	111.50 	111.50 	112.10 	111.40 	1.75M 	-0.18%
Jan 16, 2017 	111.70 	111.90 	112.60 	110.80 	1.53M 	-0.71%
Jan 13, 2017 	112.50 	112.00 	112.70 	111.90 	711.15K 	-0.27%
Jan 12, 2017 	112.80 	112.00 	112.80 	111.70 	2.11M 	-0.18%
Jan 11, 2017 	113.00 	113.80 	115.00 	112.00 	1.61M 	-0.70%
Jan 10, 2017 	113.80 	114.50 	115.50 	113.50 	2.75M 	-0.87%
Jan 09, 2017 	114.80 	113.70 	114.80 	113.00 	1.68M 	0.97%
Jan 06, 2017 	113.70 	112.40 	115.00 	112.00 	3.06M 	1.52%
Jan 05, 2017 	112.00 	110.50 	112.00 	109.00 	4.91M 	2.01%
Jan 04, 2017 	109.79 	107.11 	111.03 	106.06 	7.83M 	2.59%
Jan 03, 2017 	107.02 	107.88 	107.97 	105.11 	924.74K 	-0.08%
Dec 29, 2016 	107.11 	107.02 	107.11 	106.06 	1.12M 	0.08%
Dec 28, 2016 	107.02 	102.53 	107.02 	102.53 	1.24M 	4.38%
Dec 27, 2016 	102.53 	102.24 	102.91 	101.29 	1.97M 	2.19%
Dec 23, 2016 	100.33 	98.99 	100.52 	98.99 	4.58M 	0.10%
Dec 22, 2016 	100.23 	100.62 	101.09 	98.80 	3.91M 	-1.97%
Dec 21, 2016 	102.24 	100.52 	102.72 	100.43 	2.02M 	1.80%
Dec 20, 2016 	100.43 	102.24 	103.20 	100.23 	4.18M 	-2.68%
Dec 19, 2016 	103.20 	106.06 	106.35 	102.24 	3.63M 	-2.70%
Dec 16, 2016 	106.06 	106.44 	107.50 	105.39 	3.66M 	-0.36%
Dec 15, 2016 	106.44 	108.45 	108.55 	106.06 	5.90M 	-2.20%
Dec 14, 2016 	108.83 	108.93 	108.93 	106.16 	1.07M 	-0.09%
Dec 13, 2016 	108.93 	106.73 	108.93 	105.11 	1.28M 	1.78%
Dec 12, 2016 	107.02 	109.69 	109.69 	106.83 	3.90M 	-2.43%
Dec 09, 2016 	109.69 	109.88 	110.08 	108.16 	2.69M 	-0.17%
Dec 08, 2016 	109.88 	109.88 	109.88 	108.74 	2.64M 	0.17%
Dec 07, 2016 	109.69 	108.07 	109.69 	107.02 	1.99M 	1.59%
Dec 06, 2016 	107.97 	108.93 	109.31 	107.21 	1.68M 	-0.88%
Dec 05, 2016 	108.93 	110.36 	110.36 	108.36 	1.12M 	-1.04%
Dec 02, 2016 	115.20 	114.20 	115.20 	114.20 	4.92M 	1.14%
Dec 01, 2016 	113.90 	114.50 	114.50 	112.20 	1.81M 	1.70%
Nov 29, 2016 	112.00 	113.10 	114.30 	112.00 	5.26M 	0.00%
Nov 28, 2016 	112.00 	112.00 	112.10 	111.40 	777.24K 	0.00%
Nov 25, 2016 	112.00 	112.00 	112.30 	110.90 	555.64K 	0.00%
Nov 24, 2016 	112.00 	111.80 	112.10 	111.40 	1.55M 	0.81%
Nov 23, 2016 	111.10 	110.90 	111.70 	110.50 	2.28M 	0.18%
Nov 22, 2016 	110.90 	111.00 	111.60 	110.00 	2.41M 	-0.81%
Nov 21, 2016 	111.80 	111.40 	112.00 	110.70 	1.93M 	0.36%
Nov 18, 2016 	111.40 	111.50 	111.80 	111.30 	749.86K 	-0.09%
Nov 17, 2016 	111.50 	111.50 	113.10 	110.90 	3.21M 	0.00%
Nov 16, 2016 	111.50 	109.90 	112.10 	109.90 	1.59M 	0.72%
Nov 15, 2016 	110.70 	108.20 	111.90 	108.20 	2.57M 	0.73%
Nov 14, 2016 	109.90 	108.00 	110.50 	108.00 	3.68M 	-0.54%
Nov 11, 2016 	110.50 	109.00 	110.50 	108.80 	3.77M 	0.18%
Nov 10, 2016 	110.30 	111.50 	112.90 	110.20 	2.48M 	0.18%
Nov 09, 2016 	110.10 	111.60 	112.00 	108.30 	2.59M 	-1.70%
Nov 08, 2016 	112.00 	111.30 	112.10 	110.50 	1.89M 	1.17%
Nov 07, 2016 	110.70 	110.70 	112.00 	108.40 	2.71M 	0.00%
Nov 04, 2016 	110.70 	111.50 	111.50 	110.00 	2.72M 	0.18%
Nov 03, 2016 	110.50 	109.00 	110.80 	106.30 	5.04M 	0.27%
Nov 02, 2016 	110.20 	110.00 	110.90 	109.90 	3.38M 	-2.30%
Oct 28, 2016 	112.80 	112.80 	112.80 	110.00 	1.61M 	0.00%
Oct 27, 2016 	112.80 	111.90 	113.90 	110.80 	1.26M 	0.80%
Oct 26, 2016 	111.90 	112.50 	113.90 	110.10 	2.22M 	-2.61%
Oct 25, 2016 	114.90 	111.50 	115.30 	111.50 	3.36M 	2.59%
Oct 24, 2016 	112.00 	112.00 	113.00 	111.60 	1.12M 	0.00%
Oct 21, 2016 	112.00 	115.10 	115.10 	112.00 	2.04M 	-2.69%
Oct 20, 2016 	115.10 	113.40 	115.80 	112.60 	2.62M 	0.96%
Oct 19, 2016 	114.00 	110.10 	114.10 	110.00 	5.55M 	3.64%
Oct 18, 2016 	110.00 	107.50 	110.00 	107.30 	3.97M 	2.33%
Oct 17, 2016 	107.50 	107.50 	108.00 	106.80 	3.23M 	0.00%
Oct 14, 2016 	107.50 	108.00 	108.50 	107.30 	1.97M 	1.42%
Oct 13, 2016 	106.00 	107.50 	107.80 	105.50 	1.67M 	-1.40%
Oct 12, 2016 	107.50 	109.30 	109.30 	107.00 	1.23M 	-1.92%
Oct 11, 2016 	109.60 	109.10 	110.10 	109.10 	8.20M 	0.46%
Oct 10, 2016 	109.10 	109.20 	110.10 	108.90 	1.07M 	0.09%
Oct 07, 2016 	109.00 	110.00 	110.20 	107.40 	2.52M 	-0.91%
Oct 06, 2016 	110.00 	110.10 	110.10 	109.80 	951.43K 	-0.09%
Oct 05, 2016 	110.10 	110.50 	110.50 	109.40 	1.23M 	-0.36%
Oct 04, 2016 	110.50 	110.30 	110.50 	110.00 	2.44M 	0.36%
Oct 03, 2016 	110.10 	110.00 	110.20 	109.70 	2.38M 	0.27%
Sep 30, 2016 	109.80 	108.30 	109.80 	107.70 	4.80M 	1.67%
Sep 29, 2016 	108.00 	106.90 	108.40 	105.30 	2.85M 	2.86%
Sep 28, 2016 	105.00 	104.00 	105.30 	104.00 	5.69M 	1.45%
Sep 27, 2016 	103.50 	106.90 	106.90 	103.30 	3.06M 	-3.27%
Sep 26, 2016 	107.00 	111.00 	111.00 	106.10 	2.51M 	-3.69%
Sep 23, 2016 	111.10 	111.00 	111.80 	110.30 	1.49M 	0.45%
Sep 22, 2016 	110.60 	110.50 	111.40 	110.50 	903.30K 	0.09%
Sep 21, 2016 	110.50 	111.30 	111.30 	110.00 	989.52K 	-0.90%
Sep 20, 2016 	111.50 	110.70 	112.00 	110.60 	635.06K 	0.90%
Sep 19, 2016 	110.50 	111.00 	111.20 	110.20 	1.26M 	-0.45%
Sep 16, 2016 	111.00 	111.30 	111.80 	108.50 	2.46M 	-1.77%
Sep 15, 2016 	113.00 	109.50 	113.00 	107.40 	3.05M 	3.67%
Sep 14, 2016 	109.00 	109.40 	110.30 	108.70 	2.12M 	-0.37%
Sep 13, 2016 	109.40 	111.40 	112.40 	109.40 	3.37M 	-1.88%
Sep 09, 2016 	111.50 	111.30 	112.90 	110.80 	1.59M 	0.18%
Sep 08, 2016 	111.30 	110.30 	112.50 	109.30 	2.07M 	0.91%
Sep 07, 2016 	110.30 	111.80 	111.90 	109.50 	2.88M 	-1.34%
Sep 06, 2016 	111.80 	111.90 	111.90 	109.90 	2.93M 	-0.18%
Sep 05, 2016 	112.00 	112.30 	112.40 	111.30 	2.11M 	-0.27%
Sep 02, 2016 	112.30 	112.80 	112.90 	111.60 	1.90M 	-1.49%
Sep 01, 2016 	114.00 	113.00 	114.00 	110.70 	2.05M 	-0.26%
Aug 31, 2016 	114.30 	112.00 	114.30 	110.90 	2.39M 	2.05%
Aug 30, 2016 	112.00 	113.80 	113.80 	111.40 	3.04M 	-1.58%
Aug 26, 2016 	113.80 	113.00 	114.20 	112.60 	1.38M 	0.71%
Aug 25, 2016 	113.00 	114.30 	114.30 	112.10 	1.99M 	-1.14%
Aug 24, 2016 	114.30 	115.00 	115.00 	112.60 	1.46M 	-0.61%
Aug 23, 2016 	115.00 	114.60 	115.00 	113.60 	1.27M 	0.26%
Aug 22, 2016 	114.70 	113.30 	115.00 	113.30 	802.66K 	1.33%
Aug 19, 2016 	113.20 	113.90 	113.90 	111.30 	2.29M 	-0.61%
Aug 18, 2016 	113.90 	113.70 	115.00 	113.70 	998.93K 	-0.09%
Aug 17, 2016 	114.00 	114.00 	114.20 	113.20 	1.66M 	-0.87%
Aug 16, 2016 	115.00 	114.00 	115.00 	113.80 	1.42M 	0.88%
Aug 15, 2016 	114.00 	116.10 	116.10 	112.90 	2.86M 	-2.23%
Aug 12, 2016 	116.60 	119.00 	119.00 	116.00 	1.34M 	-1.44%
Aug 11, 2016 	118.30 	119.50 	119.50 	117.90 	2.64M 	-1.00%
Aug 10, 2016 	119.50 	117.00 	119.50 	116.00 	2.41M 	2.40%
Aug 09, 2016 	116.70 	116.50 	117.50 	115.80 	1.62M 	1.04%
Aug 08, 2016 	115.50 	115.00 	116.80 	114.90 	1.51M 	0.43%
Aug 05, 2016 	115.00 	114.80 	115.30 	114.70 	1.07M 	0.17%
Aug 04, 2016 	114.80 	114.10 	116.00 	114.10 	1.22M 	0.70%
Aug 03, 2016 	114.00 	117.00 	117.00 	113.50 	2.88M 	-2.56%
Aug 02, 2016 	117.00 	115.00 	117.40 	114.90 	3.20M 	2.01%
Aug 01, 2016 	114.70 	115.40 	115.40 	113.50 	2.19M 	1.33%
Jul 29, 2016 	113.20 	114.50 	115.40 	113.20 	2.16M 	-0.96%
Jul 28, 2016 	114.30 	114.00 	114.30 	113.50 	1.73M 	0.00%
Jul 27, 2016 	114.30 	114.50 	114.70 	114.10 	838.87K 	-0.17%
Jul 26, 2016 	114.50 	114.40 	114.90 	113.60 	4.17M 	0.09%
Jul 25, 2016 	114.40 	114.20 	115.50 	114.00 	1.55M 	0.18%
Jul 22, 2016 	114.20 	114.90 	115.70 	114.00 	2.18M 	-0.70%
Jul 21, 2016 	115.00 	115.80 	115.80 	114.60 	2.00M 	-0.69%
Jul 20, 2016 	115.80 	115.30 	115.80 	115.00 	1.46M 	0.43%
Jul 19, 2016 	115.30 	114.30 	115.50 	114.00 	1.35M 	0.79%
Jul 18, 2016 	114.40 	114.00 	114.50 	113.50 	1.09M 	0.35%
Jul 15, 2016 	114.00 	113.00 	114.90 	112.90 	1.82M 	0.88%
Jul 14, 2016 	113.00 	113.40 	114.00 	112.70 	1.91M 	-0.35%
Jul 13, 2016 	113.40 	115.50 	115.60 	113.30 	3.04M 	-1.22%
Jul 12, 2016 	114.80 	115.20 	115.50 	114.50 	1.63M 	-0.35%
Jul 11, 2016 	115.20 	113.60 	115.30 	113.60 	2.18M 	2.13%
Jul 08, 2016 	112.80 	112.80 	113.50 	112.60 	1.03M 	0.00%
Jul 07, 2016 	112.80 	113.00 	113.30 	111.80 	2.51M 	0.71%
Jul 05, 2016 	112.00 	114.50 	115.00 	111.90 	1.93M 	-2.18%
Jul 04, 2016 	114.50 	114.00 	114.50 	113.20 	2.03M 	0.44%
Jul 01, 2016 	114.00 	112.80 	115.20 	112.80 	1.82M 	1.79%
Jun 30, 2016 	112.00 	110.80 	116.60 	110.80 	6.43M 	1.27%
Jun 29, 2016 	110.60 	109.00 	110.80 	109.00 	2.31M 	1.75%
Jun 28, 2016 	108.70 	110.00 	110.10 	107.90 	880.97K 	-1.18%
Jun 27, 2016 	110.00 	106.50 	110.00 	104.60 	1.21M 	2.80%
Jun 24, 2016 	107.00 	110.00 	110.50 	105.80 	1.88M 	-2.28%
Jun 23, 2016 	109.50 	109.50 	109.60 	109.20 	1.42M 	0.00%
Jun 22, 2016 	109.50 	110.00 	110.00 	109.00 	1.66M 	-0.45%
Jun 21, 2016 	110.00 	109.00 	110.10 	108.70 	3.56M 	1.29%
Jun 20, 2016 	108.60 	108.70 	108.90 	107.80 	1.83M 	-0.09%
Jun 17, 2016 	108.70 	107.60 	108.90 	106.50 	2.07M 	2.45%
Jun 16, 2016 	106.10 	104.00 	106.80 	103.90 	1.47M 	2.02%
Jun 15, 2016 	104.00 	102.90 	104.50 	102.90 	1.82M 	1.07%
Jun 14, 2016 	102.90 	104.00 	104.30 	102.80 	1.58M 	-1.06%
Jun 13, 2016 	104.00 	103.50 	104.00 	101.10 	2.69M 	0.48%
Jun 10, 2016 	103.50 	107.00 	107.40 	103.00 	1.58M 	-1.33%
Jun 09, 2016 	104.90 	109.00 	109.30 	104.90 	1.97M 	-3.76%
Jun 08, 2016 	109.00 	109.00 	110.00 	108.80 	3.69M 	0.93%
Jun 07, 2016 	108.00 	106.10 	109.00 	106.00 	5.10M 	2.18%
Jun 06, 2016 	105.70 	105.00 	106.00 	104.30 	2.85M 	1.63%
Jun 03, 2016 	104.00 	104.00 	104.50 	103.20 	2.15M 	1.46%
Jun 02, 2016 	102.50 	103.90 	105.30 	102.50 	1.99M 	-1.35%
Jun 01, 2016 	103.90 	101.80 	104.20 	101.80 	1.39M 	2.87%
May 31, 2016 	101.00 	103.00 	104.40 	100.00 	8.20M 	-1.66%
May 30, 2016 	102.70 	104.00 	104.20 	100.70 	1.63M 	-1.25%
May 27, 2016 	104.00 	103.90 	104.30 	103.40 	1.74M 	0.10%
May 26, 2016 	103.90 	104.00 	104.00 	102.10 	929.61K 	0.00%
May 25, 2016 	103.90 	103.00 	104.30 	103.00 	1.97M 	0.87%
May 24, 2016 	103.00 	102.50 	103.20 	102.40 	1.39M 	0.49%
May 23, 2016 	102.50 	102.10 	103.00 	100.70 	993.66K 	0.49%
May 20, 2016 	102.00 	103.00 	104.20 	101.90 	2.04M 	-2.86%
May 19, 2016 	105.00 	105.00 	105.50 	104.70 	1.61M 	0.00%
May 18, 2016 	105.00 	104.00 	105.40 	104.00 	5.21M 	0.96%
May 17, 2016 	104.00 	103.60 	104.30 	103.10 	2.50M 	0.29%
May 16, 2016 	103.70 	103.00 	104.10 	102.00 	1.10M 	-0.29%
May 13, 2016 	104.00 	103.00 	104.70 	102.90 	3.92M 	1.56%
May 12, 2016 	102.40 	103.10 	103.10 	101.50 	1.02M 	-0.58%
May 11, 2016 	103.00 	99.60 	104.00 	99.55 	3.56M 	3.52%
May 10, 2016 	99.50 	99.30 	99.50 	98.50 	4.97M 	0.00%
May 06, 2016 	99.50 	99.00 	100.00 	98.50 	3.71M 	-0.80%
May 05, 2016 	100.30 	98.65 	100.30 	98.55 	1.94M 	0.30%
May 04, 2016 	100.00 	99.65 	100.00 	98.00 	3.35M 	0.35%
May 03, 2016 	99.65 	99.95 	100.00 	99.00 	2.35M 	-0.30%
May 02, 2016 	99.95 	99.00 	99.95 	97.00 	1.14M 	-0.05%
Apr 29, 2016 	100.00 	99.40 	100.00 	98.80 	2.87M 	0.50%
Apr 28, 2016 	99.50 	99.50 	99.95 	99.00 	3.47M 	0.00%
Apr 27, 2016 	99.50 	99.00 	99.50 	98.45 	2.89M 	0.00%
Apr 26, 2016 	99.50 	101.00 	101.00 	98.50 	5.59M 	-1.97%
Apr 25, 2016 	101.50 	103.60 	103.60 	101.40 	2.71M 	-2.12%
Apr 22, 2016 	103.70 	104.00 	104.50 	103.00 	1.53M 	-0.29%
Apr 21, 2016 	104.00 	103.10 	104.00 	102.50 	1.96M 	0.87%
Apr 20, 2016 	103.10 	103.00 	104.00 	102.80 	793.27K 	0.19%
Apr 19, 2016 	102.90 	102.40 	103.00 	102.30 	1.27M 	0.49%
Apr 18, 2016 	102.40 	103.00 	103.50 	102.00 	901.33K 	-1.06%
Apr 15, 2016 	103.50 	104.40 	104.40 	103.50 	425.42K 	-0.86%
Apr 14, 2016 	104.40 	104.50 	105.00 	104.20 	1.58M 	-0.57%
Apr 13, 2016 	105.00 	103.50 	105.00 	102.90 	2.53M 	1.94%
Apr 12, 2016 	103.00 	102.50 	103.30 	102.30 	2.02M 	0.49%
Apr 11, 2016 	102.50 	102.20 	102.90 	102.20 	1.12M 	0.49%
Apr 08, 2016 	102.00 	101.90 	102.50 	100.90 	2.22M 	0.00%
Apr 07, 2016 	102.00 	101.10 	102.80 	101.10 	2.16M 	0.89%
Apr 06, 2016 	101.10 	101.50 	101.70 	100.20 	1.70M 	-0.39%
Apr 05, 2016 	101.50 	102.00 	102.20 	101.20 	1.95M 	-0.20%
Apr 04, 2016 	101.70 	102.10 	102.20 	101.20 	2.83M 	-0.29%
Apr 01, 2016 	102.00 	103.00 	103.20 	100.90 	1.80M 	-0.29%
Mar 31, 2016 	102.30 	105.80 	105.80 	102.20 	2.54M 	-2.29%
Mar 30, 2016 	104.70 	105.00 	106.00 	104.60 	2.78M 	0.38%
Mar 29, 2016 	104.30 	105.00 	105.00 	104.20 	2.18M 	-0.67%
Mar 28, 2016 	105.00 	106.30 	106.30 	105.00 	1.63M 	-1.22%
Mar 23, 2016 	106.30 	104.90 	107.00 	104.70 	3.03M 	1.24%
Mar 22, 2016 	105.00 	104.90 	105.80 	104.50 	2.42M 	0.10%
Mar 21, 2016 	104.90 	105.80 	106.00 	104.90 	2.82M 	0.87%
Mar 18, 2016 	104.00 	104.50 	105.50 	103.50 	5.66M 	-0.29%
Mar 17, 2016 	104.30 	104.00 	105.90 	103.90 	2.38M 	0.29%
Mar 16, 2016 	104.00 	104.00 	105.50 	103.50 	806.54K 	0.00%
Mar 15, 2016 	104.00 	104.00 	105.50 	103.60 	2.16M 	-0.29%
Mar 14, 2016 	104.30 	105.00 	106.30 	104.30 	2.47M 	-0.67%
Mar 11, 2016 	105.00 	102.50 	105.00 	101.00 	3.94M 	2.44%
Mar 10, 2016 	102.50 	101.40 	103.00 	101.40 	3.99M 	1.49%
Mar 09, 2016 	101.00 	100.50 	102.30 	100.50 	3.11M 	0.50%
Mar 08, 2016 	100.50 	100.70 	100.70 	100.00 	1.39M 	-0.20%
Mar 07, 2016 	100.70 	100.00 	100.70 	99.70 	4.26M 	1.72%
Mar 04, 2016 	99.00 	98.55 	99.65 	98.55 	2.81M 	0.51%
Mar 03, 2016 	98.50 	100.20 	100.20 	98.50 	2.58M 	-1.40%
Mar 02, 2016 	99.90 	100.50 	101.50 	99.80 	4.45M 	0.45%
Mar 01, 2016 	99.45 	99.50 	99.95 	98.90 	2.06M 	0.45%
Feb 29, 2016 	99.00 	98.75 	99.90 	98.60 	2.85M 	0.00%
Feb 26, 2016 	99.00 	98.80 	99.00 	97.05 	2.50M 	0.05%
Feb 24, 2016 	98.95 	100.00 	100.00 	97.75 	683.55K 	-1.05%
Feb 23, 2016 	100.00 	100.00 	100.20 	99.05 	1.75M 	0.00%
Feb 22, 2016 	100.00 	100.90 	100.90 	99.50 	761.87K 	-0.99%
Feb 19, 2016 	101.00 	102.00 	102.00 	99.95 	2.23M 	-0.49%
Feb 18, 2016 	101.50 	100.20 	101.50 	99.65 	2.36M 	2.01%
Feb 17, 2016 	99.50 	99.30 	99.80 	98.70 	2.57M 	0.45%
Feb 16, 2016 	99.05 	99.00 	99.50 	98.60 	2.41M 	0.87%
Feb 15, 2016 	98.20 	99.65 	100.00 	98.00 	2.46M 	-1.31%
Feb 12, 2016 	99.50 	99.45 	100.20 	98.30 	3.48M 	0.00%
Feb 11, 2016 	99.50 	100.00 	100.00 	98.90 	670.92K 	0.00%
Feb 10, 2016 	99.50 	96.90 	100.00 	96.90 	2.96M 	3.43%
Feb 09, 2016 	96.20 	100.90 	100.90 	96.20 	342.83K 	-4.75%
Feb 05, 2016 	101.00 	101.40 	101.40 	99.10 	3.14M 	2.02%
Feb 04, 2016 	99.00 	98.00 	99.90 	97.65 	3.69M 	1.54%
Feb 03, 2016 	97.50 	99.45 	99.65 	97.45 	2.86M 	-2.50%
Feb 02, 2016 	100.00 	101.60 	101.60 	99.40 	3.02M 	-2.53%
Feb 01, 2016 	102.60 	102.00 	103.00 	100.70 	2.70M 	0.59%
Jan 29, 2016 	102.00 	100.00 	102.00 	99.85 	5.22M 	2.51%
Jan 28, 2016 	99.50 	99.10 	99.85 	98.00 	2.76M 	0.35%
Jan 27, 2016 	99.15 	95.50 	99.30 	95.50 	1.87M 	3.82%
Jan 26, 2016 	95.50 	97.85 	98.70 	95.40 	2.26M 	-3.73%
Jan 25, 2016 	99.20 	96.10 	99.20 	96.10 	819.44K 	2.80%
Jan 22, 2016 	96.50 	94.50 	97.20 	94.50 	1.54M 	2.22%
Jan 21, 2016 	94.40 	93.50 	94.40 	93.05 	2.77M 	-1.15%
Jan 20, 2016 	95.50 	95.75 	96.00 	93.90 	2.48M 	-0.31%
Jan 19, 2016 	95.80 	95.90 	96.80 	95.00 	874.11K 	-0.10%
Jan 18, 2016 	95.90 	97.05 	97.05 	94.50 	1.51M 	-2.14%
Jan 15, 2016 	98.00 	98.10 	98.30 	97.80 	2.83M 	0.00%
Jan 14, 2016 	98.00 	97.00 	98.10 	95.10 	2.24M 	0.00%
Jan 13, 2016 	98.00 	96.20 	98.90 	96.00 	1.93M 	2.19%
Jan 12, 2016 	95.90 	95.05 	98.40 	95.05 	728.08K 	0.95%
Jan 11, 2016 	95.00 	99.50 	99.50 	94.50 	3.36M 	-4.52%
Jan 08, 2016 	99.50 	101.80 	101.80 	99.50 	2.40M 	-2.45%
Jan 07, 2016 	102.00 	103.80 	103.80 	102.00 	1.33M 	-1.35%
Jan 06, 2016 	103.40 	103.80 	103.90 	102.10 	1.62M 	-0.10%
Jan 05, 2016 	103.50 	101.90 	103.60 	100.90 	1.63M 	1.57%
Jan 04, 2016 	101.90 	106.00 	106.00 	101.90 	551.00K 	-2.95%
Dec 29, 2015 	105.00 	104.00 	105.00 	102.60 	2.54M 	0.10%
Dec 28, 2015 	104.90 	100.80 	104.90 	100.80 	1.35M 	-0.10%
Dec 23, 2015 	105.00 	105.00 	105.50 	104.80 	1.44M 	0.19%
Dec 22, 2015 	104.80 	103.50 	104.80 	103.20 	1.47M 	1.26%
Dec 21, 2015 	103.50 	103.00 	104.20 	102.70 	892.51K 	0.49%
Dec 18, 2015 	103.00 	104.50 	104.50 	101.60 	2.90M 	-1.44%
Dec 17, 2015 	104.50 	100.90 	104.50 	100.90 	1.88M 	4.50%
Dec 16, 2015 	100.00 	100.00 	100.70 	99.80 	1.03M 	0.00%
Dec 15, 2015 	100.00 	99.70 	100.90 	98.30 	1.83M 	2.04%
Dec 14, 2015 	98.00 	100.20 	100.20 	97.90 	3.39M 	-2.20%
Dec 11, 2015 	100.20 	101.00 	101.00 	99.10 	2.48M 	-0.50%
Dec 10, 2015 	100.70 	100.70 	101.00 	99.90 	1.30M 	0.20%
Dec 09, 2015 	100.50 	99.80 	101.00 	99.80 	665.48K 	1.41%
Dec 08, 2015 	99.10 	100.50 	100.50 	99.10 	1.49M 	-2.27%
Dec 07, 2015 	101.40 	102.00 	102.90 	100.40 	746.61K 	-0.10%
Dec 04, 2015 	101.50 	102.00 	103.10 	100.80 	1.75M 	-0.49%
Dec 03, 2015 	102.00 	102.80 	102.80 	101.20 	1.78M 	-1.07%
Dec 02, 2015 	103.10 	105.00 	105.70 	103.10 	1.59M 	-2.27%
Dec 01, 2015 	105.50 	105.00 	106.20 	102.80 	3.73M 	4.46%
Nov 27, 2015 	101.00 	104.00 	104.00 	100.70 	4.96M 	-3.07%
Nov 26, 2015 	104.20 	104.00 	104.70 	103.00 	2.59M 	0.19%
Nov 25, 2015 	104.00 	102.00 	104.00 	101.70 	1.32M 	2.46%
Nov 24, 2015 	101.50 	99.60 	101.80 	99.60 	1.60M 	2.22%
Nov 23, 2015 	99.30 	99.25 	99.90 	99.20 	2.79M 	0.05%
Nov 20, 2015 	99.25 	101.00 	101.00 	99.25 	2.40M 	-0.25%
Nov 17, 2015 	99.50 	100.50 	101.40 	99.20 	2.55M 	0.35%
Nov 16, 2015 	99.15 	100.00 	100.40 	99.00 	2.59M 	-2.32%
Nov 13, 2015 	101.50 	100.00 	101.50 	99.45 	3.01M 	1.50%
Nov 12, 2015 	100.00 	101.20 	102.00 	100.00 	2.02M 	-0.50%
Nov 11, 2015 	100.50 	100.50 	101.00 	99.50 	3.04M 	0.00%
Nov 10, 2015 	100.50 	101.10 	101.20 	100.20 	2.71M 	-1.47%
Nov 09, 2015 	102.00 	102.50 	102.50 	101.00 	1.38M 	0.00%
Nov 06, 2015 	102.00 	100.80 	103.10 	100.70 	2.36M 	1.80%
Nov 05, 2015 	100.20 	101.60 	101.70 	99.60 	7.58M 	-1.18%
Nov 04, 2015 	101.40 	102.60 	102.60 	99.80 	4.57M 	-1.55%
Nov 03, 2015 	103.00 	103.00 	103.50 	102.50 	1.96M 	0.00%
Nov 02, 2015 	103.00 	101.70 	103.00 	101.70 	2.54M 	1.28%
Oct 30, 2015 	101.70 	102.00 	102.50 	100.80 	3.51M 	-0.20%
Oct 29, 2015 	101.90 	104.00 	105.00 	101.50 	3.49M 	-2.02%
Oct 28, 2015 	104.00 	104.00 	104.50 	103.20 	2.91M 	0.00%
Oct 27, 2015 	104.00 	103.80 	106.00 	103.10 	2.84M 	0.19%
Oct 26, 2015 	103.80 	108.80 	109.00 	103.50 	2.92M 	-3.44%
Oct 23, 2015 	107.50 	105.50 	108.50 	105.00 	2.81M 	3.37%
Oct 22, 2015 	104.00 	103.00 	104.30 	102.50 	2.28M 	1.17%
Oct 21, 2015 	102.80 	102.70 	103.40 	102.50 	2.84M 	0.10%
Oct 20, 2015 	102.70 	102.80 	103.40 	102.20 	2.27M 	-0.96%
Oct 19, 2015 	103.70 	104.00 	104.60 	103.10 	2.42M 	0.58%
Oct 16, 2015 	103.10 	105.50 	105.80 	102.10 	2.48M 	-1.62%
Oct 15, 2015 	104.80 	103.50 	105.50 	103.00 	1.67M 	1.75%
Oct 14, 2015 	103.00 	103.10 	104.70 	102.80 	1.05M 	0.00%
Oct 13, 2015 	103.00 	106.50 	106.50 	103.00 	2.48M 	-3.29%
Oct 12, 2015 	106.50 	108.60 	109.00 	105.80 	1.68M 	-1.84%
Oct 09, 2015 	108.50 	109.00 	109.00 	107.00 	670.30K 	-0.46%
Oct 08, 2015 	109.00 	109.00 	109.00 	107.90 	895.99K 	0.00%
Oct 07, 2015 	109.00 	106.70 	109.00 	106.00 	2.31M 	0.09%
Oct 06, 2015 	108.90 	106.50 	108.90 	106.40 	2.94M 	2.74%
Oct 05, 2015 	106.00 	104.90 	106.60 	104.00 	3.42M 	0.95%
Oct 02, 2015 	105.00 	105.00 	105.90 	104.00 	3.20M 	0.00%
Oct 01, 2015 	105.00 	103.50 	105.00 	102.90 	2.81M 	1.45%
Sep 30, 2015 	103.50 	102.80 	103.50 	101.40 	3.19M 	1.47%
Sep 29, 2015 	102.00 	100.00 	102.00 	98.00 	3.88M 	0.00%
Sep 28, 2015 	102.00 	103.20 	103.30 	101.00 	2.82M 	-0.97%
Sep 24, 2015 	103.00 	103.10 	103.60 	99.95 	2.46M 	0.98%
Sep 23, 2015 	102.00 	102.00 	103.50 	101.00 	4.49M 	-1.54%
Sep 22, 2015 	103.60 	103.20 	104.70 	103.20 	2.92M 	0.58%
Sep 21, 2015 	103.00 	103.20 	103.20 	102.10 	8.65M 	0.00%
Sep 18, 2015 	103.00 	102.00 	103.40 	101.80 	2.47M 	1.38%
Sep 17, 2015 	101.60 	100.20 	101.60 	99.85 	3.16M 	1.75%
Sep 16, 2015 	99.85 	99.45 	100.50 	99.40 	2.50M 	1.37%
Sep 15, 2015 	98.50 	98.00 	99.25 	97.30 	3.91M 	1.34%
Sep 14, 2015 	97.20 	96.25 	97.90 	96.25 	2.58M 	1.14%
Sep 11, 2015 	96.10 	96.95 	96.95 	95.60 	1.38M 	-0.88%
Sep 10, 2015 	96.95 	95.80 	96.95 	94.55 	3.01M 	2.43%
Sep 09, 2015 	94.65 	95.00 	95.55 	93.85 	2.16M 	1.23%
Sep 08, 2015 	93.50 	93.50 	94.00 	90.50 	2.89M 	0.00%
Sep 07, 2015 	93.50 	94.40 	94.40 	93.00 	2.97M 	-0.95%
Sep 04, 2015 	94.40 	96.95 	97.10 	94.15 	2.59M 	-2.68%
Sep 03, 2015 	97.00 	98.40 	98.55 	96.00 	3.15M 	-1.02%
Sep 02, 2015 	98.00 	97.00 	98.10 	95.00 	2.55M 	0.36%
Sep 01, 2015 	97.65 	97.00 	98.45 	96.60 	4.97M 	-0.86%
Aug 28, 2015 	98.50 	97.50 	98.90 	97.25 	4.59M 	1.55%
Aug 27, 2015 	97.00 	93.50 	97.00 	93.50 	10.12M 	4.30%
Aug 26, 2015 	93.00 	92.50 	93.15 	91.65 	6.71M 	-1.17%
Aug 25, 2015 	94.10 	91.00 	95.00 	91.00 	6.38M 	-0.95%
Aug 24, 2015 	95.00 	97.50 	97.50 	90.90 	6.35M 	-3.99%
Aug 20, 2015 	98.95 	99.80 	99.95 	98.00 	2.64M 	-1.05%
Aug 19, 2015 	100.00 	99.70 	100.90 	99.50 	2.72M 	-0.99%
Aug 18, 2015 	101.00 	99.90 	101.00 	99.70 	2.17M 	1.10%
Aug 17, 2015 	99.90 	103.00 	103.00 	99.40 	3.11M 	-3.01%
Aug 14, 2015 	103.00 	101.00 	103.20 	100.00 	1.82M 	0.00%
Aug 13, 2015 	103.00 	103.00 	103.00 	99.50 	5.55M 	0.98%
Aug 12, 2015 	102.00 	103.90 	103.90 	101.10 	4.06M 	-1.92%
Aug 11, 2015 	104.00 	102.00 	104.00 	102.00 	3.68M 	0.39%
Aug 10, 2015 	103.60 	102.00 	104.10 	102.00 	2.40M 	1.57%
Aug 07, 2015 	102.00 	103.60 	103.90 	101.00 	959.78K 	-1.54%
Aug 06, 2015 	103.60 	104.00 	104.20 	102.00 	2.91M 	-0.38%
Aug 05, 2015 	104.00 	102.50 	104.90 	102.50 	4.58M 	1.46%
Aug 04, 2015 	102.50 	100.60 	103.90 	100.20 	1.73M 	1.89%
Aug 03, 2015 	100.60 	100.90 	102.20 	100.20 	1.55M 	0.20%
Jul 31, 2015 	100.40 	99.95 	100.40 	99.45 	3.30M 	0.90%
Jul 30, 2015 	99.50 	100.00 	100.20 	99.50 	1.30M 	0.00%
Jul 29, 2015 	99.50 	98.90 	99.50 	98.20 	5.14M 	0.91%
Jul 28, 2015 	98.60 	101.00 	101.10 	98.60 	3.50M 	-2.86%
Jul 27, 2015 	101.50 	104.90 	104.90 	101.10 	5.66M 	-3.24%
Jul 24, 2015 	104.90 	105.00 	105.00 	104.50 	1.62M 	-0.10%
Jul 23, 2015 	105.00 	105.00 	105.20 	104.00 	3.02M 	-0.10%
Jul 22, 2015 	105.10 	105.00 	105.10 	104.40 	1.96M 	0.10%
Jul 21, 2015 	105.00 	103.60 	105.50 	103.60 	4.36M 	1.45%
Jul 20, 2015 	103.50 	105.00 	105.10 	103.20 	69.52M 	-1.43%
Jul 16, 2015 	105.00 	104.00 	105.20 	104.00 	2.91M 	0.00%
Jul 15, 2015 	105.00 	104.00 	105.10 	103.50 	7.96M 	0.96%
Jul 14, 2015 	104.00 	103.70 	106.20 	103.70 	3.96M 	0.78%
Jul 13, 2015 	103.20 	103.70 	104.20 	102.20 	3.34M 	0.10%
Jul 10, 2015 	103.10 	104.00 	104.90 	103.10 	3.30M 	-0.87%
Jul 09, 2015 	104.00 	103.50 	104.70 	102.50 	3.71M 	-0.10%
Jul 08, 2015 	104.10 	104.60 	104.99 	102.71 	3.23M 	-0.48%
Jul 07, 2015 	104.60 	105.69 	105.98 	103.80 	3.45M 	-0.94%
Jul 06, 2015 	105.59 	107.07 	107.57 	105.19 	2.81M 	-1.38%
Jul 03, 2015 	107.07 	107.07 	108.76 	107.07 	1.33M 	-0.28%
Jul 02, 2015 	107.37 	107.37 	109.06 	107.17 	2.09M 	0.00%
Jul 01, 2015 	107.37 	106.08 	107.87 	105.09 	2.88M 	-0.09%
Jun 30, 2015 	107.47 	106.08 	108.16 	105.69 	2.88M 	0.28%
Jun 29, 2015 	107.17 	108.07 	108.16 	106.38 	1.14M 	-0.74%
Jun 26, 2015 	107.97 	106.88 	109.55 	106.88 	1.93M 	1.02%
Jun 25, 2015 	106.88 	108.56 	108.56 	106.08 	2.98M 	-2.00%
Jun 24, 2015 	109.06 	109.75 	110.05 	107.97 	2.65M 	-0.63%
Jun 23, 2015 	109.75 	109.16 	110.45 	109.16 	2.79M 	0.63%
Jun 22, 2015 	109.06 	108.66 	109.95 	108.07 	2.72M 	0.18%
Jun 19, 2015 	108.86 	109.06 	109.45 	108.46 	4.84M 	-0.09%
Jun 18, 2015 	108.96 	107.47 	109.16 	107.47 	2.10M 	1.39%
Jun 17, 2015 	107.47 	106.18 	108.16 	105.29 	4.51M 	1.21%
Jun 16, 2015 	106.18 	106.08 	106.98 	105.98 	3.83M 	0.19%
Jun 15, 2015 	105.98 	107.57 	107.57 	104.99 	3.46M 	-1.48%
Jun 11, 2015 	107.57 	107.07 	108.16 	107.07 	1.55M 	0.47%
Jun 10, 2015 	107.07 	105.19 	107.37 	105.19 	1.66M 	1.88%
Jun 09, 2015 	105.09 	105.79 	106.08 	104.60 	3.37M 	-2.40%
Jun 08, 2015 	107.67 	105.39 	108.07 	105.29 	958.38K 	1.50%
Jun 05, 2015 	106.08 	106.38 	106.58 	105.59 	3.52M 	-0.28%
Jun 04, 2015 	106.38 	107.07 	107.07 	105.39 	1.21M 	-0.64%
Jun 03, 2015 	107.07 	106.08 	107.07 	105.09 	2.22M 	-0.09%
Jun 02, 2015 	107.17 	108.07 	110.05 	105.88 	3.08M 	-2.62%
Jun 01, 2015 	110.05 	109.06 	110.05 	106.08 	2.58M 	2.78%
May 29, 2015 	107.07 	106.08 	109.16 	105.49 	7.55M 	1.88%
May 28, 2015 	105.09 	110.64 	111.04 	104.69 	6.04M 	-5.02%
May 27, 2015 	110.64 	112.03 	112.53 	110.25 	3.02M 	-2.02%
May 26, 2015 	112.92 	113.12 	113.12 	110.64 	2.73M 	-0.35%
May 25, 2015 	113.32 	115.50 	115.50 	112.92 	1.37M 	-1.38%
May 22, 2015 	114.91 	115.90 	116.00 	114.21 	1.29M 	-0.09%
May 21, 2015 	115.01 	114.01 	115.30 	113.92 	3.77M 	0.88%
May 20, 2015 	114.01 	115.90 	116.00 	114.01 	5.27M 	-1.46%
May 19, 2015 	115.70 	115.80 	116.49 	113.02 	2.59M 	-0.09%
May 18, 2015 	115.80 	114.01 	115.90 	113.72 	2.11M 	1.57%
May 15, 2015 	114.01 	113.02 	114.41 	112.23 	2.67M 	0.88%
May 14, 2015 	113.02 	111.63 	113.02 	110.64 	5.89M 	1.25%
May 13, 2015 	111.63 	109.26 	111.93 	109.26 	2.60M 	1.44%
May 12, 2015 	110.05 	110.05 	110.74 	109.55 	1.15M 	-0.62%
May 11, 2015 	110.74 	110.15 	110.94 	110.05 	2.00M 	0.44%
May 08, 2015 	110.25 	108.56 	110.25 	108.56 	1.83M 	0.91%
May 07, 2015 	109.26 	109.06 	109.65 	107.67 	10.78M 	-0.72%
May 06, 2015 	110.05 	111.54 	111.54 	109.16 	3.65M 	-1.34%
May 05, 2015 	111.54 	110.05 	112.03 	109.45 	4.45M 	1.91%
May 04, 2015 	109.45 	108.16 	110.54 	105.49 	2.80M 	1.28%
Apr 30, 2015 	108.07 	110.45 	110.45 	105.19 	8.94M 	-0.91%
Apr 29, 2015 	109.06 	111.04 	111.04 	107.17 	6.18M 	-1.78%
Apr 28, 2015 	111.04 	114.51 	114.61 	109.95 	5.96M 	-3.03%
Apr 27, 2015 	114.51 	116.49 	116.59 	114.01 	5.46M 	-1.70%
Apr 24, 2015 	116.49 	115.10 	116.59 	115.10 	4.08M 	1.29%
Apr 23, 2015 	115.01 	114.01 	116.89 	113.72 	2.49M 	1.22%
Apr 22, 2015 	113.62 	115.01 	115.01 	112.53 	4.74M 	-1.54%
Apr 21, 2015 	115.40 	116.49 	116.49 	114.71 	5.05M 	-0.52%
Apr 20, 2015 	116.00 	115.50 	116.49 	115.30 	2.93M 	-1.26%
Apr 17, 2015 	117.48 	116.99 	117.48 	115.20 	3.69M 	0.42%
Apr 16, 2015 	116.99 	116.99 	117.48 	114.51 	4.19M 	0.00%
Apr 15, 2015 	116.99 	118.38 	118.38 	114.01 	2.90M 	-0.42%
Apr 14, 2015 	117.48 	118.97 	119.27 	117.48 	2.78M 	-1.25%
Apr 13, 2015 	118.97 	118.77 	118.97 	116.79 	2.95M 	0.17%
Apr 10, 2015 	118.77 	117.48 	119.07 	116.69 	4.80M 	1.10%
Apr 08, 2015 	117.48 	118.87 	118.87 	117.19 	3.86M 	-1.17%
Apr 07, 2015 	118.87 	120.26 	121.45 	118.08 	2.14M 	-0.91%
Apr 06, 2015 	119.96 	121.95 	121.95 	119.57 	2.86M 	-1.63%
Apr 01, 2015 	121.95 	122.94 	122.94 	120.66 	2.24M 	-0.56%
Mar 31, 2015 	122.64 	121.95 	123.33 	121.65 	4.48M 	1.31%
Mar 30, 2015 	121.05 	121.45 	122.44 	120.66 	2.26M 	0.49%
Mar 27, 2015 	120.46 	118.67 	120.46 	118.67 	2.72M 	1.34%
Mar 26, 2015 	118.87 	119.47 	119.67 	118.48 	3.45M 	-1.32%
Mar 25, 2015 	120.46 	118.97 	121.95 	118.97 	3.98M 	1.25%
Mar 24, 2015 	118.97 	116.49 	118.97 	116.49 	2.42M 	1.35%
Mar 23, 2015 	117.39 	116.49 	117.39 	116.00 	2.03M 	1.02%
Mar 20, 2015 	116.20 	116.00 	116.79 	115.40 	2.66M 	-0.25%
Mar 19, 2015 	116.49 	114.31 	116.99 	114.31 	3.59M 	2.18%
Mar 18, 2015 	114.01 	114.01 	114.41 	113.52 	3.09M 	0.70%
Mar 17, 2015 	113.22 	112.13 	113.62 	112.13 	3.60M 	1.24%
Mar 16, 2015 	111.83 	113.52 	114.51 	109.26 	1.58M 	-1.49%
Mar 13, 2015 	113.52 	113.02 	114.01 	112.82 	2.35M 	0.44%
Mar 12, 2015 	113.02 	113.02 	113.12 	112.73 	3.34M 	0.09%
Mar 11, 2015 	112.92 	112.92 	112.92 	112.33 	2.62M 	-0.26%
Mar 10, 2015 	113.22 	113.32 	114.91 	113.12 	6.17M 	-0.09%
Mar 09, 2015 	113.32 	113.22 	113.92 	112.33 	5.06M 	0.27%
Mar 06, 2015 	113.02 	113.02 	113.02 	112.03 	3.77M 	0.09%
Mar 05, 2015 	112.92 	112.43 	113.72 	112.43 	5.33M 	0.79%
Mar 04, 2015 	112.03 	111.73 	112.23 	111.04 	2.68M 	1.16%
Mar 03, 2015 	110.74 	109.16 	111.44 	109.16 	1.68M 	1.54%
Mar 02, 2015 	109.06 	109.65 	110.05 	107.97 	4.70M 	-0.90%
Feb 27, 2015 	110.05 	113.02 	113.02 	108.07 	2.60M 	-1.77%
Feb 26, 2015 	112.03 	113.02 	114.01 	111.34 	4.13M 	-0.88%
Feb 25, 2015 	113.02 	112.73 	113.02 	112.03 	790.88K 	0.00%
Feb 24, 2015 	113.02 	112.92 	113.02 	112.53 	5.90M 	0.97%
Feb 23, 2015 	111.93 	111.54 	112.13 	111.14 	1.84M 	0.35%
Feb 20, 2015 	111.54 	111.34 	112.03 	110.94 	1.58M 	-0.08%
Feb 18, 2015 	111.63 	113.02 	113.02 	111.63 	626.72K 	-1.23%
Feb 17, 2015 	113.02 	112.73 	113.02 	111.44 	683.93K 	0.44%
Feb 16, 2015 	112.53 	112.53 	113.02 	111.83 	1.31M 	-0.43%
Feb 13, 2015 	113.02 	112.92 	113.02 	112.13 	2.14M 	0.00%
Feb 12, 2015 	113.02 	111.04 	113.02 	110.15 	1.42M 	2.15%
Feb 11, 2015 	110.64 	112.53 	112.53 	110.64 	1.02M 	-1.68%
Feb 10, 2015 	112.53 	113.82 	114.01 	112.13 	3.64M 	0.54%
Feb 09, 2015 	111.93 	111.34 	114.01 	111.34 	4.16M 	0.53%
Feb 06, 2015 	111.34 	111.24 	112.03 	110.94 	1.80M 	-0.79%
Feb 05, 2015 	112.23 	111.34 	112.63 	111.34 	2.31M 	-0.70%
Feb 04, 2015 	113.02 	112.53 	113.52 	112.23 	2.81M 	2.24%
Feb 03, 2015 	110.54 	110.74 	111.04 	109.06 	2.12M 	-0.45%
Feb 02, 2015 	111.04 	115.01 	115.01 	110.54 	2.18M 	-2.18%
Jan 30, 2015 	113.52 	115.01 	115.01 	112.92 	4.03M 	0.44%
Jan 29, 2015 	113.02 	113.92 	114.91 	112.03 	4.26M 	0.09%
Jan 28, 2015 	112.92 	114.71 	114.81 	112.53 	3.31M 	-1.56%
Jan 27, 2015 	114.71 	112.03 	114.71 	111.73 	4.15M 	3.49%
Jan 26, 2015 	110.84 	111.04 	111.44 	109.06 	3.62M 	-0.18%
Jan 23, 2015 	111.04 	110.05 	111.54 	109.75 	3.97M 	0.90%
Jan 22, 2015 	110.05 	109.95 	110.05 	109.16 	1.63M 	-0.44%
Jan 21, 2015 	110.54 	110.54 	111.24 	108.86 	3.04M 	0.00%
Jan 20, 2015 	110.54 	110.05 	112.13 	110.05 	4.32M 	1.17%
Jan 19, 2015 	109.26 	109.26 	110.05 	108.66 	2.61M 	-0.72%
Jan 14, 2015 	110.05 	108.46 	112.03 	108.46 	4.82M 	1.65%
Jan 13, 2015 	108.26 	107.47 	108.56 	106.08 	1.61M 	2.82%
Jan 12, 2015 	105.29 	105.09 	105.59 	104.10 	2.59M 	0.19%
Jan 09, 2015 	105.09 	105.39 	106.08 	104.60 	6.74M 	0.19%
Jan 08, 2015 	104.89 	105.09 	105.59 	104.60 	7.40M 	-0.76%
Jan 07, 2015 	105.69 	108.56 	108.96 	105.69 	3.65M 	-1.75%
Jan 06, 2015 	107.57 	107.07 	108.26 	105.98 	2.77M 	-1.37%
Jan 05, 2015 	109.06 	109.16 	109.16 	108.26 	1.56M 	0.18%
Dec 29, 2014 	108.86 	108.76 	109.85 	108.26 	2.35M 	0.09%
Dec 23, 2014 	108.76 	109.06 	109.06 	108.26 	5.50M 	0.28%
Dec 22, 2014 	108.46 	107.07 	108.86 	106.58 	1.13M 	0.36%
Dec 19, 2014 	108.07 	107.07 	108.96 	103.11 	3.29M 	1.88%
Dec 18, 2014 	106.08 	104.69 	106.08 	102.61 	4.62M 	0.94%
Dec 17, 2014 	105.09 	106.58 	106.58 	102.61 	3.56M 	-1.85%
Dec 16, 2014 	107.07 	105.79 	108.66 	105.79 	3.87M 	-1.82%
Dec 15, 2014 	109.06 	104.10 	109.06 	104.10 	3.66M 	2.52%
Dec 12, 2014 	106.38 	104.20 	107.07 	103.11 	3.72M 	4.17%
Dec 11, 2014 	102.12 	104.10 	104.10 	100.13 	4.06M 	-1.90%
Dec 10, 2014 	104.10 	104.10 	105.59 	102.12 	3.60M 	0.00%
Dec 09, 2014 	104.10 	106.98 	107.77 	103.90 	5.27M 	-1.77%
Dec 05, 2014 	105.98 	105.39 	105.98 	102.12 	4.44M 	0.56%
Dec 04, 2014 	105.39 	108.36 	108.36 	104.89 	8.11M 	-2.83%
Dec 03, 2014 	108.46 	108.66 	109.95 	108.07 	2.86M 	0.00%
Dec 02, 2014 	108.46 	108.07 	110.05 	107.77 	3.94M 	0.83%
Dec 01, 2014 	107.57 	107.97 	109.16 	107.07 	2.38M 	-0.64%
Nov 28, 2014 	108.26 	109.95 	109.95 	107.67 	3.53M 	-1.09%
Nov 27, 2014 	109.45 	110.84 	110.94 	108.07 	1.64M 	-1.08%
Nov 26, 2014 	110.64 	109.06 	111.93 	109.06 	3.19M 	1.45%
Nov 25, 2014 	109.06 	108.07 	113.12 	106.08 	9.54M 	0.92%
Nov 24, 2014 	108.07 	106.98 	109.26 	106.78 	3.59M 	0.93%
Nov 21, 2014 	107.07 	105.59 	107.27 	105.59 	2.70M 	1.40%
Nov 20, 2014 	105.59 	106.58 	106.58 	104.50 	2.06M 	-1.38%
Nov 19, 2014 	107.07 	106.08 	107.27 	105.79 	2.24M 	0.74%
Nov 18, 2014 	106.28 	104.99 	106.58 	104.99 	3.53M 	1.13%
Nov 17, 2014 	105.09 	104.20 	105.98 	104.20 	3.62M 	0.29%
Nov 14, 2014 	104.79 	102.32 	104.79 	102.32 	5.03M 	2.61%
Nov 13, 2014 	102.12 	100.73 	104.60 	100.63 	3.84M 	1.38%
Nov 12, 2014 	100.73 	99.24 	103.11 	99.24 	1.47M 	1.71%
Nov 11, 2014 	99.04 	100.13 	100.23 	98.85 	2.27M 	-1.09%
Nov 10, 2014 	100.13 	100.93 	100.93 	99.09 	2.05M 	-0.79%
Nov 07, 2014 	100.93 	101.62 	102.61 	100.43 	3.95M 	-3.96%
Nov 06, 2014 	105.09 	101.03 	106.48 	101.03 	7.54M 	2.91%
Nov 05, 2014 	102.12 	97.66 	102.22 	97.66 	6.81M 	5.86%
Nov 04, 2014 	96.47 	97.16 	98.65 	96.47 	1.68M 	-0.71%
Nov 03, 2014 	97.16 	96.17 	97.36 	96.07 	2.74M 	0.00%
Oct 31, 2014 	97.16 	95.28 	97.16 	94.63 	4.80M 	1.97%
Oct 30, 2014 	95.28 	95.67 	95.67 	94.63 	3.75M 	0.11%
Oct 29, 2014 	95.18 	95.18 	95.87 	94.09 	2.27M 	0.11%
Oct 28, 2014 	95.08 	96.12 	96.12 	94.68 	1.79M 	-0.05%
Oct 27, 2014 	95.13 	94.68 	96.61 	94.53 	1.24M 	0.48%
Oct 24, 2014 	94.68 	95.13 	95.62 	94.53 	2.24M 	-0.47%
Oct 23, 2014 	95.13 	97.16 	97.16 	94.83 	1.51M 	-1.99%
Oct 22, 2014 	97.06 	97.26 	97.36 	96.96 	1.80M 	0.00%
Oct 21, 2014 	97.06 	96.66 	97.21 	96.37 	2.91M 	0.41%
Oct 20, 2014 	96.66 	95.28 	97.41 	95.28 	3.82M 	1.45%
Oct 17, 2014 	95.28 	95.23 	95.57 	94.63 	2.93M 	0.11%
Oct 16, 2014 	95.18 	94.68 	97.16 	94.19 	2.37M 	0.53%
Oct 15, 2014 	94.68 	93.24 	94.88 	93.24 	2.21M 	1.54%
Oct 14, 2014 	93.24 	94.24 	94.24 	92.20 	8.06M 	-2.04%
Oct 13, 2014 	95.18 	96.17 	96.37 	94.48 	3.57M 	-1.23%
Oct 10, 2014 	96.37 	97.16 	97.66 	96.27 	2.07M 	-1.81%
Oct 09, 2014 	98.15 	97.16 	98.15 	97.16 	2.10M 	1.02%
Oct 08, 2014 	97.16 	97.31 	97.66 	95.18 	1.88M 	-0.15%
Oct 07, 2014 	97.31 	97.11 	98.10 	96.17 	2.24M 	-0.86%
Oct 03, 2014 	98.15 	95.33 	98.15 	95.33 	1.78M 	3.01%
Oct 02, 2014 	95.28 	95.18 	95.47 	94.24 	3.05M 	-0.93%
Oct 01, 2014 	96.17 	95.18 	96.76 	95.18 	3.07M 	-1.07%
Sep 30, 2014 	97.21 	96.17 	97.31 	96.17 	5.69M 	1.08%
Sep 29, 2014 	96.17 	96.22 	96.42 	95.18 	4.94M 	0.00%
Sep 26, 2014 	96.17 	95.28 	96.76 	94.73 	3.70M 	-0.61%
Sep 25, 2014 	96.76 	97.66 	98.15 	95.77 	2.55M 	-0.92%
Sep 24, 2014 	97.66 	97.16 	98.55 	96.96 	3.93M 	1.34%
Sep 23, 2014 	96.37 	95.67 	97.16 	95.67 	3.14M 	1.25%
Sep 22, 2014 	95.18 	96.17 	96.52 	95.18 	3.03M 	-1.03%
Sep 18, 2014 	96.17 	95.38 	96.37 	95.38 	1.96M 	0.99%
Sep 17, 2014 	95.23 	94.88 	95.62 	94.88 	1.52M 	0.42%
Sep 16, 2014 	94.83 	94.19 	94.88 	94.19 	1.99M 	0.89%
Sep 15, 2014 	93.99 	94.78 	94.78 	93.94 	3.25M 	-0.83%
Sep 12, 2014 	94.78 	93.54 	94.88 	93.24 	3.45M 	0.89%
Sep 11, 2014 	93.94 	93.64 	94.04 	93.64 	2.35M 	0.27%
Sep 10, 2014 	93.69 	93.94 	93.99 	93.34 	4.49M 	-0.32%
Sep 09, 2014 	93.99 	94.24 	94.58 	93.94 	2.52M 	-0.21%
Sep 08, 2014 	94.19 	92.50 	94.68 	92.40 	4.39M 	1.83%
Sep 05, 2014 	92.50 	91.36 	92.50 	91.16 	2.00M 	1.41%
Sep 04, 2014 	91.21 	91.16 	91.21 	90.42 	1.67M 	0.05%
Sep 03, 2014 	91.16 	90.02 	91.16 	89.97 	2.71M 	1.66%
Sep 02, 2014 	89.67 	89.72 	90.12 	89.48 	2.98M 	0.49%
Sep 01, 2014 	89.23 	89.67 	89.67 	88.93 	8.37M 	-0.55%
Aug 29, 2014 	89.72 	89.23 	89.72 	87.30 	14.22M 	0.55%
Aug 28, 2014 	89.23 	89.77 	89.92 	88.83 	11.82M 	-0.60%
Aug 27, 2014 	89.77 	90.12 	90.22 	89.33 	5.16M 	-0.39%
Aug 26, 2014 	90.12 	90.37 	90.62 	89.33 	4.96M 	-0.28%
Aug 22, 2014 	90.37 	91.16 	91.16 	89.82 	3.98M 	-0.39%
Aug 20, 2014 	90.72 	91.21 	91.41 	90.22 	8.41M 	-0.32%
Aug 19, 2014 	91.01 	91.06 	91.16 	90.72 	2.42M 	0.11%
Aug 18, 2014 	90.91 	91.21 	91.21 	90.86 	944.71K 	0.21%
Aug 15, 2014 	90.72 	91.21 	91.21 	90.52 	4.19M 	-0.21%
Aug 14, 2014 	90.91 	90.72 	91.21 	90.72 	4.13M 	0.76%
Aug 13, 2014 	90.22 	90.17 	90.57 	90.17 	2.94M 	0.11%
Aug 12, 2014 	90.12 	90.12 	90.77 	90.02 	3.53M 	0.06%
Aug 11, 2014 	90.07 	89.87 	90.22 	89.87 	2.94M 	0.22%
Aug 08, 2014 	89.87 	90.12 	90.22 	89.67 	2.41M 	-0.33%
Aug 07, 2014 	90.17 	90.12 	90.22 	90.02 	1.99M 	0.06%
Aug 06, 2014 	90.12 	90.02 	90.37 	89.97 	2.04M 	0.11%
Aug 05, 2014 	90.02 	90.22 	90.37 	87.79 	3.53M 	-0.22%
Aug 04, 2014 	90.22 	89.82 	90.42 	89.72 	3.36M 	0.45%
Aug 01, 2014 	89.82 	89.08 	89.82 	88.93 	2.25M 	-0.06%
Jul 31, 2014 	89.87 	89.82 	89.92 	89.67 	2.64M 	0.06%
Jul 30, 2014 	89.82 	89.23 	89.92 	89.18 	3.94M 	0.77%
Jul 28, 2014 	89.13 	89.23 	89.23 	88.93 	1.08M 	-0.11%
Jul 25, 2014 	89.23 	90.22 	90.22 	88.73 	3.50M 	-1.10%
Jul 24, 2014 	90.22 	90.17 	90.37 	90.02 	3.61M 	0.06%
Jul 23, 2014 	90.17 	90.22 	90.37 	89.72 	2.31M 	-0.06%
Jul 22, 2014 	90.22 	90.12 	90.22 	89.97 	4.57M 	0.11%
Jul 21, 2014 	90.12 	90.12 	90.62 	90.07 	3.43M 	0.00%
Jul 18, 2014 	90.12 	90.12 	90.22 	89.82 	778.87K 	0.00%
Jul 17, 2014 	90.12 	90.22 	90.42 	90.07 	8.97M 	0.39%
Jul 15, 2014 	89.77 	89.38 	89.97 	89.28 	3.33M 	0.49%
Jul 14, 2014 	89.33 	89.72 	89.72 	89.23 	3.40M 	-0.99%
Jul 11, 2014 	90.22 	90.91 	90.91 	89.23 	2.08M 	-1.09%
Jul 10, 2014 	91.21 	91.11 	91.41 	91.11 	5.50M 	0.11%
Jul 09, 2014 	91.11 	91.91 	91.91 	90.86 	3.08M 	-1.02%
Jul 08, 2014 	92.05 	92.75 	92.75 	90.81 	1.55M 	-0.91%
Jul 07, 2014 	92.90 	92.20 	93.19 	92.10 	3.45M 	0.87%
Jul 04, 2014 	92.10 	92.10 	93.00 	91.91 	5.48M 	-0.05%
Jul 03, 2014 	92.15 	92.20 	92.20 	91.81 	3.04M 	-0.05%
Jul 02, 2014 	92.20 	92.20 	92.25 	91.71 	3.91M 	0.00%
Jul 01, 2014 	92.20 	92.20 	92.30 	91.26 	9.54M 	-0.54%
Jun 30, 2014 	92.70 	92.30 	92.70 	92.20 	4.15M 	1.41%
Jun 27, 2014 	91.41 	92.20 	92.20 	91.31 	1.60M 	-0.33%
Jun 26, 2014 	91.71 	90.27 	91.71 	90.27 	2.62M 	1.60%
Jun 25, 2014 	90.27 	90.12 	90.72 	90.12 	3.30M 	0.22%
Jun 24, 2014 	90.07 	89.43 	90.07 	89.43 	1.15M 	0.72%
Jun 23, 2014 	89.43 	89.23 	89.72 	89.23 	3.06M 	1.02%
Jun 20, 2014 	88.53 	88.34 	88.73 	88.14 	9.38M 	0.33%
Jun 19, 2014 	88.24 	88.44 	88.58 	87.25 	2.23M 	-0.06%
Jun 18, 2014 	88.29 	88.04 	88.48 	87.25 	4.67M 	0.17%
Jun 17, 2014 	88.14 	89.38 	89.67 	87.94 	6.54M 	-2.52%
Jun 16, 2014 	90.42 	91.01 	91.11 	90.22 	5.60M 	-0.65%
Jun 13, 2014 	91.01 	91.71 	91.86 	90.72 	8.92M 	-0.93%
Jun 11, 2014 	91.86 	90.22 	92.70 	90.22 	7.05M 	1.59%
Jun 10, 2014 	90.42 	89.43 	90.42 	89.43 	3.88M 	0.67%
Jun 09, 2014 	89.82 	89.43 	90.22 	89.33 	2.45M 	0.44%
Jun 06, 2014 	89.43 	89.43 	89.48 	89.23 	3.44M 	0.00%
Jun 05, 2014 	89.43 	89.48 	89.77 	89.23 	3.27M 	-0.22%
Jun 04, 2014 	89.63 	88.73 	89.82 	88.73 	3.87M 	1.24%
Jun 03, 2014 	88.53 	87.15 	88.98 	87.05 	3.84M 	1.58%
Jun 02, 2014 	87.15 	87.20 	87.25 	86.20 	3.96M 	-0.56%
May 30, 2014 	87.64 	88.04 	88.14 	86.90 	6.47M 	0.00%
May 29, 2014 	87.64 	88.09 	88.09 	86.55 	7.04M 	-0.57%
May 28, 2014 	88.14 	87.74 	88.24 	87.64 	2.46M 	0.63%
May 27, 2014 	87.59 	87.94 	88.04 	87.15 	2.28M 	-0.06%
May 26, 2014 	87.64 	87.00 	88.24 	86.85 	2.07M 	-1.23%
May 23, 2014 	88.73 	86.45 	88.73 	86.45 	6.52M 	2.88%
May 22, 2014 	86.25 	86.35 	87.05 	86.25 	15.14M 	-0.12%
May 21, 2014 	86.35 	87.54 	87.54 	85.96 	6.46M 	-1.81%
May 20, 2014 	87.94 	87.89 	88.63 	87.64 	4.43M 	0.06%
May 19, 2014 	87.89 	87.79 	88.14 	87.05 	9.76M 	0.11%
May 16, 2014 	87.79 	87.64 	88.19 	87.39 	8.02M 	0.17%
May 15, 2014 	87.64 	87.89 	88.24 	87.25 	4.64M 	-0.28%
May 14, 2014 	87.89 	88.44 	88.63 	87.64 	1.67M 	-0.72%
May 13, 2014 	88.53 	87.39 	88.53 	87.39 	2.10M 	1.36%
May 12, 2014 	87.34 	87.94 	87.94 	87.25 	1.56M 	-0.85%
May 09, 2014 	88.09 	88.14 	88.53 	87.89 	3.71M 	0.23%
May 08, 2014 	87.89 	87.15 	88.09 	87.15 	2.06M 	0.91%
May 07, 2014 	87.10 	87.44 	87.44 	86.95 	2.00M 	-0.39%
May 06, 2014 	87.44 	87.69 	87.74 	87.25 	4.25M 	-0.34%
May 05, 2014 	87.74 	87.69 	87.84 	87.64 	3.23M 	-0.23%
May 02, 2014 	87.94 	87.74 	88.04 	87.74 	4.37M 	0.51%
Apr 30, 2014 	87.49 	87.74 	88.04 	87.34 	12.38M 	-0.06%
Apr 29, 2014 	87.54 	86.16 	87.54 	85.96 	2.56M 	1.55%
Apr 28, 2014 	86.20 	86.25 	86.65 	85.21 	6.90M 	-0.17%
Apr 25, 2014 	86.35 	87.25 	87.25 	86.06 	2.03M 	-1.03%
Apr 24, 2014 	87.25 	87.69 	87.74 	87.25 	3.96M 	-0.62%
Apr 23, 2014 	87.79 	88.09 	88.09 	87.25 	1.53M 	-0.51%
Apr 22, 2014 	88.24 	87.99 	88.63 	87.99 	5.40M 	0.28%
Apr 21, 2014 	87.99 	87.59 	88.04 	87.59 	3.37M 	0.46%
Apr 16, 2014 	87.59 	87.79 	87.79 	86.95 	2.13M 	-0.23%
Apr 15, 2014 	87.79 	87.44 	87.99 	87.39 	3.68M 	0.62%
Apr 14, 2014 	87.25 	86.25 	87.25 	86.06 	1.95M 	1.16%
Apr 11, 2014 	86.25 	86.25 	86.30 	85.76 	1.33M 	-0.75%
Apr 10, 2014 	86.90 	85.26 	87.25 	85.26 	2.22M 	2.16%
Apr 08, 2014 	85.06 	86.25 	86.25 	83.87 	753.68K 	-1.38%
Apr 07, 2014 	86.25 	85.02 	86.60 	85.02 	3.03M 	1.45%
Apr 04, 2014 	85.02 	85.76 	85.76 	84.87 	1.10M 	-0.86%
Apr 03, 2014 	85.76 	86.25 	86.25 	84.77 	4.60M 	-0.57%
Apr 02, 2014 	86.25 	85.26 	86.25 	85.02 	3.50M 	1.16%
Apr 01, 2014 	85.26 	84.17 	85.26 	83.78 	3.38M 	1.17%
Mar 31, 2014 	84.27 	83.33 	84.27 	83.28 	2.88M 	1.25%
Mar 28, 2014 	83.23 	82.19 	83.28 	82.19 	9.39M 	1.27%
Mar 27, 2014 	82.19 	81.99 	82.29 	81.79 	1.52M 	0.24%
Mar 26, 2014 	81.99 	82.29 	82.29 	81.55 	3.76M 	-0.49%
Mar 25, 2014 	82.39 	82.34 	82.54 	82.19 	6.15M 	0.00%
Mar 24, 2014 	82.39 	81.59 	82.49 	81.59 	8.58M 	1.34%
Mar 21, 2014 	81.30 	82.88 	83.38 	81.30 	2.46M 	-2.49%
Mar 20, 2014 	83.38 	82.78 	83.58 	82.78 	2.16M 	-0.70%
Mar 19, 2014 	83.97 	84.17 	84.27 	83.33 	4.28M 	-0.36%
Mar 18, 2014 	84.27 	82.73 	84.32 	82.73 	2.08M 	1.43%
Mar 17, 2014 	83.08 	82.88 	83.18 	82.64 	2.10M 	0.24%
Mar 14, 2014 	82.88 	83.78 	83.78 	82.29 	1.88M 	-1.59%
Mar 13, 2014 	84.22 	83.68 	84.22 	83.68 	856.75K 	0.30%
Mar 12, 2014 	83.97 	84.02 	84.47 	83.97 	2.62M 	-0.06%
Mar 11, 2014 	84.02 	83.73 	84.22 	83.68 	2.56M 	0.23%
Mar 10, 2014 	83.83 	83.58 	83.92 	83.53 	1.87M 	0.36%
Mar 07, 2014 	83.53 	83.87 	84.52 	83.23 	4.03M 	-0.30%
Mar 06, 2014 	83.78 	83.68 	83.87 	83.18 	2.86M 	0.18%
Mar 05, 2014 	83.63 	83.38 	84.27 	83.28 	5.82M 	0.48%
Mar 04, 2014 	83.23 	82.64 	83.87 	82.64 	6.70M 	0.71%
Mar 03, 2014 	82.64 	83.28 	83.28 	82.14 	2.74M 	-0.77%
Feb 28, 2014 	83.28 	83.13 	83.28 	82.34 	3.42M 	0.66%
Feb 27, 2014 	82.73 	82.69 	82.78 	82.34 	2.58M 	-0.06%
Feb 26, 2014 	82.78 	83.33 	84.27 	82.29 	2.76M 	-0.66%
Feb 25, 2014 	83.33 	82.49 	84.27 	82.49 	6.02M 	1.08%
Feb 24, 2014 	82.44 	82.64 	83.28 	82.39 	2.70M 	-0.24%
Feb 21, 2014 	82.64 	83.48 	83.58 	82.29 	2.23M 	-0.77%
Feb 20, 2014 	83.28 	81.30 	83.78 	80.90 	7.15M 	2.69%
Feb 19, 2014 	81.10 	80.31 	81.20 	79.91 	11.81M 	0.98%
Feb 18, 2014 	80.31 	80.26 	80.70 	80.26 	3.22M 	0.06%
Feb 17, 2014 	80.26 	79.26 	80.31 	79.26 	3.37M 	1.20%
Feb 14, 2014 	79.31 	78.03 	79.91 	78.03 	377.31K 	0.00%
Feb 13, 2014 	79.31 	79.31 	79.31 	78.03 	1.14M 	0.00%
Feb 12, 2014 	79.31 	79.61 	80.31 	79.17 	3.06M 	0.11%
Feb 11, 2014 	79.22 	78.32 	79.51 	78.32 	5.65M 	1.15%
Feb 10, 2014 	78.32 	78.82 	79.12 	78.22 	829.53K 	-0.63%
Feb 07, 2014 	78.82 	79.12 	79.31 	78.82 	2.53M 	0.25%
Feb 06, 2014 	78.62 	77.28 	78.92 	77.28 	2.15M 	0.86%
Feb 05, 2014 	77.95 	77.25 	78.10 	76.85 	1.73M 	0.91%
Feb 04, 2014 	77.25 	78.40 	78.40 	76.80 	1.02M 	-1.59%
Feb 03, 2014 	78.50 	80.00 	80.65 	78.50 	2.39M 	-0.63%
Jan 30, 2014 	79.00 	79.95 	79.95 	77.60 	3.13M 	-1.50%
Jan 29, 2014 	80.20 	79.90 	80.45 	79.90 	1.69M 	0.25%
Jan 28, 2014 	80.00 	80.20 	80.40 	80.00 	2.99M 	-0.31%
Jan 27, 2014 	80.25 	78.70 	80.35 	77.60 	4.72M 	-1.83%
Jan 24, 2014 	81.75 	80.00 	81.75 	79.50 	9.70M 	2.19%
Jan 23, 2014 	80.00 	77.25 	80.30 	77.25 	10.09M 	3.83%
Jan 22, 2014 	77.05 	73.90 	77.25 	73.90 	5.29M 	4.26%
Jan 21, 2014 	73.90 	72.35 	74.10 	72.35 	3.39M 	2.21%
Jan 20, 2014 	72.30 	72.30 	72.40 	72.25 	11.97M 	0.07%
Jan 17, 2014 	72.25 	72.35 	72.65 	71.90 	3.93M 	0.21%
Jan 16, 2014 	72.10 	72.45 	72.60 	72.05 	2.93M 	0.28%
Jan 15, 2014 	71.90 	71.70 	72.00 	71.65 	5.87M 	0.56%
Jan 14, 2014 	71.50 	71.95 	72.30 	71.00 	7.58M 	-0.42%
Jan 13, 2014 	71.80 	70.10 	72.00 	70.10 	4.09M 	2.57%
Jan 10, 2014 	70.00 	70.65 	71.20 	69.80 	7.58M 	-0.78%
Jan 09, 2014 	70.55 	72.50 	72.50 	70.50 	1.64M 	-2.76%
Jan 08, 2014 	72.55 	72.00 	73.00 	71.95 	6.76M 	0.97%
Jan 07, 2014 	71.85 	71.90 	72.25 	71.75 	7.09M 	0.07%
Jan 06, 2014 	71.80 	70.45 	72.25 	70.45 	5.45M 	1.92%
Jan 03, 2014 	70.45 	71.00 	71.00 	69.50 	2.28M 	-0.77%
Jan 02, 2014 	71.00 	69.10 	71.20 	69.00 	3.17M 	3.50%
Dec 27, 2013 	68.60 	70.10 	70.10 	68.10 	4.65M 	-1.29%
Dec 26, 2013 	69.50 	69.95 	70.50 	69.50 	3.21M 	-0.57%
Dec 23, 2013 	69.90 	69.75 	69.90 	69.00 	3.60M 	2.19%
Dec 20, 2013 	68.40 	70.20 	70.20 	67.50 	4.60M 	-0.87%
Dec 19, 2013 	69.00 	71.50 	72.00 	69.00 	2.65M 	-2.13%
Dec 18, 2013 	70.50 	70.30 	70.95 	70.00 	5.10M 	0.14%
Dec 17, 2013 	70.40 	69.70 	70.90 	69.70 	5.10M 	1.00%
Dec 16, 2013 	69.70 	69.60 	71.10 	69.40 	2.44M 	0.14%
Dec 13, 2013 	69.60 	69.10 	69.90 	69.10 	2.66M 	0.72%
Dec 12, 2013 	69.10 	69.40 	70.35 	68.90 	6.08M 	-0.36%
Dec 11, 2013 	69.35 	69.95 	70.00 	68.95 	6.09M 	-0.86%
Dec 10, 2013 	69.95 	71.10 	71.55 	69.80 	5.83M 	-2.58%
Dec 09, 2013 	71.80 	72.65 	73.00 	71.40 	1.03M 	-0.42%
Dec 06, 2013 	72.10 	72.60 	73.00 	72.10 	2.44M 	-0.62%
Dec 05, 2013 	72.55 	74.85 	74.85 	72.50 	2.51M 	-3.07%
Dec 04, 2013 	74.85 	77.00 	77.00 	74.05 	2.21M 	-2.79%
Dec 03, 2013 	77.00 	77.60 	77.80 	76.50 	1.63M 	-0.65%
Dec 02, 2013 	77.50 	77.90 	77.90 	76.90 	1.11M 	-0.58%
Nov 29, 2013 	77.95 	76.10 	78.00 	75.90 	3.15M 	2.03%
Nov 28, 2013 	76.40 	73.00 	76.40 	73.00 	1.61M 	4.59%
Nov 27, 2013 	73.05 	73.50 	73.50 	72.30 	3.18M 	0.07%
Nov 26, 2013 	73.00 	74.00 	74.50 	73.00 	2.17M 	-1.35%
Nov 25, 2013 	74.00 	74.05 	75.50 	73.55 	2.33M 	0.07%
Nov 22, 2013 	73.95 	74.20 	75.00 	73.75 	2.53M 	-0.07%
Nov 21, 2013 	74.00 	75.80 	75.80 	73.80 	4.08M 	-2.89%
Nov 20, 2013 	76.20 	78.20 	78.20 	75.60 	4.63M 	-2.62%
Nov 19, 2013 	78.25 	78.65 	78.65 	77.95 	732.13K 	-0.45%
Nov 18, 2013 	78.60 	78.40 	78.90 	78.40 	1.12M 	0.26%
Nov 15, 2013 	78.40 	78.60 	79.10 	78.30 	1.29M 	-0.25%
Nov 14, 2013 	78.60 	78.50 	79.35 	77.70 	1.91M 	0.77%
Nov 13, 2013 	78.00 	79.95 	79.95 	76.95 	2.59M 	-2.50%
Nov 12, 2013 	80.00 	80.00 	80.00 	78.20 	1.42M 	-1.54%
Nov 11, 2013 	81.25 	78.25 	81.25 	76.15 	2.79M 	3.50%
Nov 08, 2013 	78.50 	80.00 	80.00 	77.50 	4.11M 	-2.48%
Nov 07, 2013 	80.50 	80.05 	80.50 	79.40 	502.61K 	0.56%
Nov 06, 2013 	80.05 	81.25 	81.25 	79.35 	1.87M 	-1.36%
Nov 05, 2013 	81.15 	81.00 	81.50 	80.95 	980.78K 	0.12%
Nov 04, 2013 	81.05 	81.20 	81.20 	79.90 	1.70M 	0.06%
Oct 31, 2013 	81.00 	81.00 	81.50 	79.80 	5.26M 	0.62%
Oct 30, 2013 	80.50 	80.15 	81.00 	80.10 	2.57M 	0.88%
Oct 29, 2013 	79.80 	80.30 	80.50 	79.30 	1.86M 	0.38%
Oct 25, 2013 	79.50 	80.40 	80.60 	79.00 	3.62M 	-1.00%
Oct 24, 2013 	80.30 	80.90 	80.90 	80.30 	1.11M 	-0.80%
Oct 23, 2013 	80.95 	80.80 	81.00 	80.60 	1.70M 	0.19%
Oct 22, 2013 	80.80 	81.00 	81.00 	80.75 	2.16M 	0.00%
Oct 21, 2013 	80.80 	81.00 	81.00 	80.75 	2.74M 	-0.25%
Oct 18, 2013 	81.00 	81.00 	81.20 	80.90 	4.21M 	0.00%
Oct 17, 2013 	81.00 	80.55 	81.30 	80.55 	5.68M 	1.25%
Oct 16, 2013 	80.00 	78.40 	80.30 	78.25 	1.83M 	2.04%
Oct 14, 2013 	78.40 	77.80 	80.00 	77.80 	829.23K 	-1.75%
Oct 11, 2013 	79.80 	78.50 	80.50 	78.50 	2.95M 	2.97%
Oct 10, 2013 	77.50 	76.00 	77.50 	76.00 	1.70M 	2.58%
Oct 09, 2013 	75.55 	76.80 	76.80 	75.55 	1.36M 	-1.76%
Oct 08, 2013 	76.90 	77.70 	77.70 	76.45 	2.91M 	-0.71%
Oct 07, 2013 	77.45 	77.00 	77.70 	76.80 	1.99M 	0.58%
Oct 04, 2013 	77.00 	75.50 	77.00 	74.50 	2.68M 	1.45%
Oct 03, 2013 	75.90 	76.10 	77.90 	74.45 	3.48M 	-0.13%
Oct 02, 2013 	76.00 	75.60 	76.10 	75.00 	5.80M 	3.12%
Oct 01, 2013 	73.70 	75.00 	75.65 	73.70 	5.23M 	-1.73%
Sep 30, 2013 	75.00 	78.50 	78.50 	74.90 	5.35M 	-4.46%
Sep 27, 2013 	78.50 	80.00 	80.00 	78.50 	3.74M 	-0.63%
Sep 26, 2013 	79.00 	79.40 	81.00 	78.50 	1.68M 	-0.50%
Sep 25, 2013 	79.40 	81.00 	81.00 	79.40 	2.10M 	-1.98%
Sep 24, 2013 	81.00 	81.00 	81.10 	80.50 	2.63M 	0.00%
Sep 23, 2013 	81.00 	80.05 	81.00 	79.20 	1.62M 	1.25%
Sep 20, 2013 	80.00 	80.30 	82.50 	79.75 	4.92M 	0.00%
Sep 19, 2013 	80.00 	77.20 	81.00 	77.20 	14.03M 	6.67%
Sep 18, 2013 	75.00 	75.50 	75.80 	74.70 	1.70M 	-0.53%
Sep 17, 2013 	75.40 	75.80 	75.80 	75.00 	3.55M 	0.53%
Sep 16, 2013 	75.00 	73.05 	76.00 	73.05 	3.80M 	2.95%
Sep 13, 2013 	72.85 	72.80 	73.50 	72.00 	1.73M 	0.48%
Sep 12, 2013 	72.50 	75.85 	75.85 	72.50 	3.25M 	-3.33%
Sep 11, 2013 	75.00 	74.50 	75.80 	74.40 	5.33M 	1.01%
Sep 10, 2013 	74.25 	74.00 	74.60 	73.80 	6.52M 	2.41%
Sep 09, 2013 	72.50 	72.80 	73.25 	72.30 	2.18M 	0.69%
Sep 06, 2013 	72.00 	72.70 	73.00 	71.90 	964.50K 	-0.35%
Sep 05, 2013 	72.25 	72.00 	72.70 	71.10 	3.63M 	0.35%
Sep 04, 2013 	72.00 	72.90 	73.00 	71.50 	1.18M 	-0.96%
Sep 03, 2013 	72.70 	73.00 	73.20 	72.60 	2.34M 	-0.41%
Sep 02, 2013 	73.00 	73.90 	73.90 	72.30 	4.64M 	-1.35%
Aug 30, 2013 	74.00 	73.30 	74.00 	72.00 	6.06M 	0.95%
Aug 29, 2013 	73.30 	68.70 	73.30 	68.70 	7.47M 	7.48%
Aug 28, 2013 	68.20 	69.60 	69.60 	66.20 	8.57M 	-5.28%
Aug 27, 2013 	72.00 	76.35 	76.35 	70.45 	5.96M 	-5.88%
Aug 23, 2013 	76.50 	76.25 	76.85 	75.90 	2.98M 	0.33%
Aug 22, 2013 	76.25 	76.00 	77.00 	75.50 	6.29M 	-6.44%
Aug 16, 2013 	81.50 	81.80 	81.95 	80.90 	721.82K 	-0.61%
Aug 15, 2013 	82.00 	82.85 	82.85 	81.00 	1.89M 	-1.20%
Aug 14, 2013 	83.00 	81.80 	83.00 	80.85 	1.72M 	1.47%
Aug 13, 2013 	81.80 	79.20 	81.80 	79.20 	1.77M 	3.54%
Aug 12, 2013 	79.00 	79.35 	79.80 	78.30 	1.32M 	0.06%
Aug 08, 2013 	78.95 	78.55 	79.50 	78.10 	1.38M 	0.19%
Aug 07, 2013 	78.80 	79.30 	79.30 	78.00 	1.54M 	0.00%
Aug 06, 2013 	78.80 	80.35 	80.90 	77.85 	3.57M 	-1.50%
Aug 05, 2013 	80.00 	81.20 	81.35 	80.00 	1.65M 	-1.23%
Aug 02, 2013 	81.00 	81.80 	81.90 	81.00 	1.84M 	-0.80%
Aug 01, 2013 	81.65 	81.90 	81.95 	81.45 	4.73M 	0.80%
Jul 31, 2013 	81.00 	83.85 	84.00 	81.00 	5.45M 	-3.23%
Jul 30, 2013 	83.70 	82.35 	84.10 	82.35 	1.72M 	2.01%
Jul 29, 2013 	82.05 	83.00 	83.00 	81.80 	5.90M 	-1.14%
Jul 26, 2013 	83.00 	85.70 	86.00 	82.40 	4.14M 	-3.15%
Jul 25, 2013 	85.70 	86.00 	86.75 	84.65 	4.07M 	-0.29%
Jul 24, 2013 	85.95 	85.10 	86.50 	85.10 	4.24M 	1.18%
Jul 23, 2013 	84.95 	84.85 	85.45 	84.65 	2.37M 	0.35%
Jul 22, 2013 	84.65 	85.00 	85.50 	84.65 	620.52K 	0.00%
Jul 19, 2013 	84.65 	86.00 	87.75 	84.65 	19.32M 	-1.86%
Jul 18, 2013 	86.25 	87.00 	87.20 	86.00 	1.28M 	-0.86%
Jul 17, 2013 	87.00 	87.20 	87.20 	86.00 	1.35M 	0.00%
Jul 16, 2013 	87.00 	88.00 	88.10 	85.60 	2.29M 	0.00%
Jul 15, 2013 	87.00 	88.00 	88.20 	87.00 	1.77M 	-1.14%
Jul 12, 2013 	88.00 	86.90 	88.00 	86.50 	1.54M 	3.17%
Jul 11, 2013 	85.30 	85.00 	86.50 	84.50 	3.43M 	0.95%
Jul 10, 2013 	84.50 	84.90 	84.90 	83.75 	2.81M 	-0.35%
Jul 09, 2013 	84.80 	85.25 	85.95 	84.65 	2.72M 	-0.18%
Jul 08, 2013 	84.95 	86.80 	86.80 	84.90 	2.10M 	-2.24%
Jul 05, 2013 	86.90 	87.00 	87.80 	86.60 	1.05M 	-0.11%
Jul 04, 2013 	87.00 	87.30 	87.70 	86.80 	595.21K 	-0.57%
Jul 03, 2013 	87.50 	87.30 	87.80 	86.30 	2.76M 	0.23%
Jul 02, 2013 	87.30 	87.00 	88.50 	86.50 	2.83M 	0.40%
Jul 01, 2013 	86.95 	85.50 	87.00 	84.65 	2.42M 	2.29%
Jun 28, 2013 	85.00 	86.00 	86.70 	84.25 	7.10M 	0.59%
Jun 27, 2013 	84.50 	83.00 	84.50 	83.00 	3.68M 	3.30%
Jun 26, 2013 	81.80 	79.50 	82.00 	79.50 	4.67M 	6.23%
Jun 25, 2013 	77.00 	79.00 	80.50 	76.65 	6.60M 	-3.69%
Jun 24, 2013 	79.95 	83.00 	83.80 	79.95 	3.31M 	-3.67%
Jun 21, 2013 	83.00 	80.00 	83.75 	79.00 	10.11M 	1.22%
Jun 20, 2013 	82.00 	82.00 	82.25 	80.95 	3.37M 	-1.91%
Jun 19, 2013 	83.60 	81.85 	84.00 	80.70 	5.23M 	2.14%
Jun 18, 2013 	81.85 	80.90 	82.30 	80.90 	3.00M 	2.38%
Jun 17, 2013 	79.95 	79.60 	80.95 	77.00 	5.01M 	0.69%
Jun 14, 2013 	79.40 	80.00 	82.00 	78.95 	7.43M 	2.45%
Jun 13, 2013 	77.50 	83.00 	83.70 	77.50 	7.50M 	-8.61%
Jun 11, 2013 	84.80 	87.00 	87.50 	83.80 	5.95M 	-2.30%
Jun 10, 2013 	86.80 	86.90 	87.60 	86.10 	5.07M 	1.40%
Jun 07, 2013 	85.60 	84.35 	86.20 	84.35 	4.72M 	1.78%
Jun 06, 2013 	84.10 	84.50 	85.70 	82.50 	5.39M 	-0.53%
Jun 05, 2013 	84.55 	84.60 	86.20 	84.00 	4.35M 	0.06%
Jun 04, 2013 	84.50 	89.00 	89.00 	84.05 	7.77M 	-4.52%
Jun 03, 2013 	88.50 	91.80 	91.80 	88.00 	4.16M 	-4.94%
May 31, 2013 	93.10 	90.30 	93.10 	88.50 	7.93M 	3.10%
May 30, 2013 	90.30 	93.00 	93.20 	90.00 	6.40M 	-3.89%
May 29, 2013 	93.95 	91.55 	93.95 	91.00 	3.16M 	3.19%
May 28, 2013 	91.05 	91.00 	91.20 	90.00 	3.91M 	0.05%
May 27, 2013 	91.00 	93.85 	93.85 	90.20 	4.63M 	-3.19%
May 24, 2013 	94.00 	94.80 	94.80 	93.75 	2.83M 	-0.95%
May 23, 2013 	94.90 	95.40 	95.85 	92.50 	3.55M 	-0.16%
May 22, 2013 	95.05 	94.95 	95.20 	94.90 	2.76M 	0.05%
May 21, 2013 	95.00 	94.95 	95.50 	94.85 	1.72M 	0.16%
May 20, 2013 	94.85 	96.00 	96.10 	94.50 	3.27M 	-0.99%
May 17, 2013 	95.80 	94.45 	96.00 	93.95 	1.87M 	1.38%
May 16, 2013 	94.50 	96.55 	97.00 	93.15 	3.10M 	-2.02%
May 15, 2013 	96.45 	95.50 	97.00 	95.50 	3.85M 	1.53%
May 14, 2013 	95.00 	93.15 	95.20 	93.15 	4.95M 	2.04%
May 10, 2013 	93.10 	93.00 	93.40 	92.90 	3.18M 	0.11%
May 09, 2013 	93.00 	93.00 	93.50 	92.65 	1.37M 	0.65%
May 08, 2013 	92.40 	92.25 	92.75 	92.20 	2.24M 	0.22%
May 07, 2013 	92.20 	92.90 	92.95 	92.00 	1.10M 	0.16%
May 06, 2013 	92.05 	93.05 	94.00 	92.05 	2.43M 	-0.86%
May 03, 2013 	92.85 	92.00 	93.00 	91.50 	4.19M 	2.15%
May 02, 2013 	90.90 	91.70 	91.70 	90.20 	2.94M 	-0.87%
Apr 30, 2013 	91.70 	92.00 	92.15 	91.50 	2.66M 	-0.16%
Apr 29, 2013 	91.85 	91.75 	92.00 	91.65 	3.62M 	0.16%
Apr 26, 2013 	91.70 	91.00 	91.90 	91.00 	3.68M 	0.77%
Apr 25, 2013 	91.00 	92.00 	92.00 	90.30 	4.44M 	-1.09%
Apr 24, 2013 	92.00 	92.15 	92.50 	91.85 	3.08M 	-0.16%
Apr 23, 2013 	92.15 	92.65 	92.65 	91.50 	6.71M 	-0.54%
Apr 22, 2013 	92.65 	91.60 	93.50 	91.50 	5.80M 	2.60%
Apr 19, 2013 	90.30 	87.40 	91.10 	87.40 	11.52M 	3.61%
Apr 18, 2013 	87.15 	87.75 	87.75 	86.50 	3.30M 	-0.80%
Apr 17, 2013 	87.85 	86.50 	87.85 	86.00 	4.15M 	2.03%
Apr 16, 2013 	86.10 	86.00 	86.40 	85.50 	3.99M 	-0.46%
Apr 15, 2013 	86.50 	88.15 	88.20 	86.50 	2.88M 	-1.87%
Apr 12, 2013 	88.15 	87.80 	88.50 	87.35 	3.43M 	1.03%
Apr 11, 2013 	87.25 	88.80 	88.80 	87.00 	3.33M 	-0.68%
Apr 10, 2013 	87.85 	87.95 	88.50 	87.55 	4.13M 	0.40%
Apr 08, 2013 	87.50 	85.75 	88.95 	85.70 	2.98M 	2.04%
Apr 05, 2013 	85.75 	87.25 	87.30 	85.30 	3.93M 	-1.83%
Apr 04, 2013 	87.35 	87.45 	87.45 	86.30 	2.77M 	-0.40%
Apr 03, 2013 	87.70 	87.90 	87.95 	87.25 	4.98M 	-0.51%
Apr 02, 2013 	88.15 	89.35 	89.35 	87.50 	2.60M 	-1.62%
Apr 01, 2013 	89.60 	90.00 	90.65 	89.40 	5.35M 	-0.17%
Mar 27, 2013 	89.75 	88.15 	90.00 	87.75 	11.10M 	2.28%
Mar 26, 2013 	87.75 	88.00 	88.00 	87.15 	2.04M 	0.34%
Mar 25, 2013 	87.45 	87.95 	89.00 	86.95 	3.52M 	-0.51%
Mar 22, 2013 	87.90 	85.00 	88.00 	84.00 	6.16M 	4.02%
Mar 21, 2013 	84.50 	85.00 	85.10 	83.50 	6.93M 	-0.18%
Mar 20, 2013 	84.65 	83.10 	85.80 	82.25 	11.94M 	1.74%
Mar 19, 2013 	83.20 	86.05 	86.45 	82.20 	14.19M 	-2.69%
Mar 18, 2013 	85.50 	89.80 	91.00 	84.80 	8.27M 	-2.84%
Mar 15, 2013 	88.00 	91.00 	91.20 	88.00 	7.29M 	-3.30%
Mar 14, 2013 	91.00 	93.00 	93.00 	90.80 	6.35M 	-2.15%
Mar 13, 2013 	93.00 	93.90 	93.90 	92.10 	3.69M 	-1.27%
Mar 12, 2013 	94.20 	96.15 	96.50 	94.20 	2.53M 	-1.98%
Mar 11, 2013 	96.10 	96.95 	96.95 	95.50 	6.36M 	-0.88%
Mar 08, 2013 	96.95 	96.80 	97.50 	96.00 	2.97M 	1.25%
Mar 07, 2013 	95.75 	97.00 	97.10 	95.40 	1.67M 	-1.29%
Mar 06, 2013 	97.00 	96.10 	97.60 	96.10 	3.48M 	1.04%
Mar 05, 2013 	96.00 	95.00 	96.30 	95.00 	7.12M 	1.05%
Mar 04, 2013 	95.00 	92.90 	95.80 	92.90 	3.83M 	2.65%
Mar 01, 2013 	92.55 	93.50 	94.50 	92.05 	5.30M 	-6.52%
Feb 28, 2013 	99.00 	92.00 	99.00 	91.85 	6.66M 	7.96%
Feb 27, 2013 	91.70 	92.00 	92.00 	91.55 	3.67M 	0.11%
Feb 26, 2013 	91.60 	92.00 	92.50 	91.00 	3.05M 	-0.92%
Feb 25, 2013 	92.45 	91.30 	92.80 	91.25 	2.63M 	2.27%
Feb 22, 2013 	90.40 	91.80 	91.80 	89.50 	5.61M 	-1.74%
Feb 21, 2013 	92.00 	91.55 	92.90 	91.50 	7.63M 	0.49%
Feb 20, 2013 	91.55 	90.00 	92.25 	90.00 	5.14M 	1.84%
Feb 19, 2013 	89.90 	87.90 	89.90 	87.90 	1.60M 	2.33%
Feb 18, 2013 	87.85 	86.00 	87.90 	86.00 	1.58M 	2.03%
Feb 15, 2013 	86.10 	85.00 	86.30 	85.00 	4.22M 	0.70%
Feb 14, 2013 	85.50 	85.65 	85.75 	84.20 	1.28M 	-0.12%
Feb 13, 2013 	85.60 	85.10 	85.80 	85.10 	4.86M 	0.59%
Feb 12, 2013 	85.10 	85.15 	85.20 	84.90 	1.27M 	-0.06%
Feb 11, 2013 	85.15 	83.75 	85.40 	83.75 	10.81M 	1.73%
Feb 08, 2013 	83.70 	83.60 	84.10 	83.10 	1.84M 	0.42%
Feb 07, 2013 	83.35 	84.00 	84.00 	82.50 	3.52M 	-0.77%
Feb 06, 2013 	84.00 	83.05 	84.15 	83.05 	21.71M 	1.14%
Feb 05, 2013 	83.05 	81.50 	83.20 	81.25 	13.07M 	1.53%
Feb 04, 2013 	81.80 	78.80 	82.10 	78.80 	8.34M 	4.14%
Feb 01, 2013 	78.55 	76.90 	78.80 	76.90 	4.57M 	2.15%
Jan 31, 2013 	76.90 	76.55 	77.20 	76.55 	4.59M 	0.52%
Jan 30, 2013 	76.50 	76.60 	77.45 	76.50 	4.16M 	-0.13%
Jan 29, 2013 	76.60 	76.40 	76.75 	76.35 	4.67M 	0.33%
Jan 28, 2013 	76.35 	76.40 	76.40 	76.15 	3.65M 	0.26%
Jan 25, 2013 	76.15 	76.20 	76.35 	76.05 	2.65M 	0.00%
Jan 24, 2013 	76.15 	75.75 	76.80 	75.75 	2.97M 	0.59%
Jan 23, 2013 	75.70 	76.50 	76.50 	75.60 	4.20M 	-0.39%
Jan 22, 2013 	76.00 	76.10 	76.10 	75.85 	4.97M 	-0.07%
Jan 21, 2013 	76.05 	76.20 	76.20 	76.00 	5.74M 	-0.20%
Jan 18, 2013 	76.20 	76.00 	76.25 	75.90 	4.57M 	0.79%
Jan 17, 2013 	75.60 	75.45 	76.00 	75.40 	3.36M 	0.27%
Jan 16, 2013 	75.40 	76.80 	76.80 	75.15 	4.52M 	-1.82%
Jan 15, 2013 	76.80 	77.00 	77.55 	76.00 	4.68M 	-0.26%
Jan 14, 2013 	77.00 	75.50 	77.70 	75.50 	7.64M 	2.46%
Jan 11, 2013 	75.15 	75.00 	75.25 	75.00 	14.50M 	0.33%
Jan 10, 2013 	74.90 	75.50 	75.50 	74.70 	4.33M 	-0.79%
Jan 09, 2013 	75.50 	76.00 	76.50 	75.00 	6.37M 	0.47%
Jan 08, 2013 	75.15 	75.15 	75.25 	74.70 	4.79M 	0.13%
Jan 07, 2013 	75.05 	74.60 	75.05 	74.60 	8.23M 	0.74%
Jan 04, 2013 	74.50 	74.00 	74.50 	74.00 	5.03M 	1.36%
Jan 03, 2013 	73.50 	73.00 	73.65 	73.00 	4.33M 	0.68%
Jan 02, 2013 	73.00 	72.75 	73.20 	72.60 	3.59M 	0.27%
Dec 28, 2012 	72.80 	73.00 	73.00 	72.70 	6.50M 	0.07%
Dec 27, 2012 	72.75 	73.50 	73.50 	72.50 	5.22M 	0.62%
Dec 26, 2012 	72.30 	72.50 	72.50 	72.30 	2.74M 	0.14%
Dec 21, 2012 	72.20 	72.10 	72.40 	71.90 	4.16M 	0.14%
Dec 20, 2012 	72.10 	72.00 	72.10 	71.85 	2.61M 	0.21%
Dec 19, 2012 	71.95 	70.05 	71.95 	70.05 	6.39M 	2.79%
Dec 18, 2012 	70.00 	71.00 	71.20 	69.80 	8.69M 	-1.27%
Dec 17, 2012 	70.90 	72.90 	73.20 	70.50 	10.87M 	-2.74%
Dec 14, 2012 	72.90 	73.70 	73.70 	72.75 	1.27M 	-1.42%
Dec 13, 2012 	73.95 	75.00 	75.30 	73.20 	4.58M 	-0.74%
Dec 12, 2012 	74.50 	75.05 	75.50 	74.50 	2.80M 	-0.67%
Dec 11, 2012 	75.00 	75.85 	76.00 	74.90 	7.46M 	0.13%
Dec 10, 2012 	74.90 	76.00 	76.70 	74.70 	3.86M 	-2.41%
Dec 07, 2012 	76.75 	76.60 	77.10 	75.00 	4.13M 	0.59%
Dec 06, 2012 	76.30 	74.00 	77.00 	74.00 	7.76M 	3.95%
Dec 05, 2012 	73.40 	72.10 	73.50 	72.00 	6.05M 	1.94%
Dec 04, 2012 	72.00 	71.05 	72.25 	71.05 	4.76M 	1.34%
Dec 03, 2012 	71.05 	70.10 	71.40 	70.10 	8.25M 	-0.56%
Nov 29, 2012 	71.45 	71.10 	72.00 	70.00 	7.13M 	0.49%
Nov 28, 2012 	71.10 	70.00 	71.90 	69.80 	3.55M 	1.72%
Nov 27, 2012 	69.90 	69.90 	70.05 	69.90 	5.64M 	0.00%
Nov 26, 2012 	69.90 	70.00 	71.00 	69.60 	2.66M 	0.72%
Nov 23, 2012 	69.40 	69.20 	69.70 	69.20 	3.18M 	0.29%
Nov 22, 2012 	69.20 	69.35 	69.50 	69.10 	3.56M 	0.00%
Nov 21, 2012 	69.20 	68.30 	70.20 	68.25 	12.26M 	1.32%
Nov 20, 2012 	68.30 	68.10 	68.60 	68.10 	12.99M 	0.29%
Nov 19, 2012 	68.10 	68.00 	68.35 	67.95 	3.44M 	0.15%
Nov 16, 2012 	68.00 	67.75 	68.35 	67.50 	3.80M 	0.37%
Nov 15, 2012 	67.75 	67.45 	67.75 	66.80 	1.21M 	0.59%
Nov 14, 2012 	67.35 	68.00 	68.70 	67.10 	3.70M 	-0.96%
Nov 13, 2012 	68.00 	68.15 	68.90 	67.60 	1.70M 	0.00%
Nov 12, 2012 	68.00 	68.75 	69.20 	67.95 	1.86M 	-1.38%
Nov 09, 2012 	68.95 	67.70 	69.20 	66.75 	4.15M 	1.85%
Nov 08, 2012 	67.70 	64.95 	67.70 	64.70 	7.35M 	4.15%
Nov 07, 2012 	65.00 	65.00 	65.00 	64.80 	25.95M 	0.00%
Nov 06, 2012 	65.00 	64.45 	65.10 	64.45 	10.04M 	1.01%
Nov 05, 2012 	64.35 	64.50 	64.65 	64.00 	4.72M 	0.55%
Oct 31, 2012 	64.00 	64.00 	64.00 	63.70 	1.09M 	-0.08%
Oct 30, 2012 	64.05 	64.30 	64.90 	63.80 	1.59M 	-0.16%
Oct 29, 2012 	64.15 	63.55 	64.50 	63.55 	775.76K 	1.02%
Oct 25, 2012 	63.50 	62.95 	63.50 	62.95 	1.90M 	0.87%
Oct 24, 2012 	62.95 	63.65 	63.65 	62.30 	1.28M 	-1.25%
Oct 23, 2012 	63.75 	63.60 	64.10 	63.60 	533.24K 	0.24%
Oct 22, 2012 	63.60 	63.10 	64.10 	63.10 	951.78K 	0.79%
Oct 19, 2012 	63.10 	65.00 	65.00 	63.10 	755.31K 	-2.92%
Oct 18, 2012 	65.00 	65.20 	65.30 	64.95 	2.00M 	0.08%
Oct 17, 2012 	64.95 	65.00 	65.00 	64.80 	2.59M 	0.23%
Oct 16, 2012 	64.80 	65.00 	65.00 	64.65 	1.97M 	0.08%
Oct 15, 2012 	64.75 	64.30 	64.95 	64.00 	840.81K 	0.39%
Oct 12, 2012 	64.50 	63.05 	64.50 	63.05 	1.98M 	2.38%
Oct 11, 2012 	63.00 	63.15 	63.85 	63.00 	1.74M 	-0.16%
Oct 10, 2012 	63.10 	63.00 	64.30 	62.00 	3.20M 	0.16%
Oct 09, 2012 	63.00 	64.50 	64.50 	62.90 	1.21M 	-2.02%
Oct 08, 2012 	64.30 	65.90 	65.90 	64.15 	1.11M 	-2.50%
Oct 05, 2012 	65.95 	66.10 	66.30 	65.90 	2.42M 	-0.15%
Oct 04, 2012 	66.05 	66.25 	66.30 	65.70 	3.33M 	-0.30%
Oct 03, 2012 	66.25 	65.75 	66.60 	65.75 	4.20M 	0.53%
Oct 02, 2012 	65.90 	64.60 	66.00 	64.60 	6.25M 	2.09%
Oct 01, 2012 	64.55 	63.60 	64.75 	63.60 	1.74M 	-0.54%
Sep 28, 2012 	64.90 	63.85 	64.90 	63.85 	6.09M 	1.72%
Sep 27, 2012 	63.80 	63.00 	63.85 	63.00 	2.83M 	0.79%
Sep 26, 2012 	63.30 	63.20 	63.30 	63.05 	4.26M 	0.48%
Sep 25, 2012 	63.00 	62.80 	63.10 	62.65 	2.30M 	0.08%
Sep 24, 2012 	62.95 	61.30 	62.95 	61.30 	1.43M 	3.37%
Sep 21, 2012 	60.90 	62.00 	62.10 	60.60 	2.23M 	-1.93%
Sep 20, 2012 	62.10 	62.65 	62.65 	62.10 	1.14M 	-0.88%
Sep 19, 2012 	62.65 	62.90 	62.90 	62.50 	1.73M 	-0.48%
Sep 18, 2012 	62.95 	61.70 	63.35 	61.30 	4.75M 	1.61%
Sep 17, 2012 	61.95 	61.40 	61.95 	61.00 	1.96M 	1.14%
Sep 14, 2012 	61.25 	60.40 	61.75 	60.40 	3.49M 	2.51%
Sep 13, 2012 	59.75 	59.30 	60.00 	59.30 	2.21M 	1.19%
Sep 12, 2012 	59.05 	59.80 	60.00 	59.00 	3.13M 	-0.34%
Sep 11, 2012 	59.25 	59.80 	59.80 	58.90 	3.79M 	-0.59%
Sep 10, 2012 	59.60 	60.50 	60.50 	59.60 	2.24M 	-1.49%
Sep 07, 2012 	60.50 	60.95 	61.10 	60.50 	1.40M 	0.50%
Sep 06, 2012 	60.20 	59.45 	60.80 	59.45 	808.58K 	1.18%
Sep 05, 2012 	59.50 	60.00 	60.15 	59.40 	2.07M 	-0.34%
Sep 04, 2012 	59.70 	60.10 	60.65 	59.70 	2.52M 	-1.57%
Sep 03, 2012 	60.65 	61.00 	61.00 	60.00 	754.00K 	-0.66%
Aug 31, 2012 	61.05 	60.20 	61.05 	59.90 	3.33M 	1.41%
Aug 30, 2012 	60.20 	60.65 	60.70 	60.00 	1.78M 	0.25%
Aug 29, 2012 	60.05 	60.00 	60.80 	60.00 	1.55M 	0.67%
Aug 28, 2012 	59.65 	59.40 	60.50 	59.35 	1.06M 	0.25%
Aug 24, 2012 	59.50 	59.50 	59.60 	59.30 	1.20M 	-0.42%
Aug 23, 2012 	59.75 	60.00 	60.00 	59.05 	4.57M 	0.67%
Aug 22, 2012 	59.35 	60.80 	60.80 	59.30 	3.04M 	-3.02%
Aug 17, 2012 	61.20 	61.15 	61.50 	61.00 	1.80M 	-0.33%
Aug 16, 2012 	61.40 	61.50 	61.50 	61.20 	553.85K 	-0.16%
Aug 15, 2012 	61.50 	62.00 	62.00 	61.50 	3.08M 	-0.73%
Aug 14, 2012 	61.95 	62.10 	62.60 	61.95 	2.51M 	-0.08%
Aug 13, 2012 	62.00 	62.00 	62.20 	61.80 	3.45M 	0.00%
Aug 10, 2012 	62.00 	62.50 	62.80 	61.90 	2.99M 	-0.40%
Aug 09, 2012 	62.25 	63.10 	63.50 	62.10 	4.21M 	-1.19%
Aug 08, 2012 	63.00 	63.00 	63.50 	62.65 	5.16M 	0.00%
Aug 06, 2012 	63.00 	62.90 	64.20 	62.30 	1.50M 	0.16%
Aug 03, 2012 	62.90 	64.00 	64.00 	62.70 	1.58M 	-1.72%
Aug 02, 2012 	64.00 	63.25 	64.55 	63.25 	3.44M 	1.19%
Aug 01, 2012 	63.25 	64.00 	64.50 	63.00 	2.32M 	-1.86%
Jul 31, 2012 	64.45 	63.10 	64.55 	63.10 	3.19M 	2.22%
Jul 30, 2012 	63.05 	62.00 	63.15 	62.00 	3.39M 	1.94%
Jul 27, 2012 	61.85 	61.60 	62.60 	61.55 	3.72M 	1.14%
Jul 26, 2012 	61.15 	61.00 	61.60 	61.00 	3.18M 	0.16%
Jul 25, 2012 	61.05 	61.35 	61.55 	61.00 	3.35M 	-0.33%
Jul 24, 2012 	61.25 	61.50 	61.50 	61.00 	5.75M 	-0.49%
Jul 23, 2012 	61.55 	63.40 	63.40 	61.45 	2.94M 	-3.60%
Jul 20, 2012 	63.85 	62.60 	63.85 	62.45 	3.05M 	1.35%
Jul 19, 2012 	63.00 	63.80 	63.80 	62.90 	1.67M 	-1.10%
Jul 18, 2012 	63.70 	63.80 	64.15 	63.50 	2.15M 	-0.16%
Jul 17, 2012 	63.80 	63.00 	64.05 	63.00 	3.17M 	1.27%
Jul 16, 2012 	63.00 	62.50 	63.30 	62.40 	2.35M 	1.37%
Jul 13, 2012 	62.15 	62.00 	62.40 	62.00 	1.76M 	0.24%
Jul 12, 2012 	62.00 	62.50 	62.60 	62.00 	1.89M 	-0.80%
Jul 11, 2012 	62.50 	62.00 	62.50 	62.00 	1.37M 	0.40%
Jul 10, 2012 	62.25 	63.00 	63.00 	62.00 	4.99M 	0.00%
Jul 09, 2012 	62.25 	63.55 	63.55 	62.20 	2.02M 	-2.20%
Jul 06, 2012 	63.65 	63.95 	64.00 	63.00 	2.65M 	-0.31%
Jul 05, 2012 	63.85 	63.90 	64.10 	63.60 	2.22M 	-0.08%
Jul 04, 2012 	63.90 	63.75 	64.10 	63.00 	1.71M 	-0.16%
Jul 03, 2012 	64.00 	63.55 	64.05 	63.50 	2.14M 	0.79%
Jul 02, 2012 	63.50 	63.40 	63.50 	63.00 	2.41M 	0.16%
Jun 29, 2012 	63.40 	63.20 	63.45 	62.80 	1.39M 	0.32%
Jun 28, 2012 	63.20 	63.60 	63.60 	62.50 	932.12K 	-0.16%
Jun 27, 2012 	63.30 	63.35 	63.85 	62.80 	1.06M 	0.00%
Jun 26, 2012 	63.30 	63.00 	63.40 	62.90 	759.59K 	0.48%
Jun 25, 2012 	63.00 	63.60 	64.20 	62.00 	965.95K 	-0.79%
Jun 22, 2012 	63.50 	62.10 	63.75 	62.00 	1.88M 	0.47%
Jun 21, 2012 	63.20 	64.45 	64.45 	63.05 	1.92M 	-1.25%
Jun 20, 2012 	64.00 	63.50 	65.00 	63.50 	5.13M 	1.51%
Jun 19, 2012 	63.05 	63.50 	63.60 	62.95 	3.69M 	0.16%
Jun 18, 2012 	62.95 	61.60 	63.50 	61.60 	2.31M 	3.11%
Jun 15, 2012 	61.05 	63.50 	63.50 	60.50 	3.35M 	-3.10%
Jun 14, 2012 	63.00 	63.95 	63.95 	63.00 	1.63M 	-7.89%
Jun 13, 2012 	68.40 	62.40 	68.40 	62.00 	2.07M 	9.62%
Jun 11, 2012 	62.40 	61.50 	62.50 	61.50 	829.12K 	-0.95%
Jun 07, 2012 	63.00 	63.46 	64.12 	62.67 	7.33M 	0.14%
Jun 06, 2012 	62.91 	61.33 	63.51 	60.86 	3.12M 	4.09%
Jun 05, 2012 	60.44 	60.35 	61.28 	60.35 	3.33M 	0.15%
Jun 04, 2012 	60.35 	60.77 	60.77 	60.26 	6.18M 	-1.60%
Jun 01, 2012 	61.33 	62.26 	62.26 	60.21 	4.29M 	-6.38%
May 31, 2012 	65.51 	60.86 	65.51 	58.49 	15.84M 	10.32%
May 30, 2012 	59.38 	60.31 	60.31 	58.82 	2.73M 	-1.23%
May 29, 2012 	60.12 	59.42 	60.40 	59.33 	1.56M 	1.18%
May 28, 2012 	59.42 	59.47 	59.47 	58.82 	1.00M 	1.02%
May 25, 2012 	58.82 	57.61 	59.38 	57.61 	1.81M 	2.19%
May 24, 2012 	57.56 	58.91 	58.91 	57.56 	678.53K 	-2.44%
May 23, 2012 	59.00 	57.84 	59.00 	57.61 	1.57M 	0.00%
May 22, 2012 	0.00 	0.00 	0.00 	0.00 	- 	-100.00%
May 21, 2012 	55.98 	56.83 	56.83 	55.93 	2.31M 	0.09%
May 18, 2012 	55.93 	57.74 	57.74 	55.93 	1.33M 	-3.13%
May 17, 2012 	57.74 	55.75 	57.74 	55.75 	3.99M 	3.57%
May 16, 2012 	55.75 	55.48 	56.70 	55.48 	3.22M 	0.65%
May 15, 2012 	55.39 	55.48 	56.56 	55.39 	1.48M 	-0.25%
May 14, 2012 	55.53 	56.83 	57.02 	55.53 	3.50M 	-2.29%
May 11, 2012 	56.83 	57.38 	58.46 	56.83 	328.34K 	-0.96%
May 10, 2012 	57.38 	57.56 	57.74 	57.20 	2.97M 	-0.23%
May 09, 2012 	57.51 	58.91 	58.95 	57.29 	5.84M 	-2.61%
May 08, 2012 	59.05 	60.08 	60.08 	58.86 	2.14M 	0.00%
May 07, 2012 	59.05 	59.95 	59.95 	58.55 	4.59M 	-2.30%
May 04, 2012 	60.44 	60.08 	60.44 	60.04 	2.30M 	0.60%
May 03, 2012 	60.08 	60.44 	60.44 	59.95 	3.59M 	0.15%
May 02, 2012 	59.99 	60.17 	60.44 	59.72 	1.58M 	0.45%
Apr 30, 2012 	59.72 	59.90 	60.17 	59.68 	1.96M 	-0.38%
Apr 27, 2012 	59.95 	60.17 	60.31 	59.90 	2.49M 	-0.45%
Apr 26, 2012 	60.22 	60.71 	60.80 	59.99 	3.80M 	-0.81%
Apr 25, 2012 	60.71 	61.26 	61.75 	60.71 	2.39M 	-1.04%
Apr 24, 2012 	61.35 	60.99 	61.71 	60.89 	783.70K 	-1.02%
Apr 23, 2012 	61.98 	61.07 	61.98 	60.40 	1.40M 	0.00%
Apr 20, 2012 	61.98 	59.90 	62.16 	59.90 	1.95M 	2.55%
Apr 19, 2012 	60.44 	60.85 	60.85 	60.31 	3.08M 	-0.67%
Apr 18, 2012 	60.85 	60.08 	61.44 	59.99 	5.37M 	1.43%
Apr 17, 2012 	59.99 	58.37 	60.26 	58.37 	3.96M 	2.86%
Apr 16, 2012 	58.32 	57.11 	58.37 	56.83 	2.41M 	2.12%
Apr 13, 2012 	57.11 	57.56 	57.69 	56.83 	5.74M 	-0.38%
Apr 12, 2012 	57.33 	56.65 	57.47 	56.65 	2.56M 	1.04%
Apr 11, 2012 	56.74 	56.16 	57.29 	56.07 	5.24M 	1.03%
Apr 10, 2012 	56.16 	54.31 	56.29 	54.13 	17.70M 	3.33%
Apr 04, 2012 	54.35 	55.26 	56.07 	54.35 	8.04M 	-1.16%
Apr 03, 2012 	54.99 	59.09 	59.09 	54.80 	11.96M 	-6.94%
Apr 02, 2012 	59.09 	59.54 	59.81 	59.00 	1.24M 	-1.05%
Mar 30, 2012 	59.72 	60.67 	60.67 	59.54 	2.72M 	-1.04%
Mar 29, 2012 	60.35 	60.98 	60.98 	60.31 	1.17M 	-0.74%
Mar 28, 2012 	60.80 	60.85 	60.89 	60.31 	459.78K 	0.51%
Mar 27, 2012 	60.49 	60.26 	60.53 	60.26 	920.51K 	0.45%
Mar 26, 2012 	60.22 	60.89 	60.89 	60.17 	769.69K 	-0.07%
Mar 23, 2012 	60.26 	60.44 	60.71 	59.81 	1.31M 	1.21%
Mar 22, 2012 	59.54 	59.86 	59.86 	59.23 	5.07M 	-0.75%
Mar 21, 2012 	59.99 	60.35 	60.35 	59.27 	2.00M 	-0.60%
Mar 20, 2012 	60.35 	61.17 	61.39 	59.99 	2.13M 	-1.63%
Mar 19, 2012 	61.35 	62.43 	62.43 	61.30 	1.86M 	-1.45%
Mar 16, 2012 	62.25 	61.35 	62.43 	61.17 	3.32M 	1.47%
Mar 15, 2012 	61.35 	61.35 	61.89 	60.94 	3.36M 	0.00%
Mar 14, 2012 	61.35 	61.35 	61.80 	61.30 	5.44M 	1.51%
Mar 13, 2012 	60.44 	59.14 	61.35 	59.09 	3.04M 	2.20%
Mar 12, 2012 	59.14 	59.45 	59.45 	59.00 	2.32M 	-0.52%
Mar 09, 2012 	59.45 	59.32 	59.68 	59.00 	1.16M 	0.00%