Feb 07, 2018 	14.300 	13.980 	14.300 	13.980 	3.11M 	3.77%
Feb 06, 2018 	13.780 	13.400 	13.960 	13.400 	7.12M 	-0.43%
Feb 05, 2018 	13.840 	14.140 	14.140 	13.820 	7.16M 	-4.95%
Feb 02, 2018 	14.560 	14.560 	14.560 	14.320 	2.13M 	0.69%
Feb 01, 2018 	14.460 	14.560 	14.560 	14.380 	6.26M 	0.42%
Jan 31, 2018 	14.400 	14.300 	14.540 	14.160 	11.16M 	0.70%
Jan 30, 2018 	14.300 	14.460 	14.500 	14.160 	5.31M 	-1.11%
Jan 29, 2018 	14.460 	14.480 	14.480 	14.220 	7.82M 	-0.28%
Jan 26, 2018 	14.500 	14.580 	14.620 	14.500 	8.07M 	-1.09%
Jan 25, 2018 	14.660 	14.540 	14.840 	14.540 	4.11M 	0.96%
Jan 24, 2018 	14.520 	14.840 	14.840 	14.520 	4.57M 	-2.16%
Jan 23, 2018 	14.840 	15.000 	15.060 	14.800 	3.26M 	-0.40%
Jan 22, 2018 	14.900 	14.640 	15.000 	14.600 	3.45M 	1.78%
Jan 19, 2018 	14.640 	14.940 	14.940 	14.580 	4.67M 	-1.08%
Jan 18, 2018 	14.800 	14.700 	15.000 	14.700 	3.82M 	-0.67%
Jan 17, 2018 	14.900 	14.820 	14.940 	14.740 	9.17M 	0.54%
Jan 16, 2018 	14.820 	15.060 	15.060 	14.820 	4.51M 	-0.80%
Jan 15, 2018 	14.940 	14.600 	15.060 	14.600 	963.20K 	2.33%
Jan 12, 2018 	14.600 	14.500 	14.640 	14.380 	11.19M 	-0.27%
Jan 11, 2018 	14.640 	14.980 	15.000 	14.320 	9.75M 	-2.27%
Jan 10, 2018 	14.980 	15.000 	15.180 	14.900 	5.86M 	0.54%
Jan 09, 2018 	14.900 	14.600 	14.940 	14.500 	9.30M 	2.76%
Jan 08, 2018 	14.500 	14.880 	14.940 	14.500 	5.85M 	-1.49%
Jan 05, 2018 	14.720 	14.440 	15.000 	14.400 	9.57M 	1.94%
Jan 04, 2018 	14.440 	14.160 	14.440 	14.160 	6.67M 	2.12%
Jan 03, 2018 	14.140 	14.600 	14.640 	14.040 	6.16M 	-1.81%
Dec 29, 2017 	14.400 	14.600 	14.800 	14.360 	4.42M 	-0.69%
Dec 28, 2017 	14.500 	14.400 	14.600 	14.340 	4.54M 	1.12%
Dec 27, 2017 	14.340 	14.300 	14.340 	14.220 	1.82M 	0.42%
Dec 22, 2017 	14.280 	14.100 	14.280 	14.100 	1.05M 	1.28%
Dec 21, 2017 	14.100 	14.200 	14.200 	14.020 	1.56M 	-0.42%
Dec 20, 2017 	14.160 	14.200 	14.240 	14.100 	3.89M 	-0.28%
Dec 19, 2017 	14.200 	14.100 	14.300 	14.040 	6.90M 	0.71%
Dec 18, 2017 	14.100 	13.900 	14.200 	13.860 	2.18M 	1.73%
Dec 15, 2017 	13.860 	14.280 	14.360 	13.860 	15.75M 	-2.67%
Dec 14, 2017 	14.240 	14.300 	14.400 	14.180 	11.40M 	0.00%
Dec 13, 2017 	14.240 	14.220 	14.300 	14.200 	4.47M 	0.14%
Dec 12, 2017 	14.220 	14.680 	14.680 	14.140 	7.48M 	-3.27%
Dec 11, 2017 	14.700 	14.580 	14.700 	14.400 	4.44M 	2.65%
Dec 08, 2017 	14.320 	14.480 	14.480 	14.260 	6.10M 	0.42%
Dec 07, 2017 	14.260 	14.060 	14.380 	14.020 	5.50M 	1.57%
Dec 06, 2017 	14.040 	14.280 	14.400 	14.040 	10.32M 	-2.50%
Dec 05, 2017 	14.400 	14.200 	14.580 	14.200 	5.07M 	1.27%
Dec 04, 2017 	14.220 	14.500 	14.880 	14.220 	3.51M 	-1.93%
Dec 01, 2017 	14.500 	14.980 	14.980 	14.460 	9.36M 	-3.59%
Nov 29, 2017 	15.040 	14.400 	15.040 	14.100 	12.43M 	4.30%
Nov 28, 2017 	14.420 	15.100 	15.100 	14.420 	6.48M 	-4.50%
Nov 27, 2017 	15.100 	15.000 	15.100 	14.620 	982.60K 	0.67%
Nov 24, 2017 	15.000 	14.700 	15.000 	14.460 	4.08M 	3.16%
Nov 23, 2017 	14.540 	14.500 	14.600 	14.500 	4.63M 	0.41%
Nov 22, 2017 	14.480 	14.640 	14.940 	14.480 	3.55M 	-0.96%
Nov 21, 2017 	14.620 	14.700 	14.700 	14.560 	7.09M 	0.27%
Nov 20, 2017 	14.580 	14.600 	14.700 	14.480 	6.72M 	0.55%
Nov 17, 2017 	14.500 	14.600 	14.680 	14.480 	5.36M 	-0.68%
Nov 16, 2017 	14.600 	14.600 	14.800 	14.500 	7.08M 	1.25%
Nov 15, 2017 	14.420 	15.100 	15.200 	14.420 	9.50M 	-4.50%
Nov 14, 2017 	15.100 	15.240 	15.280 	15.040 	5.70M 	0.00%
Nov 13, 2017 	15.100 	15.600 	15.600 	15.100 	6.14M 	-2.58%
Nov 10, 2017 	15.500 	15.500 	15.800 	15.260 	7.52M 	0.00%
Nov 09, 2017 	15.500 	15.500 	15.560 	15.220 	8.22M 	0.13%
Nov 08, 2017 	15.480 	15.700 	15.800 	15.360 	4.89M 	-1.40%
Nov 07, 2017 	15.700 	15.800 	15.800 	15.620 	9.36M 	-0.63%
Nov 06, 2017 	15.800 	15.540 	15.800 	15.480 	3.73M 	1.28%
Nov 03, 2017 	15.600 	15.800 	15.940 	15.600 	3.42M 	-0.64%
Nov 02, 2017 	15.700 	15.620 	15.900 	15.440 	6.93M 	2.35%
Oct 30, 2017 	15.340 	15.500 	15.900 	15.340 	4.11M 	-2.17%
Oct 27, 2017 	15.680 	15.300 	15.900 	15.300 	7.45M 	2.89%
Oct 26, 2017 	15.240 	15.520 	15.660 	15.240 	3.16M 	-1.80%
Oct 25, 2017 	15.520 	15.600 	15.620 	15.520 	8.38M 	-0.26%
Oct 24, 2017 	15.560 	15.520 	15.660 	15.520 	6.83M 	-0.26%
Oct 23, 2017 	15.600 	15.600 	15.740 	15.520 	2.90M 	0.00%
Oct 20, 2017 	15.600 	15.800 	15.800 	15.540 	6.85M 	-1.27%
Oct 19, 2017 	15.800 	15.840 	15.860 	15.600 	3.49M 	-0.25%
Oct 18, 2017 	15.840 	16.200 	16.200 	15.520 	2.83M 	-1.00%
Oct 17, 2017 	16.000 	16.260 	16.400 	16.000 	4.52M 	0.00%
Oct 13, 2017 	16.000 	16.280 	16.280 	15.900 	4.03M 	-1.72%
Oct 12, 2017 	16.280 	16.460 	16.480 	16.200 	5.68M 	-0.12%
Oct 11, 2017 	16.300 	16.000 	16.400 	15.980 	18.84M 	3.82%
Oct 10, 2017 	15.700 	15.920 	15.980 	15.700 	4.92M 	-0.38%
Oct 09, 2017 	15.760 	15.820 	15.900 	15.760 	2.15M 	-0.25%
Oct 06, 2017 	15.800 	15.920 	15.980 	15.700 	4.12M 	0.00%
Oct 05, 2017 	15.800 	15.760 	15.880 	15.700 	12.02M 	0.64%
Oct 04, 2017 	15.700 	15.760 	15.760 	15.680 	15.09M 	0.26%
Oct 03, 2017 	15.660 	15.680 	15.760 	15.600 	6.44M 	-0.13%
Oct 02, 2017 	15.680 	15.560 	15.800 	15.560 	9.23M 	0.51%
Sep 29, 2017 	15.600 	15.680 	15.800 	15.580 	8.17M 	-0.64%
Sep 28, 2017 	15.700 	15.760 	15.760 	15.660 	10.37M 	-0.13%
Sep 27, 2017 	15.720 	15.700 	15.840 	15.680 	13.64M 	0.13%
Sep 26, 2017 	15.700 	15.780 	15.780 	15.640 	13.06M 	-0.63%
Sep 25, 2017 	15.800 	15.900 	15.900 	15.760 	6.26M 	-0.63%
Sep 22, 2017 	15.900 	15.880 	16.100 	15.860 	5.12M 	0.13%
Sep 21, 2017 	15.880 	15.900 	15.900 	15.820 	7.44M 	-0.13%
Sep 20, 2017 	15.900 	15.820 	16.040 	15.800 	5.53M 	-0.13%
Sep 19, 2017 	15.920 	16.260 	16.260 	15.820 	5.36M 	-0.75%
Sep 18, 2017 	16.040 	16.500 	16.500 	15.960 	9.46M 	-2.91%
Sep 15, 2017 	16.520 	16.660 	16.700 	16.460 	10.92M 	-0.48%
Sep 14, 2017 	16.600 	16.400 	16.700 	16.300 	11.32M 	1.97%
Sep 13, 2017 	16.280 	16.100 	16.380 	16.000 	14.09M 	1.75%
Sep 11, 2017 	16.000 	15.780 	16.080 	15.780 	7.85M 	1.52%
Sep 08, 2017 	15.760 	15.600 	15.780 	15.560 	9.64M 	1.03%
Sep 07, 2017 	15.600 	15.600 	15.600 	15.360 	6.78M 	0.00%
Sep 06, 2017 	15.600 	15.320 	15.600 	15.300 	6.05M 	1.30%
Sep 05, 2017 	15.400 	15.440 	15.560 	15.220 	5.86M 	-0.26%
Sep 04, 2017 	15.440 	15.700 	15.700 	15.420 	4.34M 	-1.66%
Aug 31, 2017 	15.700 	15.300 	15.700 	15.300 	7.91M 	2.21%
Aug 30, 2017 	15.360 	15.320 	15.480 	15.320 	4.10M 	-0.90%
Aug 29, 2017 	15.500 	15.800 	15.800 	15.300 	6.18M 	-1.02%
Aug 25, 2017 	15.660 	15.900 	15.900 	15.640 	6.21M 	-0.89%
Aug 24, 2017 	15.800 	15.720 	15.980 	15.700 	6.33M 	0.51%
Aug 23, 2017 	15.720 	15.760 	15.800 	15.500 	9.35M 	-0.13%
Aug 22, 2017 	15.740 	15.780 	15.820 	15.600 	7.09M 	0.90%
Aug 18, 2017 	15.600 	15.800 	15.800 	15.300 	11.74M 	-0.64%
Aug 17, 2017 	15.700 	15.880 	15.880 	15.700 	6.22M 	-1.26%
Aug 16, 2017 	15.900 	15.960 	15.980 	15.700 	9.10M 	0.00%
Aug 15, 2017 	15.900 	15.880 	15.940 	15.820 	2.98M 	0.25%
Aug 14, 2017 	15.860 	15.880 	15.900 	15.820 	6.44M 	1.15%
Aug 11, 2017 	15.680 	15.880 	15.880 	15.400 	2.93M 	-0.76%
Aug 10, 2017 	15.800 	15.580 	15.800 	15.520 	4.88M 	1.41%
Aug 09, 2017 	15.580 	15.800 	15.800 	15.520 	4.83M 	-1.14%
Aug 08, 2017 	15.760 	15.800 	15.800 	15.500 	5.81M 	0.64%
Aug 07, 2017 	15.660 	15.660 	15.900 	15.640 	3.37M 	0.00%
Aug 04, 2017 	15.660 	15.600 	15.980 	15.600 	2.11M 	0.38%
Aug 03, 2017 	15.600 	15.500 	15.800 	15.500 	4.93M 	0.65%
Aug 02, 2017 	15.500 	16.000 	16.280 	15.500 	3.57M 	-3.13%
Aug 01, 2017 	16.000 	16.300 	16.300 	15.920 	12.53M 	-0.62%
Jul 31, 2017 	16.100 	16.100 	16.380 	16.040 	24.12M 	0.50%
Jul 28, 2017 	16.020 	15.960 	16.100 	15.900 	17.85M 	1.14%
Jul 27, 2017 	15.840 	15.780 	15.980 	15.780 	12.54M 	0.38%
Jul 26, 2017 	15.780 	15.700 	16.000 	15.700 	8.43M 	1.15%
Jul 25, 2017 	15.600 	15.840 	15.940 	15.580 	13.60M 	-1.89%
Jul 24, 2017 	15.900 	15.680 	15.980 	15.580 	9.36M 	1.92%
Jul 21, 2017 	15.600 	15.460 	15.680 	15.200 	8.43M 	0.91%
Jul 20, 2017 	15.460 	15.760 	15.760 	15.320 	9.58M 	-1.65%
Jul 19, 2017 	15.720 	15.300 	15.780 	15.300 	20.43M 	3.15%
Jul 18, 2017 	15.240 	15.300 	15.300 	15.160 	5.80M 	0.26%
Jul 17, 2017 	15.200 	15.120 	15.400 	15.120 	6.35M 	0.66%
Jul 14, 2017 	15.100 	15.200 	15.380 	14.880 	6.88M 	0.00%
Jul 13, 2017 	15.100 	15.000 	15.400 	15.000 	22.27M 	1.07%
Jul 12, 2017 	14.940 	14.600 	14.940 	14.600 	15.04M 	2.61%
Jul 11, 2017 	14.560 	14.520 	14.740 	14.500 	14.32M 	0.28%
Jul 10, 2017 	14.520 	14.700 	14.700 	14.520 	10.05M 	-1.22%
Jul 07, 2017 	14.700 	14.800 	14.820 	14.700 	6.89M 	-0.27%
Jul 06, 2017 	14.740 	14.560 	14.820 	14.520 	6.12M 	1.66%
Jul 05, 2017 	14.500 	14.500 	14.540 	14.420 	12.36M 	0.00%
Jul 04, 2017 	14.500 	14.340 	14.540 	14.280 	12.85M 	1.40%
Jul 03, 2017 	14.300 	14.200 	14.400 	14.200 	17.17M 	1.42%
Jun 30, 2017 	14.100 	14.400 	14.400 	14.040 	19.17M 	-1.67%
Jun 29, 2017 	14.340 	14.600 	14.600 	14.200 	15.50M 	-1.78%
Jun 28, 2017 	14.600 	14.640 	14.660 	14.500 	9.14M 	0.00%
Jun 27, 2017 	14.600 	14.720 	14.760 	14.500 	10.34M 	-0.27%
Jun 23, 2017 	14.640 	14.700 	14.760 	14.560 	9.59M 	0.55%
Jun 22, 2017 	14.560 	14.520 	14.700 	14.500 	8.66M 	0.28%
Jun 21, 2017 	14.520 	14.620 	14.620 	14.380 	10.60M 	0.00%
Jun 20, 2017 	14.520 	14.640 	14.820 	14.500 	6.56M 	-0.82%
Jun 19, 2017 	14.640 	14.460 	14.800 	14.440 	7.93M 	1.53%
Jun 16, 2017 	14.420 	14.540 	14.700 	14.400 	10.22M 	-0.83%
Jun 15, 2017 	14.540 	14.900 	15.100 	14.400 	13.82M 	-2.42%
Jun 14, 2017 	14.900 	14.620 	15.040 	14.600 	12.34M 	2.76%
Jun 13, 2017 	14.500 	14.740 	15.200 	14.360 	18.79M 	0.00%
Jun 09, 2017 	14.500 	14.200 	14.900 	14.200 	19.59M 	2.11%
Jun 08, 2017 	14.200 	14.680 	14.800 	14.100 	11.82M 	-2.74%
Jun 07, 2017 	14.600 	14.160 	14.720 	14.160 	19.80M 	3.55%
Jun 06, 2017 	14.100 	14.000 	14.300 	14.000 	13.77M 	1.29%
Jun 05, 2017 	13.920 	13.700 	14.060 	13.660 	14.39M 	1.90%
Jun 02, 2017 	13.660 	13.380 	13.900 	13.380 	12.24M 	1.79%
Jun 01, 2017 	13.420 	13.440 	13.440 	13.380 	12.88M 	-0.15%
May 31, 2017 	13.440 	13.340 	13.460 	13.320 	22.41M 	0.60%
May 30, 2017 	13.360 	13.420 	13.460 	13.340 	5.63M 	-0.45%
May 29, 2017 	13.420 	13.380 	13.500 	13.380 	3.98M 	0.15%
May 26, 2017 	13.400 	13.440 	13.480 	13.400 	11.06M 	-0.15%
May 25, 2017 	13.420 	13.500 	13.500 	13.360 	13.46M 	-0.59%
May 24, 2017 	13.500 	13.500 	13.680 	13.440 	8.06M 	-0.15%
May 23, 2017 	13.520 	13.400 	13.560 	13.360 	9.66M 	1.20%
May 22, 2017 	13.360 	13.240 	13.360 	13.220 	4.59M 	0.91%
May 19, 2017 	13.240 	13.220 	13.280 	13.220 	7.62M 	0.00%
May 18, 2017 	13.240 	13.320 	13.320 	13.100 	7.07M 	-0.60%
May 17, 2017 	13.320 	13.280 	13.400 	13.240 	3.75M 	1.06%
May 16, 2017 	13.180 	13.280 	13.280 	13.080 	12.91M 	0.15%
May 15, 2017 	13.160 	13.160 	13.280 	13.120 	10.50M 	0.30%
May 12, 2017 	13.120 	13.200 	13.280 	13.080 	16.62M 	-0.30%
May 11, 2017 	13.160 	13.160 	13.280 	13.140 	11.66M 	-0.15%
May 10, 2017 	13.180 	13.260 	13.460 	13.040 	23.09M 	0.00%
May 09, 2017 	13.180 	13.300 	13.300 	13.100 	5.61M 	-0.60%
May 08, 2017 	13.260 	13.200 	13.380 	13.100 	7.44M 	0.15%
May 05, 2017 	13.240 	13.200 	13.260 	13.100 	12.29M 	1.07%
May 04, 2017 	13.100 	12.960 	13.340 	12.960 	13.01M 	1.08%
May 03, 2017 	12.960 	12.960 	13.080 	12.960 	9.36M 	-0.31%
May 02, 2017 	13.000 	12.960 	13.020 	12.840 	6.62M 	1.09%
Apr 27, 2017 	12.860 	13.040 	13.060 	12.780 	9.57M 	-1.08%
Apr 26, 2017 	13.000 	13.120 	13.220 	12.780 	20.79M 	0.00%
Apr 25, 2017 	13.000 	12.720 	13.120 	12.720 	31.02M 	3.17%
Apr 24, 2017 	12.600 	12.780 	12.800 	12.440 	4.50M 	-1.41%
Apr 21, 2017 	12.780 	12.240 	12.780 	12.220 	13.88M 	4.24%
Apr 20, 2017 	12.260 	11.900 	12.260 	11.900 	8.29M 	3.20%
Apr 19, 2017 	11.880 	11.880 	11.900 	11.800 	8.91M 	0.68%
Apr 18, 2017 	11.800 	11.940 	11.960 	11.800 	12.10M 	-1.34%
Apr 17, 2017 	11.960 	11.940 	12.078 	11.921 	14.69M 	0.33%
Apr 12, 2017 	11.921 	11.862 	11.940 	11.842 	13.92M 	1.16%
Apr 11, 2017 	11.784 	11.862 	12.097 	11.744 	16.77M 	-0.66%
Apr 10, 2017 	11.862 	11.823 	11.980 	11.823 	15.42M 	0.83%
Apr 07, 2017 	11.764 	11.685 	11.980 	11.646 	26.46M 	0.00%
Apr 06, 2017 	11.764 	11.607 	11.842 	11.607 	21.95M 	2.56%
Apr 05, 2017 	11.470 	11.607 	11.646 	11.372 	32.76M 	-0.85%
Apr 04, 2017 	11.568 	11.274 	11.627 	11.274 	15.53M 	2.61%
Apr 03, 2017 	11.274 	11.333 	11.333 	11.176 	12.08M 	-1.11%
Mar 31, 2017 	11.400 	11.760 	11.760 	11.260 	15.24M 	-1.72%
Mar 30, 2017 	11.600 	11.840 	11.860 	11.600 	14.35M 	-1.19%
Mar 29, 2017 	11.740 	11.680 	11.860 	11.680 	34.21M 	1.03%
Mar 28, 2017 	11.620 	11.600 	11.640 	11.560 	15.64M 	1.04%
Mar 27, 2017 	11.500 	11.500 	11.600 	11.500 	12.65M 	0.00%
Mar 24, 2017 	11.500 	11.640 	11.640 	11.500 	39.69M 	-1.03%
Mar 23, 2017 	11.620 	11.580 	11.780 	11.520 	21.41M 	0.52%
Mar 22, 2017 	11.560 	11.740 	11.740 	11.440 	15.44M 	-1.70%
Mar 21, 2017 	11.760 	11.800 	11.960 	11.740 	14.88M 	-0.84%
Mar 20, 2017 	11.860 	11.860 	12.020 	11.840 	10.56M 	0.00%
Mar 17, 2017 	11.860 	12.240 	12.240 	11.800 	29.72M 	-1.50%
Mar 16, 2017 	12.040 	12.280 	12.280 	12.000 	13.29M 	-1.79%
Mar 15, 2017 	12.260 	12.360 	12.400 	12.180 	5.16M 	-0.81%
Mar 14, 2017 	12.360 	12.500 	12.520 	12.280 	9.92M 	-1.28%
Mar 13, 2017 	12.520 	12.460 	12.580 	12.440 	1.66M 	0.48%
Mar 10, 2017 	12.460 	12.380 	12.540 	12.340 	6.67M 	0.81%
Mar 09, 2017 	12.360 	12.400 	12.420 	12.240 	5.96M 	-0.32%
Mar 08, 2017 	12.400 	12.760 	12.780 	12.360 	6.49M 	-2.21%
Mar 07, 2017 	12.680 	12.800 	13.000 	12.660 	7.00M 	-0.94%
Mar 06, 2017 	12.800 	13.060 	13.100 	12.780 	8.32M 	-1.99%
Mar 03, 2017 	13.060 	13.060 	13.060 	12.900 	2.60M 	0.00%
Mar 02, 2017 	13.060 	12.840 	13.120 	12.720 	3.27M 	1.56%
Mar 01, 2017 	12.860 	12.720 	12.920 	12.720 	2.66M 	1.42%
Feb 28, 2017 	12.680 	13.100 	13.100 	12.680 	5.82M 	-3.21%
Feb 27, 2017 	13.100 	13.060 	13.200 	13.000 	3.90M 	0.77%
Feb 24, 2017 	13.000 	13.180 	13.260 	12.960 	14.99M 	-1.37%
Feb 23, 2017 	13.180 	13.160 	13.320 	13.120 	13.83M 	0.15%
Feb 22, 2017 	13.160 	13.160 	13.240 	13.140 	3.17M 	0.00%
Feb 21, 2017 	13.160 	13.200 	13.220 	13.080 	5.30M 	-0.30%
Feb 20, 2017 	13.200 	13.040 	13.320 	13.000 	16.33M 	1.54%
Feb 17, 2017 	13.000 	13.100 	13.100 	12.920 	8.16M 	-0.31%
Feb 16, 2017 	13.040 	13.000 	13.240 	13.000 	10.77M 	-0.46%
Feb 15, 2017 	13.100 	13.080 	13.100 	12.940 	2.34M 	0.46%
Feb 14, 2017 	13.040 	12.940 	13.100 	12.940 	2.95M 	0.00%
Feb 13, 2017 	13.040 	13.120 	13.180 	12.860 	5.54M 	0.31%
Feb 10, 2017 	13.000 	13.180 	13.180 	12.900 	7.74M 	-0.76%
Feb 09, 2017 	13.100 	13.180 	13.180 	12.980 	4.86M 	0.92%
Feb 08, 2017 	12.980 	12.980 	13.180 	12.960 	9.82M 	0.00%
Feb 07, 2017 	12.980 	13.080 	13.260 	12.920 	7.54M 	-0.92%
Feb 06, 2017 	13.100 	13.040 	13.120 	13.040 	6.50M 	1.08%
Feb 03, 2017 	12.960 	13.000 	13.080 	12.820 	3.63M 	-0.31%
Feb 02, 2017 	13.000 	13.120 	13.120 	12.780 	4.69M 	-0.61%
Feb 01, 2017 	13.080 	12.900 	13.080 	12.820 	4.09M 	1.24%
Jan 31, 2017 	12.920 	13.040 	13.040 	12.920 	4.29M 	-0.62%
Jan 30, 2017 	13.000 	13.000 	13.100 	12.960 	1.50M 	0.00%
Jan 27, 2017 	13.000 	12.900 	13.060 	12.900 	3.92M 	0.00%
Jan 26, 2017 	13.000 	12.860 	13.140 	12.820 	9.55M 	1.09%
Jan 25, 2017 	12.860 	13.160 	13.160 	12.860 	9.12M 	-1.83%
Jan 24, 2017 	13.100 	13.020 	13.160 	13.020 	11.46M 	0.00%
Jan 23, 2017 	13.100 	13.040 	13.260 	12.960 	7.85M 	0.31%
Jan 20, 2017 	13.060 	13.140 	13.180 	12.960 	8.99M 	-0.31%
Jan 19, 2017 	13.100 	13.180 	13.240 	12.940 	9.76M 	-0.46%
Jan 18, 2017 	13.160 	12.900 	13.180 	12.740 	5.89M 	2.02%
Jan 17, 2017 	12.900 	13.080 	13.200 	12.780 	6.19M 	-1.38%
Jan 16, 2017 	13.080 	13.100 	13.160 	13.020 	3.84M 	0.00%
Jan 13, 2017 	13.080 	13.400 	13.400 	13.060 	7.53M 	-0.15%
Jan 12, 2017 	13.100 	13.040 	13.200 	12.960 	2.30M 	0.46%
Jan 11, 2017 	13.040 	13.100 	13.200 	13.000 	7.14M 	0.31%
Jan 10, 2017 	13.000 	13.100 	13.200 	12.880 	18.20M 	0.00%
Jan 09, 2017 	13.000 	13.120 	13.120 	13.000 	6.08M 	-0.76%
Jan 06, 2017 	13.100 	13.400 	13.500 	13.080 	14.62M 	-2.67%
Jan 05, 2017 	13.460 	13.500 	13.500 	13.400 	14.18M 	-0.15%
Jan 04, 2017 	13.480 	13.300 	13.580 	13.300 	9.50M 	1.66%
Jan 03, 2017 	13.260 	13.260 	13.260 	13.000 	1.06M 	0.00%
Dec 29, 2016 	13.260 	12.740 	13.280 	12.740 	5.16M 	1.22%
Dec 28, 2016 	13.100 	12.680 	13.100 	12.680 	2.80M 	3.31%
Dec 27, 2016 	12.680 	12.300 	12.680 	12.280 	2.85M 	0.63%
Dec 23, 2016 	12.600 	12.480 	12.600 	12.080 	8.84M 	0.80%
Dec 22, 2016 	12.500 	12.840 	13.000 	12.500 	12.02M 	-2.65%
Dec 21, 2016 	12.840 	13.000 	13.000 	12.840 	5.40M 	-0.16%
Dec 20, 2016 	12.860 	13.200 	13.200 	12.860 	7.80M 	-2.58%
Dec 19, 2016 	13.200 	12.940 	13.400 	12.900 	8.71M 	2.33%
Dec 16, 2016 	12.900 	13.500 	13.600 	12.900 	8.87M 	-4.30%
Dec 15, 2016 	13.480 	13.460 	13.540 	13.300 	6.21M 	0.15%
Dec 14, 2016 	13.460 	13.660 	13.660 	13.440 	10.37M 	-0.15%
Dec 13, 2016 	13.480 	13.480 	13.520 	13.400 	4.95M 	0.00%
Dec 12, 2016 	13.480 	13.500 	13.600 	13.320 	4.77M 	-0.15%
Dec 09, 2016 	13.500 	13.600 	13.680 	13.420 	5.59M 	0.15%
Dec 08, 2016 	13.480 	13.360 	13.500 	13.340 	8.66M 	1.97%
Dec 07, 2016 	13.220 	13.060 	13.300 	13.060 	10.48M 	1.23%
Dec 06, 2016 	13.060 	13.100 	13.100 	12.960 	8.60M 	-0.61%
Dec 05, 2016 	13.140 	13.400 	13.400 	13.100 	5.77M 	-1.94%
Dec 02, 2016 	13.400 	13.500 	13.520 	13.380 	8.53M 	-0.74%
Dec 01, 2016 	13.500 	13.800 	13.800 	13.480 	13.70M 	0.00%
Nov 29, 2016 	13.500 	13.000 	13.700 	13.000 	21.01M 	2.58%
Nov 28, 2016 	13.160 	12.740 	13.200 	12.700 	8.35M 	3.30%
Nov 25, 2016 	12.740 	12.980 	13.260 	12.740 	7.37M 	-2.00%
Nov 24, 2016 	13.000 	13.180 	13.380 	13.000 	3.83M 	-1.52%
Nov 23, 2016 	13.200 	13.440 	13.440 	13.020 	4.33M 	-1.79%
Nov 22, 2016 	13.440 	13.500 	14.000 	13.400 	16.38M 	-0.44%
Nov 21, 2016 	13.500 	13.400 	13.900 	13.340 	9.96M 	0.75%
Nov 18, 2016 	13.400 	13.080 	13.700 	12.880 	15.04M 	3.08%
Nov 17, 2016 	13.000 	12.940 	13.200 	12.940 	4.84M 	0.62%
Nov 16, 2016 	12.920 	13.000 	13.300 	12.880 	6.13M 	-0.62%
Nov 15, 2016 	13.000 	12.020 	13.220 	12.020 	18.08M 	6.38%
Nov 14, 2016 	12.220 	12.000 	12.500 	11.940 	7.73M 	0.99%
Nov 11, 2016 	12.100 	12.560 	12.800 	12.100 	11.28M 	-5.47%
Nov 10, 2016 	12.800 	12.800 	13.160 	12.700 	9.49M 	0.63%
Nov 09, 2016 	12.720 	12.620 	12.840 	12.340 	5.29M 	0.95%
Nov 08, 2016 	12.600 	12.300 	12.840 	12.300 	10.38M 	3.45%
Nov 07, 2016 	12.180 	12.180 	12.300 	12.000 	4.70M 	-0.49%
Nov 04, 2016 	12.240 	12.160 	12.280 	11.840 	4.26M 	0.49%
Nov 03, 2016 	12.180 	12.100 	12.380 	11.780 	7.20M 	0.66%
Nov 02, 2016 	12.100 	12.240 	12.600 	12.100 	9.48M 	-3.20%
Oct 28, 2016 	12.500 	12.320 	12.500 	12.220 	3.20M 	1.63%
Oct 27, 2016 	12.300 	12.640 	12.700 	12.300 	16.62M 	-3.61%
Oct 26, 2016 	12.760 	13.000 	13.000 	12.640 	14.53M 	-2.30%
Oct 25, 2016 	13.060 	13.200 	13.300 	13.060 	4.65M 	-0.76%
Oct 24, 2016 	13.160 	13.200 	13.260 	13.100 	3.42M 	-1.35%
Oct 21, 2016 	13.340 	13.560 	13.600 	13.120 	6.64M 	-1.62%
Oct 20, 2016 	13.560 	13.800 	13.820 	13.480 	7.13M 	-1.74%
Oct 19, 2016 	13.800 	13.200 	13.800 	13.200 	11.73M 	4.55%
Oct 18, 2016 	13.200 	12.960 	13.400 	12.940 	12.80M 	1.85%
Oct 17, 2016 	12.960 	12.680 	13.200 	12.540 	12.51M 	2.21%
Oct 14, 2016 	12.680 	12.500 	12.920 	12.500 	5.15M 	1.44%
Oct 13, 2016 	12.500 	12.400 	12.520 	12.320 	5.56M 	0.00%
Oct 12, 2016 	12.500 	12.660 	12.660 	12.340 	8.68M 	-2.04%
Oct 11, 2016 	12.760 	12.700 	12.960 	12.700 	6.20M 	1.27%
Oct 10, 2016 	12.600 	12.600 	12.700 	12.200 	5.43M 	-0.79%
Oct 07, 2016 	12.700 	12.620 	12.900 	12.540 	6.85M 	0.16%
Oct 06, 2016 	12.680 	12.700 	12.800 	12.620 	2.83M 	-1.09%
Oct 05, 2016 	12.820 	12.820 	12.820 	12.640 	2.35M 	0.00%
Oct 04, 2016 	12.820 	12.600 	12.920 	12.600 	6.91M 	1.75%
Oct 03, 2016 	12.600 	12.080 	12.720 	12.080 	12.10M 	4.48%
Sep 30, 2016 	12.060 	12.160 	12.520 	12.000 	4.78M 	-0.82%
Sep 29, 2016 	12.160 	11.880 	12.300 	11.880 	18.24M 	3.05%
Sep 28, 2016 	11.800 	11.960 	11.960 	11.800 	5.09M 	-1.34%
Sep 27, 2016 	11.960 	11.940 	11.960 	11.640 	6.86M 	0.84%
Sep 26, 2016 	11.860 	12.000 	12.000 	11.720 	1.70M 	-0.67%
Sep 23, 2016 	11.940 	11.800 	12.000 	11.800 	9.01M 	-0.50%
Sep 22, 2016 	12.000 	12.000 	12.060 	11.940 	12.30M 	0.17%
Sep 21, 2016 	11.980 	11.880 	11.980 	11.860 	9.68M 	0.84%
Sep 20, 2016 	11.880 	11.600 	12.060 	11.600 	9.81M 	2.77%
Sep 19, 2016 	11.560 	11.380 	11.640 	11.380 	2.89M 	1.76%
Sep 16, 2016 	11.360 	11.960 	11.960 	11.360 	8.81M 	-6.73%
Sep 15, 2016 	12.180 	11.600 	12.180 	11.520 	4.46M 	5.00%
Sep 14, 2016 	11.600 	11.660 	11.660 	11.540 	6.39M 	-0.51%
Sep 13, 2016 	11.660 	11.620 	11.740 	11.560 	3.36M 	-0.68%
Sep 09, 2016 	11.740 	11.800 	12.000 	11.700 	5.78M 	-1.34%
Sep 08, 2016 	11.900 	11.560 	12.000 	11.500 	8.47M 	1.36%
Sep 07, 2016 	11.740 	11.800 	11.800 	11.500 	8.23M 	0.34%
Sep 06, 2016 	11.700 	11.800 	11.960 	11.600 	4.09M 	-0.85%
Sep 05, 2016 	11.800 	11.800 	11.840 	11.700 	2.04M 	0.00%
Sep 02, 2016 	11.800 	11.900 	11.900 	11.700 	7.10M 	0.00%
Sep 01, 2016 	11.800 	11.500 	11.880 	11.500 	11.74M 	2.61%
Aug 31, 2016 	11.500 	11.940 	11.940 	11.500 	6.66M 	-3.85%
Aug 30, 2016 	11.960 	12.160 	12.160 	11.520 	7.67M 	-0.33%
Aug 26, 2016 	12.000 	11.900 	12.040 	11.900 	20.64M 	0.84%
Aug 25, 2016 	11.900 	11.960 	12.000 	11.900 	3.25M 	-0.50%
Aug 24, 2016 	11.960 	12.180 	12.180 	11.900 	4.53M 	-1.81%
Aug 23, 2016 	12.180 	12.580 	12.580 	12.100 	3.66M 	-3.33%
Aug 22, 2016 	12.600 	12.600 	12.860 	12.560 	12.34M 	-0.79%
Aug 19, 2016 	12.700 	12.360 	12.880 	12.260 	10.61M 	3.93%
Aug 18, 2016 	12.220 	12.100 	12.300 	12.040 	5.29M 	0.99%
Aug 17, 2016 	12.100 	12.240 	12.340 	12.060 	4.10M 	-1.14%
Aug 16, 2016 	12.240 	12.240 	12.400 	12.200 	7.80M 	1.16%
Aug 15, 2016 	12.100 	12.280 	12.300 	11.900 	9.43M 	-1.47%
Aug 12, 2016 	12.280 	12.720 	12.800 	12.000 	12.03M 	-4.06%
Aug 11, 2016 	12.800 	12.980 	13.000 	12.600 	7.51M 	-1.39%
Aug 10, 2016 	12.980 	12.980 	13.000 	12.800 	6.63M 	-0.15%
Aug 09, 2016 	13.000 	13.000 	13.000 	12.940 	8.17M 	0.00%
Aug 08, 2016 	13.000 	13.020 	13.020 	12.900 	6.76M 	0.00%
Aug 05, 2016 	13.000 	13.000 	13.060 	12.980 	6.09M 	0.00%
Aug 04, 2016 	13.000 	12.700 	13.040 	12.680 	10.97M 	2.36%
Aug 03, 2016 	12.700 	13.000 	13.000 	12.560 	5.65M 	-2.31%
Aug 02, 2016 	13.000 	13.080 	13.080 	12.900 	8.04M 	-0.61%
Aug 01, 2016 	13.080 	13.040 	13.080 	12.840 	5.93M 	0.46%
Jul 29, 2016 	13.020 	13.080 	13.180 	13.000 	7.93M 	0.15%
Jul 28, 2016 	13.000 	13.000 	13.060 	12.820 	12.14M 	0.00%
Jul 27, 2016 	13.000 	13.060 	13.200 	12.860 	10.22M 	-0.46%
Jul 26, 2016 	13.060 	12.940 	13.200 	12.900 	15.17M 	1.24%
Jul 25, 2016 	12.900 	12.780 	13.000 	12.700 	4.93M 	1.57%
Jul 22, 2016 	12.700 	12.900 	13.140 	12.700 	5.28M 	-1.55%
Jul 21, 2016 	12.900 	12.700 	12.900 	12.560 	4.32M 	0.94%
Jul 20, 2016 	12.780 	12.800 	12.800 	12.620 	2.59M 	-0.16%
Jul 19, 2016 	12.800 	12.860 	12.860 	12.760 	3.94M 	1.59%
Jul 18, 2016 	12.600 	12.800 	12.800 	12.580 	4.81M 	-1.25%
Jul 15, 2016 	12.760 	12.800 	12.800 	12.700 	4.90M 	0.47%
Jul 14, 2016 	12.700 	12.860 	12.860 	12.700 	3.45M 	-0.78%
Jul 13, 2016 	12.800 	12.800 	12.840 	12.780 	3.72M 	0.16%
Jul 12, 2016 	12.780 	12.720 	12.780 	12.700 	2.16M 	0.63%
Jul 11, 2016 	12.700 	12.760 	12.860 	12.600 	2.31M 	1.60%
Jul 08, 2016 	12.500 	12.680 	12.700 	12.420 	3.58M 	-1.42%
Jul 07, 2016 	12.680 	12.740 	12.740 	12.640 	1.78M 	-0.47%
Jul 05, 2016 	12.740 	12.900 	12.960 	12.640 	3.30M 	-0.93%
Jul 04, 2016 	12.860 	12.700 	12.940 	12.660 	4.31M 	1.26%
Jul 01, 2016 	12.700 	12.800 	12.840 	12.660 	1.46M 	0.79%
Jun 30, 2016 	12.600 	12.820 	13.000 	12.440 	8.47M 	-1.56%
Jun 29, 2016 	12.800 	12.600 	12.860 	12.600 	4.51M 	1.59%
Jun 28, 2016 	12.600 	12.700 	12.700 	12.460 	4.85M 	-0.79%
Jun 27, 2016 	12.700 	12.420 	12.700 	12.380 	3.83M 	2.25%
Jun 24, 2016 	12.420 	12.940 	13.000 	12.380 	7.89M 	-2.82%
Jun 23, 2016 	12.780 	12.900 	12.900 	12.640 	5.74M 	-0.93%
Jun 22, 2016 	12.900 	12.900 	13.000 	12.400 	10.31M 	0.00%
Jun 21, 2016 	12.900 	12.900 	12.940 	12.860 	4.40M 	0.47%
Jun 20, 2016 	12.840 	12.920 	12.920 	12.720 	3.82M 	-0.62%
Jun 17, 2016 	12.920 	12.920 	13.000 	12.860 	5.09M 	1.10%
Jun 16, 2016 	12.780 	12.960 	12.960 	12.700 	2.41M 	0.00%
Jun 15, 2016 	12.780 	12.700 	12.900 	12.700 	2.71M 	0.63%
Jun 14, 2016 	12.700 	12.980 	12.980 	12.700 	1.81M 	-3.79%
Jun 13, 2016 	13.200 	12.820 	13.200 	12.660 	2.37M 	2.48%
Jun 10, 2016 	12.880 	12.820 	13.000 	12.820 	2.47M 	1.10%
Jun 09, 2016 	12.740 	13.220 	13.220 	12.740 	3.06M 	-3.63%
Jun 08, 2016 	13.220 	13.300 	13.380 	13.160 	7.98M 	0.61%
Jun 07, 2016 	13.140 	12.820 	13.340 	12.800 	10.06M 	3.96%
Jun 06, 2016 	12.640 	12.760 	12.780 	12.640 	2.02M 	-0.94%
Jun 03, 2016 	12.760 	12.700 	12.800 	12.700 	1.54M 	0.31%
Jun 02, 2016 	12.720 	12.580 	12.760 	12.560 	1.82M 	-0.16%
Jun 01, 2016 	12.740 	12.700 	12.820 	12.640 	982.10K 	0.31%
May 31, 2016 	12.700 	12.620 	12.700 	12.360 	12.94M 	0.32%
May 30, 2016 	12.660 	12.600 	12.820 	12.600 	3.77M 	0.48%
May 27, 2016 	12.600 	12.600 	12.600 	12.500 	3.38M 	0.00%
May 26, 2016 	12.600 	12.640 	12.740 	12.520 	2.86M 	-0.32%
May 25, 2016 	12.640 	12.600 	12.720 	12.580 	3.39M 	0.64%
May 24, 2016 	12.560 	12.820 	12.820 	12.340 	10.98M 	-0.95%
May 23, 2016 	12.680 	12.719 	12.739 	12.621 	8.37M 	-0.31%
May 20, 2016 	12.719 	12.641 	12.739 	12.641 	9.61M 	-0.31%
May 19, 2016 	12.758 	12.857 	12.857 	12.700 	10.16M 	-0.16%
May 18, 2016 	12.778 	12.758 	12.955 	12.660 	13.01M 	0.77%
May 17, 2016 	12.680 	12.621 	12.758 	12.523 	9.30M 	0.78%
May 16, 2016 	12.582 	12.268 	12.700 	12.268 	18.10M 	1.58%
May 13, 2016 	12.386 	12.425 	12.503 	12.229 	4.22M 	0.16%
May 12, 2016 	12.366 	12.425 	12.425 	12.248 	5.78M 	-0.47%
May 11, 2016 	12.425 	12.032 	12.484 	11.973 	11.85M 	3.78%
May 10, 2016 	11.973 	11.522 	11.973 	11.443 	4.47M 	2.33%
May 06, 2016 	11.700 	11.660 	11.820 	11.560 	4.25M 	-0.34%
May 05, 2016 	11.740 	11.800 	11.920 	11.620 	3.30M 	-2.17%
May 04, 2016 	12.000 	11.900 	12.000 	11.780 	2.30M 	0.84%
May 03, 2016 	11.900 	12.160 	12.160 	11.800 	4.25M 	-0.67%
May 02, 2016 	11.980 	12.300 	12.300 	11.800 	4.38M 	-4.01%
Apr 29, 2016 	12.480 	12.360 	12.480 	12.240 	4.06M 	0.97%
Apr 28, 2016 	12.360 	12.200 	12.420 	12.120 	6.34M 	2.15%
Apr 27, 2016 	12.100 	12.380 	12.380 	11.900 	3.56M 	-2.26%
Apr 26, 2016 	12.380 	12.480 	12.480 	12.280 	6.58M 	-0.64%
Apr 25, 2016 	12.460 	12.360 	12.640 	12.360 	6.11M 	0.81%
Apr 22, 2016 	12.360 	12.380 	12.400 	12.320 	5.89M 	0.00%
Apr 21, 2016 	12.360 	12.400 	12.440 	12.300 	8.19M 	0.00%
Apr 20, 2016 	12.360 	12.440 	12.700 	12.200 	8.38M 	-0.48%
Apr 19, 2016 	12.420 	12.420 	12.500 	12.380 	5.16M 	0.16%
Apr 18, 2016 	12.400 	12.700 	12.720 	12.400 	6.91M 	-2.36%
Apr 15, 2016 	12.700 	12.800 	12.800 	12.640 	12.49M 	-0.47%
Apr 14, 2016 	12.760 	12.720 	13.020 	12.720 	6.86M 	0.31%
Apr 13, 2016 	12.720 	12.820 	12.900 	12.680 	11.55M 	-0.78%
Apr 12, 2016 	12.820 	12.900 	12.940 	12.740 	9.60M 	0.79%
Apr 11, 2016 	12.720 	12.680 	12.980 	12.600 	6.33M 	0.16%
Apr 08, 2016 	12.700 	12.760 	12.780 	12.600 	7.71M 	-0.47%
Apr 07, 2016 	12.760 	12.800 	12.820 	12.700 	8.84M 	1.27%
Apr 06, 2016 	12.600 	12.800 	12.820 	12.520 	3.54M 	-1.41%
Apr 05, 2016 	12.780 	12.660 	12.840 	12.660 	2.23M 	1.11%
Apr 04, 2016 	12.640 	13.000 	13.280 	12.520 	4.44M 	-2.77%
Apr 01, 2016 	13.000 	13.300 	13.400 	12.820 	3.74M 	-2.99%
Mar 31, 2016 	13.400 	13.600 	13.600 	13.240 	8.12M 	-1.03%
Mar 30, 2016 	13.540 	13.540 	13.560 	13.500 	5.52M 	0.30%
Mar 29, 2016 	13.500 	13.380 	13.500 	13.380 	1.39M 	-0.30%
Mar 28, 2016 	13.540 	13.600 	13.640 	13.440 	1.83M 	0.30%
Mar 23, 2016 	13.500 	13.320 	13.500 	13.320 	4.08M 	0.75%
Mar 22, 2016 	13.400 	13.740 	13.860 	13.280 	6.34M 	-2.47%
Mar 21, 2016 	13.740 	13.800 	13.800 	13.560 	6.98M 	1.33%
Mar 18, 2016 	13.560 	13.700 	13.780 	13.500 	8.19M 	1.50%
Mar 17, 2016 	13.360 	13.260 	13.740 	13.260 	5.60M 	0.75%
Mar 16, 2016 	13.260 	13.240 	13.680 	13.020 	7.04M 	0.30%
Mar 15, 2016 	13.220 	13.100 	13.600 	13.100 	8.92M 	0.92%
Mar 14, 2016 	13.100 	12.900 	13.280 	12.820 	3.85M 	1.55%
Mar 11, 2016 	12.900 	12.300 	12.900 	12.300 	7.77M 	0.00%
Mar 10, 2016 	12.900 	12.880 	13.000 	12.860 	4.71M 	0.16%
Mar 09, 2016 	12.880 	12.980 	13.000 	12.860 	3.80M 	-0.77%
Mar 08, 2016 	12.980 	13.200 	13.200 	12.860 	4.85M 	-1.22%
Mar 07, 2016 	13.140 	13.300 	13.300 	12.960 	3.23M 	1.39%
Mar 04, 2016 	12.960 	13.400 	13.400 	12.940 	3.59M 	-1.82%
Mar 03, 2016 	13.200 	13.060 	13.500 	13.060 	4.37M 	1.23%
Mar 02, 2016 	13.040 	13.200 	13.300 	13.000 	5.00M 	0.77%
Mar 01, 2016 	12.940 	12.700 	13.080 	12.680 	5.89M 	1.09%
Feb 29, 2016 	12.800 	12.300 	12.800 	12.300 	10.42M 	4.07%
Feb 26, 2016 	12.300 	12.500 	12.600 	12.140 	8.66M 	-1.44%
Feb 24, 2016 	12.480 	12.500 	12.500 	12.300 	1.84M 	-0.79%
Feb 23, 2016 	12.580 	12.500 	12.580 	12.400 	4.12M 	0.96%
Feb 22, 2016 	12.460 	12.300 	12.460 	12.200 	2.44M 	1.30%
Feb 19, 2016 	12.300 	12.000 	12.400 	11.980 	5.61M 	2.50%
Feb 18, 2016 	12.000 	11.900 	12.260 	11.900 	11.83M 	0.84%
Feb 17, 2016 	11.900 	11.840 	11.940 	11.840 	3.04M 	0.51%
Feb 16, 2016 	11.840 	11.800 	11.900 	11.600 	4.96M 	0.34%
Feb 15, 2016 	11.800 	11.800 	11.900 	11.760 	3.18M 	0.00%
Feb 12, 2016 	11.800 	11.800 	11.880 	11.600 	2.38M 	-0.84%
Feb 11, 2016 	11.900 	11.900 	11.940 	11.660 	2.01M 	0.00%
Feb 10, 2016 	11.900 	11.500 	11.900 	11.360 	1.25M 	2.59%
Feb 09, 2016 	11.600 	11.860 	11.860 	11.420 	4.45M 	-2.52%
Feb 05, 2016 	11.900 	11.820 	11.980 	11.340 	4.42M 	0.85%
Feb 04, 2016 	11.800 	11.180 	11.800 	11.180 	4.40M 	5.92%
Feb 03, 2016 	11.140 	11.500 	11.500 	11.140 	3.20M 	-3.30%
Feb 02, 2016 	11.520 	11.260 	11.660 	11.260 	15.99M 	2.31%
Feb 01, 2016 	11.260 	11.300 	11.420 	11.000 	7.37M 	-1.23%
Jan 29, 2016 	11.400 	11.200 	11.600 	11.200 	24.37M 	1.79%
Jan 28, 2016 	11.200 	11.300 	11.380 	11.180 	15.97M 	0.00%
Jan 27, 2016 	11.200 	11.020 	11.300 	11.000 	8.07M 	2.75%
Jan 26, 2016 	10.900 	10.780 	10.980 	10.620 	7.23M 	-0.55%
Jan 25, 2016 	10.960 	11.000 	11.120 	10.780 	16.45M 	1.67%
Jan 22, 2016 	10.780 	10.980 	11.240 	10.720 	13.80M 	-1.10%
Jan 21, 2016 	10.900 	11.220 	11.400 	10.840 	15.36M 	-5.38%
Jan 20, 2016 	11.520 	11.980 	11.980 	11.300 	6.01M 	-4.00%
Jan 19, 2016 	12.000 	11.700 	12.200 	11.460 	3.12M 	2.56%
Jan 18, 2016 	11.700 	11.820 	12.000 	11.200 	10.17M 	-3.47%
Jan 15, 2016 	12.120 	12.160 	12.220 	12.000 	2.88M 	2.54%
Jan 14, 2016 	11.820 	11.800 	11.900 	11.740 	4.80M 	-1.66%
Jan 13, 2016 	12.020 	11.820 	12.080 	11.820 	3.56M 	2.39%
Jan 12, 2016 	11.740 	11.720 	12.200 	11.720 	3.74M 	0.17%
Jan 11, 2016 	11.720 	12.260 	12.360 	11.720 	5.50M 	-6.84%
Jan 08, 2016 	12.580 	12.700 	12.820 	12.400 	5.13M 	-1.72%
Jan 07, 2016 	12.800 	13.480 	13.500 	12.800 	2.34M 	-5.04%
Jan 06, 2016 	13.480 	13.300 	13.640 	13.300 	7.35M 	0.60%
Jan 05, 2016 	13.400 	13.220 	13.440 	13.200 	1.93M 	1.21%
Jan 04, 2016 	13.240 	13.500 	13.900 	13.220 	2.70M 	-4.06%
Dec 29, 2015 	13.800 	13.620 	13.860 	13.600 	1.01M 	-1.43%
Dec 28, 2015 	14.000 	13.360 	14.000 	13.360 	998.50K 	0.00%
Dec 23, 2015 	14.000 	13.900 	14.000 	13.840 	3.31M 	1.01%
Dec 22, 2015 	13.860 	13.600 	13.900 	13.600 	2.57M 	0.43%
Dec 21, 2015 	13.800 	13.700 	13.800 	13.600 	2.76M 	0.00%
Dec 18, 2015 	13.800 	13.300 	13.800 	13.260 	6.26M 	2.37%
Dec 17, 2015 	13.480 	13.000 	13.900 	13.000 	9.63M 	3.85%
Dec 16, 2015 	12.980 	12.820 	13.100 	12.820 	7.04M 	-0.15%
Dec 15, 2015 	13.000 	13.400 	13.600 	12.840 	3.10M 	-0.31%
Dec 14, 2015 	13.040 	13.180 	13.700 	12.920 	2.73M 	-1.95%
Dec 11, 2015 	13.300 	13.540 	13.540 	13.300 	3.48M 	-1.77%
Dec 10, 2015 	13.540 	13.420 	13.700 	13.340 	1.70M 	0.00%
Dec 09, 2015 	13.540 	13.500 	13.780 	13.440 	1.27M 	0.30%
Dec 08, 2015 	13.500 	13.500 	13.600 	13.300 	1.27M 	0.00%
Dec 07, 2015 	13.500 	13.640 	13.760 	13.460 	2.20M 	-1.03%
Dec 04, 2015 	13.640 	13.680 	13.800 	13.500 	2.30M 	-0.29%
Dec 03, 2015 	13.680 	13.840 	13.920 	13.580 	1.28M 	-0.29%
Dec 02, 2015 	13.720 	13.660 	14.100 	13.660 	4.47M 	0.44%
Dec 01, 2015 	13.660 	13.480 	13.960 	13.380 	6.87M 	1.34%
Nov 27, 2015 	13.480 	13.840 	13.840 	13.480 	12.11M 	-2.60%
Nov 26, 2015 	13.840 	13.940 	14.060 	13.620 	13.67M 	-0.43%
Nov 25, 2015 	13.900 	13.760 	13.980 	13.640 	13.57M 	2.21%
Nov 24, 2015 	13.600 	13.300 	13.700 	13.200 	12.84M 	3.03%
Nov 23, 2015 	13.200 	13.000 	13.240 	13.000 	3.74M 	1.54%
Nov 20, 2015 	13.000 	12.900 	13.100 	12.880 	22.97M 	0.93%
Nov 17, 2015 	12.880 	13.000 	13.000 	12.740 	1.82M 	-0.77%
Nov 16, 2015 	12.980 	12.860 	13.000 	12.740 	2.98M 	-1.52%
Nov 13, 2015 	13.180 	12.880 	13.180 	12.840 	1.35M 	2.33%
Nov 12, 2015 	12.880 	13.180 	13.480 	12.880 	5.35M 	-2.28%
Nov 11, 2015 	13.180 	13.180 	13.180 	12.820 	3.90M 	-0.90%
Nov 10, 2015 	13.300 	12.840 	13.500 	12.800 	6.41M 	1.37%
Nov 09, 2015 	13.120 	12.620 	13.200 	12.620 	1.30M 	0.15%
Nov 06, 2015 	13.100 	12.780 	13.200 	12.400 	7.67M 	4.80%
Nov 05, 2015 	12.500 	12.900 	13.000 	12.460 	2.62M 	-3.10%
Nov 04, 2015 	12.900 	12.720 	13.080 	12.700 	4.62M 	1.42%
Nov 03, 2015 	12.720 	12.620 	12.900 	12.620 	3.14M 	0.79%
Nov 02, 2015 	12.620 	12.600 	12.880 	12.520 	5.92M 	1.77%
Oct 30, 2015 	12.400 	12.340 	12.440 	12.340 	6.41M 	0.16%
Oct 29, 2015 	12.380 	12.800 	12.800 	12.380 	4.90M 	-3.28%
Oct 28, 2015 	12.800 	12.900 	12.900 	12.680 	3.19M 	-0.78%
Oct 27, 2015 	12.900 	12.900 	13.000 	12.760 	7.39M 	0.31%
Oct 26, 2015 	12.860 	12.960 	13.000 	12.800 	5.23M 	2.06%
Oct 23, 2015 	12.600 	12.500 	12.900 	12.500 	5.27M 	0.80%
Oct 22, 2015 	12.500 	12.480 	12.560 	12.340 	1.94M 	0.16%
Oct 21, 2015 	12.480 	12.560 	12.600 	12.400 	7.54M 	-0.32%
Oct 20, 2015 	12.520 	12.500 	12.600 	12.440 	6.63M 	0.16%
Oct 19, 2015 	12.500 	12.720 	12.780 	12.460 	2.28M 	0.00%
Oct 16, 2015 	12.500 	12.960 	12.960 	12.440 	9.99M 	-2.04%
Oct 15, 2015 	12.760 	12.940 	12.940 	12.720 	6.82M 	-0.47%
Oct 14, 2015 	12.820 	12.760 	12.900 	12.760 	2.21M 	0.16%
Oct 13, 2015 	12.800 	12.860 	12.980 	12.740 	5.82M 	-0.31%
Oct 12, 2015 	12.840 	12.600 	12.920 	12.600 	5.30M 	1.90%
Oct 09, 2015 	12.600 	12.600 	12.620 	12.500 	9.37M 	0.80%
Oct 08, 2015 	12.500 	12.620 	12.800 	12.460 	4.14M 	0.16%
Oct 07, 2015 	12.480 	12.460 	12.620 	12.460 	7.00M 	-1.27%
Oct 06, 2015 	12.640 	12.500 	13.200 	12.480 	6.57M 	2.43%
Oct 05, 2015 	12.340 	12.380 	12.800 	12.100 	6.06M 	-0.64%
Oct 02, 2015 	12.420 	12.300 	12.740 	12.240 	3.74M 	0.98%
Oct 01, 2015 	12.300 	12.800 	12.900 	12.300 	8.63M 	-3.91%
Sep 30, 2015 	12.800 	12.320 	12.800 	12.080 	6.07M 	4.40%
Sep 29, 2015 	12.260 	11.800 	12.260 	11.740 	3.90M 	3.90%
Sep 28, 2015 	11.800 	12.300 	12.320 	11.800 	2.53M 	-4.84%
Sep 24, 2015 	12.400 	12.600 	12.600 	12.140 	4.10M 	-1.59%
Sep 23, 2015 	12.600 	13.000 	13.000 	12.560 	4.84M 	-3.08%
Sep 22, 2015 	13.000 	13.000 	13.160 	12.940 	4.97M 	-1.22%
Sep 21, 2015 	13.160 	13.020 	13.480 	13.000 	10.90M 	2.02%
Sep 18, 2015 	12.900 	13.000 	13.480 	12.900 	10.53M 	0.00%
Sep 17, 2015 	12.900 	12.900 	13.080 	12.620 	4.53M 	-0.77%
Sep 16, 2015 	13.000 	13.080 	13.100 	12.700 	5.12M 	-0.76%
Sep 15, 2015 	13.100 	12.800 	13.300 	12.800 	11.62M 	3.97%
Sep 14, 2015 	12.600 	12.180 	12.880 	12.180 	10.64M 	3.62%
Sep 11, 2015 	12.160 	11.780 	12.300 	11.600 	7.10M 	4.11%
Sep 10, 2015 	11.680 	11.540 	11.680 	11.320 	2.75M 	1.04%
Sep 09, 2015 	11.560 	11.500 	11.600 	11.480 	3.96M 	1.23%
Sep 08, 2015 	11.420 	11.200 	11.420 	11.200 	1.99M 	1.96%
Sep 07, 2015 	11.200 	11.700 	11.700 	11.200 	4.45M 	-4.44%
Sep 04, 2015 	11.720 	11.300 	11.900 	11.220 	5.59M 	3.72%
Sep 03, 2015 	11.300 	11.120 	11.380 	11.120 	3.34M 	1.80%
Sep 02, 2015 	11.100 	11.180 	11.180 	10.840 	9.14M 	-0.89%
Sep 01, 2015 	11.200 	10.900 	11.280 	10.880 	4.53M 	-1.58%
Aug 28, 2015 	11.380 	11.000 	11.380 	11.000 	7.99M 	4.21%
Aug 27, 2015 	10.920 	11.380 	11.380 	10.860 	12.53M 	0.74%
Aug 26, 2015 	10.840 	10.900 	11.100 	10.660 	10.37M 	1.31%
Aug 25, 2015 	10.700 	10.600 	10.900 	10.400 	6.64M 	-1.83%
Aug 24, 2015 	10.900 	11.300 	11.400 	10.600 	14.46M 	-6.03%
Aug 20, 2015 	11.600 	11.980 	11.980 	11.500 	7.01M 	-2.36%
Aug 19, 2015 	11.880 	11.800 	12.100 	11.780 	9.56M 	-0.50%
Aug 18, 2015 	11.940 	11.820 	12.080 	11.780 	6.10M 	1.02%
Aug 17, 2015 	11.820 	12.000 	12.100 	11.820 	3.30M 	-1.50%
Aug 14, 2015 	12.000 	12.660 	12.700 	12.000 	10.50M 	-5.21%
Aug 13, 2015 	12.660 	12.960 	13.120 	12.140 	10.60M 	-0.94%
Aug 12, 2015 	12.780 	12.500 	13.100 	12.340 	28.29M 	2.24%
Aug 11, 2015 	12.500 	11.840 	12.640 	11.840 	9.56M 	5.57%
Aug 10, 2015 	11.840 	11.860 	12.100 	11.840 	3.05M 	-0.17%
Aug 07, 2015 	11.860 	11.840 	11.980 	11.800 	3.69M 	-0.17%
Aug 06, 2015 	11.880 	11.860 	12.120 	11.860 	4.15M 	-0.17%
Aug 05, 2015 	11.900 	12.000 	12.000 	11.780 	6.87M 	-0.83%
Aug 04, 2015 	12.000 	12.120 	12.120 	11.900 	2.29M 	-0.17%
Aug 03, 2015 	12.020 	12.060 	12.100 	11.920 	5.95M 	1.01%
Jul 31, 2015 	11.900 	11.980 	12.100 	11.880 	8.88M 	0.51%
Jul 30, 2015 	11.840 	11.940 	12.180 	11.840 	6.20M 	0.34%
Jul 29, 2015 	11.800 	12.060 	12.300 	11.700 	11.01M 	-1.83%
Jul 28, 2015 	12.020 	12.300 	12.320 	11.940 	7.99M 	-3.38%
Jul 27, 2015 	12.440 	12.580 	12.600 	12.320 	3.71M 	-1.27%
Jul 24, 2015 	12.600 	12.500 	12.700 	12.300 	11.42M 	0.80%
Jul 23, 2015 	12.500 	11.920 	12.740 	11.920 	15.88M 	4.87%
Jul 22, 2015 	11.920 	12.500 	12.580 	11.860 	9.70M 	-5.10%
Jul 21, 2015 	12.560 	12.460 	12.760 	12.400 	15.26M 	0.80%
Jul 20, 2015 	12.460 	13.200 	13.200 	12.420 	25.20M 	-7.70%
Jul 16, 2015 	13.500 	13.400 	13.620 	13.280 	18.05M 	0.60%
Jul 15, 2015 	13.420 	13.220 	13.580 	13.200 	13.72M 	2.13%
Jul 14, 2015 	13.140 	13.240 	13.240 	13.140 	2.38M 	0.61%
Jul 13, 2015 	13.060 	13.100 	13.200 	13.020 	4.17M 	-0.31%
Jul 10, 2015 	13.100 	13.180 	13.280 	13.060 	3.77M 	-0.46%
Jul 09, 2015 	13.160 	12.980 	13.300 	12.800 	5.90M 	1.23%
Jul 08, 2015 	13.000 	13.460 	13.540 	13.000 	4.69M 	-3.42%
Jul 07, 2015 	13.460 	13.420 	13.600 	13.200 	1.84M 	0.45%
Jul 06, 2015 	13.400 	13.380 	13.660 	13.120 	1.71M 	-0.30%
Jul 03, 2015 	13.440 	13.480 	14.000 	13.400 	5.32M 	-0.30%
Jul 02, 2015 	13.480 	13.500 	13.600 	13.300 	8.07M 	-0.15%
Jul 01, 2015 	13.500 	13.060 	13.700 	13.020 	8.39M 	2.27%
Jun 30, 2015 	13.200 	13.060 	13.420 	13.060 	18.95M 	-0.90%
Jun 29, 2015 	13.320 	13.200 	13.480 	13.000 	18.01M 	0.15%
Jun 26, 2015 	13.300 	13.000 	13.300 	12.980 	11.63M 	1.06%
Jun 25, 2015 	13.160 	13.480 	13.480 	13.060 	6.62M 	-2.37%
Jun 24, 2015 	13.480 	13.400 	13.480 	13.040 	4.54M 	1.97%
Jun 23, 2015 	13.220 	13.460 	13.480 	13.140 	6.21M 	-2.79%
Jun 22, 2015 	13.600 	13.460 	13.600 	13.100 	10.24M 	0.89%
Jun 19, 2015 	13.480 	13.400 	13.600 	13.340 	5.57M 	0.15%
Jun 18, 2015 	13.460 	13.420 	13.540 	13.260 	8.87M 	-0.30%
Jun 17, 2015 	13.500 	13.680 	13.720 	13.280 	8.88M 	-2.46%
Jun 16, 2015 	13.840 	13.600 	14.080 	13.580 	9.92M 	1.76%
Jun 15, 2015 	13.600 	13.440 	13.900 	13.300 	16.50M 	1.64%
Jun 11, 2015 	13.380 	13.000 	13.380 	13.000 	10.82M 	3.72%
Jun 10, 2015 	12.900 	12.820 	13.000 	12.820 	18.27M 	-0.77%
Jun 09, 2015 	13.000 	13.060 	13.060 	12.800 	7.64M 	-0.61%
Jun 08, 2015 	13.080 	13.220 	13.220 	13.020 	3.83M 	-0.91%
Jun 05, 2015 	13.200 	13.340 	13.340 	13.100 	6.13M 	-1.05%
Jun 04, 2015 	13.340 	13.160 	13.500 	13.120 	10.27M 	1.06%
Jun 03, 2015 	13.200 	13.000 	13.200 	13.000 	5.46M 	0.46%
Jun 02, 2015 	13.140 	13.280 	13.360 	13.100 	5.43M 	-1.65%
Jun 01, 2015 	13.360 	13.480 	13.480 	13.040 	6.80M 	0.45%
May 29, 2015 	13.300 	13.200 	13.900 	13.200 	25.50M 	0.76%
May 28, 2015 	13.200 	13.680 	13.680 	13.120 	13.58M 	-3.51%
May 27, 2015 	13.680 	14.100 	14.260 	13.300 	15.21M 	-4.20%
May 26, 2015 	14.280 	14.680 	14.680 	14.200 	4.67M 	-2.72%
May 25, 2015 	14.680 	14.759 	14.759 	14.660 	1.19M 	-0.14%
May 22, 2015 	14.700 	14.936 	14.956 	14.621 	5.91M 	-1.06%
May 21, 2015 	14.857 	14.798 	14.916 	14.778 	8.68M 	0.40%
May 20, 2015 	14.798 	14.582 	14.896 	14.562 	10.86M 	0.54%
May 19, 2015 	14.719 	14.837 	14.837 	14.562 	8.19M 	-0.80%
May 18, 2015 	14.837 	14.857 	14.936 	14.778 	3.04M 	-0.13%
May 15, 2015 	14.857 	14.562 	15.133 	14.562 	10.44M 	2.72%
May 14, 2015 	14.463 	14.326 	14.503 	14.326 	7.76M 	0.96%
May 13, 2015 	14.326 	14.385 	14.385 	14.267 	2.89M 	-0.27%
May 12, 2015 	14.365 	14.129 	14.621 	13.932 	8.36M 	0.97%
May 11, 2015 	14.227 	14.365 	14.700 	14.168 	2.90M 	-0.96%
May 08, 2015 	14.365 	14.660 	14.680 	14.365 	3.41M 	-2.15%
May 07, 2015 	14.680 	14.365 	14.680 	14.267 	3.22M 	-0.40%
May 06, 2015 	14.739 	14.818 	14.818 	14.621 	7.02M 	-0.66%
May 05, 2015 	14.837 	14.896 	14.936 	14.798 	4.90M 	0.26%
May 04, 2015 	14.798 	14.739 	14.956 	14.463 	4.36M 	0.26%
Apr 30, 2015 	14.759 	14.601 	14.759 	14.405 	10.86M 	1.91%
Apr 29, 2015 	14.483 	14.562 	14.621 	14.267 	3.26M 	0.14%
Apr 28, 2015 	14.463 	14.523 	14.641 	14.385 	4.56M 	0.68%
Apr 27, 2015 	14.365 	14.463 	14.523 	14.286 	11.74M 	0.00%
Apr 24, 2015 	14.365 	14.424 	14.562 	14.188 	10.08M 	0.00%
Apr 23, 2015 	14.365 	14.345 	14.463 	14.129 	10.58M 	0.41%
Apr 22, 2015 	14.306 	14.365 	14.424 	13.716 	27.84M 	0.56%
Apr 21, 2015 	14.227 	15.251 	15.251 	14.011 	19.55M 	-7.31%
Apr 20, 2015 	15.349 	15.034 	15.349 	14.936 	4.89M 	1.30%
Apr 17, 2015 	15.152 	15.093 	15.172 	15.054 	7.55M 	0.39%
Apr 16, 2015 	15.093 	15.054 	15.093 	14.818 	7.84M 	0.26%
Apr 15, 2015 	15.054 	15.251 	15.290 	15.034 	10.25M 	-1.29%
Apr 14, 2015 	15.251 	15.329 	15.349 	15.231 	10.80M 	-1.02%
Apr 13, 2015 	15.408 	15.507 	15.507 	15.251 	2.95M 	-0.64%
Apr 10, 2015 	15.507 	15.349 	15.585 	15.349 	8.13M 	2.34%
Apr 08, 2015 	15.152 	15.251 	15.349 	15.133 	3.49M 	-0.65%
Apr 07, 2015 	15.251 	15.349 	15.526 	15.152 	2.12M 	-0.64%
Apr 06, 2015 	15.349 	15.192 	15.447 	15.113 	3.53M 	1.03%
Apr 01, 2015 	15.192 	15.152 	15.310 	15.152 	5.38M 	-0.39%
Mar 31, 2015 	15.251 	15.192 	15.349 	15.192 	7.78M 	0.39%
Mar 30, 2015 	15.192 	15.310 	15.349 	15.133 	10.92M 	-0.89%
Mar 27, 2015 	15.329 	14.975 	15.467 	14.975 	5.86M 	1.17%
Mar 26, 2015 	15.152 	15.152 	15.251 	14.975 	11.28M 	0.00%
Mar 25, 2015 	15.152 	15.192 	15.192 	15.054 	5.54M 	-0.26%
Mar 24, 2015 	15.192 	15.152 	15.270 	14.975 	8.40M 	0.26%
Mar 23, 2015 	15.152 	14.975 	15.152 	14.956 	2.27M 	1.31%
Mar 20, 2015 	14.956 	15.074 	15.251 	14.759 	8.23M 	-0.78%
Mar 19, 2015 	15.074 	15.113 	15.152 	14.956 	6.72M 	0.27%
Mar 18, 2015 	15.034 	15.034 	15.152 	15.014 	6.68M 	0.00%
Mar 17, 2015 	15.034 	14.956 	15.054 	14.956 	4.89M 	0.66%
Mar 16, 2015 	14.936 	15.152 	15.152 	14.896 	5.31M 	-1.43%
Mar 13, 2015 	15.152 	15.133 	15.290 	15.133 	7.35M 	0.26%
Mar 12, 2015 	15.113 	15.093 	15.251 	15.093 	3.87M 	-0.26%
Mar 11, 2015 	15.152 	15.152 	15.251 	14.975 	9.91M 	0.13%
Mar 10, 2015 	15.133 	15.251 	15.507 	15.133 	12.12M 	-1.16%
Mar 09, 2015 	15.310 	15.507 	15.507 	15.251 	5.93M 	-0.76%
Mar 06, 2015 	15.428 	15.507 	15.526 	15.310 	4.50M 	-0.51%
Mar 05, 2015 	15.507 	15.585 	15.585 	15.251 	4.14M 	-0.63%
Mar 04, 2015 	15.605 	15.507 	15.644 	15.428 	4.46M 	-0.13%
Mar 03, 2015 	15.625 	15.546 	15.703 	15.546 	13.35M 	1.15%
Mar 02, 2015 	15.447 	15.546 	15.546 	15.349 	12.29M 	-0.64%
Feb 27, 2015 	15.546 	15.251 	15.625 	15.034 	9.34M 	2.60%
Feb 26, 2015 	15.152 	15.290 	15.290 	15.093 	9.97M 	-0.90%
Feb 25, 2015 	15.290 	15.428 	15.467 	15.211 	17.92M 	-0.89%
Feb 24, 2015 	15.428 	15.447 	15.625 	15.349 	4.33M 	0.51%
Feb 23, 2015 	15.349 	15.349 	15.507 	15.290 	15.10M 	0.39%
Feb 20, 2015 	15.290 	15.447 	15.447 	15.172 	8.24M 	-1.02%
Feb 18, 2015 	15.447 	15.447 	15.546 	15.428 	6.56M 	0.00%
Feb 17, 2015 	15.447 	15.546 	15.546 	15.388 	13.66M 	-0.51%
Feb 16, 2015 	15.526 	15.566 	15.684 	15.428 	5.23M 	-0.38%
Feb 13, 2015 	15.585 	15.546 	15.684 	15.546 	6.19M 	0.25%
Feb 12, 2015 	15.546 	15.703 	15.703 	15.349 	8.44M 	0.76%
Feb 11, 2015 	15.428 	15.743 	15.743 	15.349 	11.84M 	-1.51%
Feb 10, 2015 	15.664 	15.743 	15.743 	15.644 	8.26M 	-0.50%
Feb 09, 2015 	15.743 	15.743 	15.802 	15.644 	19.66M 	0.00%
Feb 06, 2015 	15.743 	15.447 	15.762 	15.447 	32.40M 	1.92%
Feb 05, 2015 	15.447 	15.546 	15.546 	15.349 	16.44M 	-0.64%
Feb 04, 2015 	15.546 	15.093 	15.743 	15.093 	18.71M 	2.87%
Feb 03, 2015 	15.113 	15.074 	15.231 	15.034 	9.88M 	-0.52%
Feb 02, 2015 	15.192 	15.152 	15.231 	15.093 	5.14M 	0.26%
Jan 30, 2015 	15.152 	15.152 	15.211 	14.956 	7.47M 	0.39%
Jan 29, 2015 	15.093 	15.093 	15.192 	15.054 	12.62M 	-0.13%
Jan 28, 2015 	15.113 	15.014 	15.172 	14.896 	19.12M 	1.19%
Jan 27, 2015 	14.936 	14.896 	14.975 	14.857 	11.34M 	0.27%
Jan 26, 2015 	14.896 	14.759 	15.014 	14.759 	17.99M 	0.93%
Jan 23, 2015 	14.759 	14.660 	14.759 	14.601 	17.76M 	2.05%
Jan 22, 2015 	14.463 	14.660 	14.660 	14.424 	16.35M 	-1.34%
Jan 21, 2015 	14.660 	14.759 	14.759 	14.621 	10.54M 	0.00%
Jan 20, 2015 	14.660 	15.014 	15.014 	14.621 	12.23M 	-2.36%
Jan 19, 2015 	15.014 	15.133 	15.133 	14.877 	5.75M 	-1.17%
Jan 14, 2015 	15.192 	15.329 	15.329 	14.857 	16.41M 	-1.02%
Jan 13, 2015 	15.349 	15.290 	15.447 	15.251 	6.53M 	0.25%
Jan 12, 2015 	15.310 	15.329 	15.428 	15.152 	3.61M 	-0.25%
Jan 09, 2015 	15.349 	15.349 	15.644 	15.349 	6.43M 	1.30%
Jan 08, 2015 	15.152 	15.507 	15.526 	15.152 	4.12M 	-2.78%
Jan 07, 2015 	15.585 	15.664 	15.743 	15.467 	10.07M 	-0.38%
Jan 06, 2015 	15.644 	15.447 	15.743 	15.447 	13.51M 	1.79%
Jan 05, 2015 	15.369 	15.349 	15.526 	15.251 	3.97M 	-0.50%
Dec 29, 2014 	15.447 	15.133 	15.526 	14.956 	8.52M 	2.75%
Dec 23, 2014 	15.034 	14.956 	15.152 	14.857 	9.86M 	1.19%
Dec 22, 2014 	14.857 	14.444 	15.152 	14.444 	8.70M 	3.42%
Dec 19, 2014 	14.365 	14.365 	14.739 	14.365 	10.27M 	0.83%
Dec 18, 2014 	14.247 	14.247 	14.621 	13.952 	21.43M 	0.56%
Dec 17, 2014 	14.168 	15.054 	15.093 	14.168 	26.77M 	-4.77%
Dec 16, 2014 	14.877 	15.428 	15.428 	14.837 	15.78M 	-3.69%
Dec 15, 2014 	15.447 	15.310 	15.585 	15.054 	4.80M 	0.38%
Dec 12, 2014 	15.388 	15.388 	15.546 	15.349 	8.75M 	0.00%
Dec 11, 2014 	15.388 	15.447 	15.447 	15.290 	4.36M 	-0.51%
Dec 10, 2014 	15.467 	15.644 	15.644 	15.349 	11.36M 	-1.50%
Dec 09, 2014 	15.703 	15.821 	15.841 	15.684 	6.73M 	-0.87%
Dec 05, 2014 	15.841 	15.684 	15.841 	15.428 	8.51M 	0.00%
Dec 04, 2014 	15.841 	15.939 	15.939 	15.841 	7.94M 	-0.50%
Dec 03, 2014 	15.920 	15.939 	15.959 	15.743 	6.13M 	-0.12%
Dec 02, 2014 	15.939 	15.959 	16.038 	15.841 	4.01M 	-0.25%
Dec 01, 2014 	15.979 	16.038 	16.116 	15.743 	6.06M 	-0.37%
Nov 28, 2014 	16.038 	15.684 	16.235 	15.684 	13.94M 	2.13%
Nov 27, 2014 	15.703 	16.156 	16.333 	15.703 	10.65M 	-2.80%
Nov 26, 2014 	16.156 	15.664 	16.235 	15.625 	21.56M 	3.53%
Nov 25, 2014 	15.605 	15.507 	15.743 	15.447 	8.83M 	0.89%
Nov 24, 2014 	15.467 	15.388 	15.605 	15.349 	13.22M 	0.77%
Nov 21, 2014 	15.349 	15.447 	15.447 	15.251 	5.38M 	-0.63%
Nov 20, 2014 	15.447 	15.526 	15.526 	15.152 	7.29M 	-0.64%
Nov 19, 2014 	15.546 	15.664 	15.664 	15.447 	3.74M 	-0.63%
Nov 18, 2014 	15.644 	15.270 	15.841 	15.270 	7.79M 	2.58%
Nov 17, 2014 	15.251 	15.074 	15.447 	14.956 	3.15M 	1.17%
Nov 14, 2014 	15.074 	15.251 	15.329 	15.014 	5.25M 	0.40%
Nov 13, 2014 	15.014 	15.251 	15.349 	14.857 	4.15M 	-1.55%
Nov 12, 2014 	15.251 	15.310 	15.447 	15.231 	9.22M 	-0.26%
Nov 11, 2014 	15.290 	15.388 	15.507 	15.290 	4.45M 	-0.64%
Nov 10, 2014 	15.388 	15.546 	15.605 	15.251 	3.45M 	-1.52%
Nov 07, 2014 	15.625 	15.369 	15.723 	15.349 	2.89M 	-0.75%
Nov 06, 2014 	15.743 	15.546 	16.058 	15.546 	3.86M 	1.40%
Nov 05, 2014 	15.526 	15.546 	15.625 	15.467 	2.12M 	-0.13%
Nov 04, 2014 	15.546 	15.939 	15.939 	15.290 	3.70M 	-2.47%
Nov 03, 2014 	15.939 	15.979 	16.136 	15.841 	2.61M 	0.00%
Oct 31, 2014 	15.939 	15.664 	15.939 	15.664 	6.63M 	1.89%
Oct 30, 2014 	15.644 	15.172 	15.644 	15.093 	6.45M 	3.78%
Oct 29, 2014 	15.074 	15.054 	15.172 	14.956 	8.33M 	1.06%
Oct 28, 2014 	14.916 	14.956 	15.093 	14.857 	2.85M 	0.13%
Oct 27, 2014 	14.896 	15.014 	15.054 	14.798 	3.33M 	0.66%
Oct 24, 2014 	14.798 	14.956 	15.034 	14.759 	2.76M 	-1.06%
Oct 23, 2014 	14.956 	14.759 	15.014 	14.759 	4.26M 	1.20%
Oct 22, 2014 	14.778 	14.916 	14.936 	14.542 	3.46M 	0.00%
Oct 21, 2014 	14.778 	14.818 	14.916 	14.739 	4.54M 	-0.27%
Oct 20, 2014 	14.818 	14.778 	15.054 	14.778 	2.51M 	0.40%
Oct 17, 2014 	14.759 	14.601 	14.759 	14.267 	5.63M 	3.45%
Oct 16, 2014 	14.267 	14.621 	14.759 	14.267 	6.60M 	-2.42%
Oct 15, 2014 	14.621 	14.798 	15.054 	14.621 	3.57M 	0.00%
Oct 14, 2014 	14.621 	14.739 	14.739 	14.267 	8.12M 	0.41%
Oct 13, 2014 	14.562 	14.896 	14.896 	14.523 	23.36M 	-2.24%
Oct 10, 2014 	14.896 	14.946 	14.946 	14.808 	8.92M 	-0.33%
Oct 09, 2014 	14.946 	15.201 	15.201 	14.926 	27.67M 	-1.42%
Oct 08, 2014 	15.162 	15.507 	15.536 	15.162 	8.75M 	-2.41%
Oct 07, 2014 	15.536 	15.684 	15.802 	15.447 	9.59M 	-0.06%
Oct 03, 2014 	15.546 	15.162 	15.733 	15.162 	35.37M 	2.60%
Oct 02, 2014 	15.152 	15.428 	15.428 	15.152 	6.47M 	-1.79%
Oct 01, 2014 	15.428 	15.625 	15.625 	15.339 	5.42M 	-0.70%
Sep 30, 2014 	15.536 	15.418 	15.634 	15.379 	8.17M 	0.63%
Sep 29, 2014 	15.438 	15.556 	15.556 	15.379 	10.76M 	0.26%
Sep 26, 2014 	15.398 	15.447 	15.447 	15.349 	9.36M 	-0.95%
Sep 25, 2014 	15.546 	15.644 	15.743 	15.349 	10.45M 	-0.63%
Sep 24, 2014 	15.644 	15.310 	15.723 	15.251 	9.46M 	2.45%
Sep 23, 2014 	15.270 	15.310 	15.447 	15.123 	8.34M 	-0.26%
Sep 22, 2014 	15.310 	15.546 	15.546 	15.241 	20.99M 	-1.52%
Sep 18, 2014 	15.546 	15.585 	15.585 	15.349 	10.35M 	-0.63%
Sep 17, 2014 	15.644 	15.644 	15.743 	15.349 	5.64M 	0.00%
Sep 16, 2014 	15.644 	15.310 	15.684 	15.290 	8.50M 	2.25%
Sep 15, 2014 	15.300 	15.654 	15.743 	15.290 	6.58M 	-2.26%
Sep 12, 2014 	15.654 	15.625 	15.743 	15.605 	6.60M 	-0.57%
Sep 11, 2014 	15.743 	15.900 	15.900 	15.349 	18.10M 	-0.99%
Sep 10, 2014 	15.900 	16.225 	16.225 	15.841 	7.82M 	-2.65%
Sep 09, 2014 	16.333 	16.235 	16.333 	15.900 	7.98M 	0.24%
Sep 08, 2014 	16.294 	16.333 	16.530 	16.156 	5.93M 	-0.24%
Sep 05, 2014 	16.333 	16.175 	16.353 	15.949 	8.18M 	0.79%
Sep 04, 2014 	16.205 	16.363 	16.363 	16.205 	6.10M 	-0.97%
Sep 03, 2014 	16.363 	16.156 	16.530 	16.156 	12.64M 	1.28%
Sep 02, 2014 	16.156 	16.156 	16.490 	16.136 	7.70M 	0.12%
Sep 01, 2014 	16.136 	15.752 	16.254 	15.752 	12.61M 	2.50%
Aug 29, 2014 	15.743 	15.910 	16.136 	15.703 	19.45M 	-1.11%
Aug 28, 2014 	15.920 	15.703 	15.939 	15.644 	10.23M 	1.38%
Aug 27, 2014 	15.703 	15.605 	15.939 	15.605 	8.44M 	0.63%
Aug 26, 2014 	15.605 	15.251 	15.644 	15.231 	13.59M 	2.32%
Aug 22, 2014 	15.251 	15.251 	15.300 	15.221 	8.49M 	0.00%
Aug 20, 2014 	15.251 	15.152 	15.251 	15.133 	5.75M 	0.65%
Aug 19, 2014 	15.152 	15.152 	15.251 	15.133 	5.77M 	0.72%
Aug 18, 2014 	15.044 	15.152 	15.201 	14.916 	2.99M 	-0.20%
Aug 15, 2014 	15.074 	15.054 	15.172 	14.946 	7.24M 	0.79%
Aug 14, 2014 	14.956 	15.152 	15.152 	14.700 	3.14M 	-0.58%
Aug 13, 2014 	15.044 	15.054 	15.054 	14.995 	5.23M 	-0.07%
Aug 12, 2014 	15.054 	15.074 	15.113 	14.946 	3.28M 	0.93%
Aug 11, 2014 	14.916 	14.759 	15.005 	14.719 	9.45M 	1.06%
Aug 08, 2014 	14.759 	15.024 	15.034 	14.690 	7.71M 	-1.83%
Aug 07, 2014 	15.034 	14.956 	15.074 	14.896 	3.97M 	1.19%
Aug 06, 2014 	14.857 	15.074 	15.074 	14.788 	3.78M 	-1.31%
Aug 05, 2014 	15.054 	14.837 	15.251 	14.798 	9.89M 	1.46%
Aug 04, 2014 	14.837 	14.552 	14.956 	14.552 	6.48M 	2.03%
Aug 01, 2014 	14.542 	14.493 	14.582 	14.375 	4.75M 	1.16%
Jul 31, 2014 	14.375 	14.660 	14.670 	14.306 	7.02M 	-1.94%
Jul 30, 2014 	14.660 	14.916 	15.024 	14.660 	7.87M 	-1.72%
Jul 28, 2014 	14.916 	14.906 	15.014 	14.906 	3.65M 	0.07%
Jul 25, 2014 	14.906 	14.946 	14.956 	14.778 	6.31M 	-0.27%
Jul 24, 2014 	14.946 	14.926 	15.054 	14.857 	8.59M 	0.13%
Jul 23, 2014 	14.926 	14.956 	14.995 	14.739 	1.35M 	0.07%
Jul 22, 2014 	14.916 	14.887 	14.956 	14.719 	10.41M 	0.00%
Jul 21, 2014 	14.916 	14.759 	14.956 	14.710 	6.74M 	1.47%
Jul 18, 2014 	14.700 	14.700 	14.710 	14.542 	4.16M 	0.95%
Jul 17, 2014 	14.562 	14.719 	15.054 	14.562 	4.13M 	-1.07%
Jul 15, 2014 	14.719 	14.798 	14.808 	14.680 	1.78M 	0.13%
Jul 14, 2014 	14.700 	14.956 	15.054 	14.621 	6.08M 	-1.71%
Jul 11, 2014 	14.956 	14.798 	15.054 	14.798 	3.24M 	0.93%
Jul 10, 2014 	14.818 	14.946 	14.965 	14.778 	8.34M 	-0.13%
Jul 09, 2014 	14.837 	14.995 	14.995 	14.768 	3.32M 	-1.05%
Jul 08, 2014 	14.995 	15.024 	15.024 	14.965 	5.05M 	-0.19%
Jul 07, 2014 	15.024 	15.044 	15.152 	14.936 	7.44M 	0.59%
Jul 04, 2014 	14.936 	14.768 	15.152 	14.768 	6.47M 	1.14%
Jul 03, 2014 	14.768 	14.365 	14.956 	14.365 	16.58M 	3.51%
Jul 02, 2014 	14.267 	14.562 	14.562 	14.188 	11.22M 	-1.76%
Jul 01, 2014 	14.523 	14.572 	14.660 	14.483 	12.09M 	-0.27%
Jun 30, 2014 	14.562 	14.936 	14.936 	14.542 	5.47M 	-1.33%
Jun 27, 2014 	14.759 	14.857 	14.857 	14.710 	6.82M 	-0.26%
Jun 26, 2014 	14.798 	14.857 	14.946 	14.749 	19.47M 	0.33%
Jun 25, 2014 	14.749 	14.759 	14.808 	14.660 	11.19M 	-0.07%
Jun 24, 2014 	14.759 	14.759 	14.906 	14.582 	18.92M 	1.21%
Jun 23, 2014 	14.582 	14.562 	14.739 	14.493 	4.28M 	0.14%
Jun 20, 2014 	14.562 	14.759 	14.808 	14.562 	13.30M 	0.41%
Jun 19, 2014 	14.503 	15.123 	15.123 	14.463 	12.12M 	-1.07%
Jun 18, 2014 	14.660 	14.788 	14.857 	14.444 	9.10M 	-0.80%
Jun 17, 2014 	14.778 	15.408 	15.408 	14.778 	10.57M 	-4.09%
Jun 16, 2014 	15.408 	15.487 	15.487 	15.388 	9.78M 	-0.82%
Jun 13, 2014 	15.536 	15.684 	15.743 	15.516 	12.23M 	-1.25%
Jun 11, 2014 	15.733 	15.743 	15.939 	15.644 	8.92M 	0.95%
Jun 10, 2014 	15.585 	15.625 	15.733 	15.556 	9.19M 	-0.19%
Jun 09, 2014 	15.615 	15.497 	15.703 	15.388 	9.36M 	0.76%
Jun 06, 2014 	15.497 	15.477 	15.526 	15.428 	7.99M 	0.71%
Jun 05, 2014 	15.388 	15.546 	15.546 	15.329 	7.93M 	-0.58%
Jun 04, 2014 	15.477 	15.388 	15.546 	15.379 	7.89M 	0.83%
Jun 03, 2014 	15.349 	14.759 	15.349 	14.690 	13.79M 	4.07%
Jun 02, 2014 	14.749 	14.562 	14.956 	14.021 	12.66M 	5.19%
May 30, 2014 	14.021 	14.011 	14.267 	14.011 	13.33M 	0.07%
May 29, 2014 	14.011 	14.513 	14.650 	14.011 	6.40M 	-3.46%
May 28, 2014 	14.513 	14.611 	14.759 	14.365 	6.00M 	-0.67%
May 27, 2014 	14.611 	15.103 	15.103 	14.611 	2.90M 	-3.82%
May 26, 2014 	15.192 	15.329 	15.349 	15.113 	5.67M 	-0.12%
May 23, 2014 	15.211 	15.044 	15.349 	15.044 	12.62M 	1.24%
May 22, 2014 	15.024 	14.975 	15.349 	14.956 	3.41M 	0.72%
May 21, 2014 	14.916 	15.359 	15.438 	14.719 	6.43M 	-1.62%
May 20, 2014 	15.162 	14.975 	15.447 	14.759 	21.14M 	2.73%
May 19, 2014 	14.759 	14.385 	15.152 	14.385 	18.18M 	2.89%
May 16, 2014 	14.345 	14.218 	14.385 	14.149 	16.78M 	0.89%
May 15, 2014 	14.218 	14.001 	14.218 	13.981 	12.57M 	1.70%
May 14, 2014 	13.981 	13.814 	14.168 	13.775 	12.97M 	1.21%
May 13, 2014 	13.814 	13.873 	13.873 	13.745 	6.03M 	1.01%
May 12, 2014 	13.676 	13.952 	13.952 	13.676 	9.94M 	-2.12%
May 09, 2014 	13.972 	14.040 	14.080 	13.942 	8.38M 	-0.21%
May 08, 2014 	14.001 	14.159 	14.159 	13.932 	9.38M 	0.28%
May 07, 2014 	13.962 	13.932 	14.070 	13.912 	11.47M 	0.36%
May 06, 2014 	13.912 	14.159 	14.159 	13.814 	2.12M 	0.71%
May 05, 2014 	13.814 	14.149 	14.168 	13.814 	2.18M 	-2.37%
May 02, 2014 	14.149 	14.129 	14.188 	14.060 	2.29M 	0.14%
Apr 30, 2014 	14.129 	14.119 	14.365 	14.021 	8.71M 	0.07%
Apr 29, 2014 	14.119 	13.873 	14.355 	13.873 	19.55M 	2.36%
Apr 28, 2014 	13.794 	13.775 	14.011 	13.745 	14.77M 	0.14%
Apr 25, 2014 	13.775 	13.667 	13.834 	13.657 	7.01M 	0.86%
Apr 24, 2014 	13.657 	13.775 	13.775 	13.647 	7.00M 	-0.86%
Apr 23, 2014 	13.775 	13.775 	13.775 	13.637 	11.03M 	1.45%
Apr 22, 2014 	13.578 	13.568 	13.873 	13.568 	23.34M 	-0.15%
Apr 21, 2014 	13.598 	13.578 	13.676 	13.480 	9.73M 	0.07%
Apr 16, 2014 	13.588 	13.578 	13.676 	13.549 	9.71M 	0.07%
Apr 15, 2014 	13.578 	13.735 	13.735 	13.519 	9.96M 	0.73%
Apr 14, 2014 	13.480 	13.509 	13.775 	13.430 	13.69M 	-0.14%
Apr 11, 2014 	13.499 	13.667 	13.667 	13.381 	9.52M 	-1.29%
Apr 10, 2014 	13.676 	13.775 	14.070 	13.637 	18.98M 	-0.72%
Apr 08, 2014 	13.775 	13.676 	13.893 	13.460 	13.27M 	0.72%
Apr 07, 2014 	13.676 	13.863 	14.149 	13.578 	7.03M 	-1.28%
Apr 04, 2014 	13.854 	13.972 	14.267 	13.775 	10.83M 	-1.54%
Apr 03, 2014 	14.070 	14.168 	14.267 	13.539 	10.48M 	0.07%
Apr 02, 2014 	14.060 	13.972 	14.060 	13.922 	17.22M 	0.63%
Apr 01, 2014 	13.972 	13.775 	14.090 	13.775 	21.70M 	1.43%
Mar 31, 2014 	13.775 	13.578 	13.814 	13.539 	26.34M 	1.45%
Mar 28, 2014 	13.578 	13.617 	13.755 	13.529 	12.12M 	0.00%
Mar 27, 2014 	13.578 	13.775 	13.794 	13.509 	8.19M 	-1.43%
Mar 26, 2014 	13.775 	13.578 	13.873 	13.568 	15.17M 	1.45%
Mar 25, 2014 	13.578 	13.667 	13.667 	13.578 	33.82M 	-0.65%
Mar 24, 2014 	13.667 	13.391 	13.716 	13.381 	20.77M 	2.14%
Mar 21, 2014 	13.381 	13.381 	13.401 	13.342 	17.56M 	-0.07%
Mar 20, 2014 	13.391 	13.293 	13.401 	13.293 	13.85M 	-0.44%
Mar 19, 2014 	13.450 	13.391 	13.539 	13.391 	24.33M 	0.29%
Mar 18, 2014 	13.411 	13.391 	13.470 	13.332 	12.66M 	0.67%
Mar 17, 2014 	13.322 	13.303 	13.381 	13.283 	5.51M 	-0.15%
Mar 14, 2014 	13.342 	13.381 	13.401 	13.283 	5.83M 	-0.29%
Mar 13, 2014 	13.381 	13.401 	13.421 	13.234 	19.12M 	-0.30%
Mar 12, 2014 	13.421 	13.676 	14.365 	13.401 	21.68M 	-1.86%
Mar 11, 2014 	13.676 	13.519 	13.775 	13.421 	6.98M 	1.16%
Mar 10, 2014 	13.519 	13.391 	13.775 	13.391 	11.02M 	-0.43%
Mar 07, 2014 	13.578 	13.578 	14.168 	13.549 	22.68M 	1.47%
Mar 06, 2014 	13.381 	13.362 	13.647 	13.362 	14.68M 	0.14%
Mar 05, 2014 	13.362 	13.578 	13.578 	13.312 	11.37M 	0.38%
Mar 04, 2014 	13.312 	13.430 	13.430 	13.273 	15.20M 	-1.17%
Mar 03, 2014 	13.470 	13.578 	13.578 	13.381 	24.22M 	-1.37%
Feb 28, 2014 	13.657 	13.381 	13.775 	13.184 	30.11M 	2.06%
Feb 27, 2014 	13.381 	13.578 	13.726 	13.204 	20.53M 	-1.45%
Feb 26, 2014 	13.578 	13.184 	13.637 	13.125 	8.58M 	2.99%
Feb 25, 2014 	13.184 	13.686 	13.775 	13.184 	14.74M 	-2.20%
Feb 24, 2014 	13.480 	13.135 	13.676 	13.135 	13.85M 	2.85%
Feb 21, 2014 	13.106 	13.116 	13.224 	13.066 	19.33M 	0.53%
Feb 20, 2014 	13.037 	12.988 	13.066 	12.948 	13.35M 	0.53%
Feb 19, 2014 	12.968 	12.830 	13.007 	12.830 	19.97M 	1.08%
Feb 18, 2014 	12.830 	12.693 	12.889 	12.693 	3.55M 	1.08%
Feb 17, 2014 	12.693 	12.535 	12.889 	12.535 	6.27M 	0.95%
Feb 14, 2014 	12.574 	12.673 	12.693 	12.535 	5.74M 	-0.78%
Feb 13, 2014 	12.673 	12.594 	12.722 	12.496 	7.11M 	0.63%
Feb 12, 2014 	12.594 	12.466 	12.791 	12.417 	12.60M 	1.03%
Feb 11, 2014 	12.466 	12.397 	12.496 	12.387 	12.08M 	0.71%
Feb 10, 2014 	12.378 	12.240 	12.466 	12.240 	12.71M 	1.13%
Feb 07, 2014 	12.240 	12.102 	12.328 	12.102 	9.24M 	1.97%
Feb 06, 2014 	12.004 	11.620 	12.023 	11.620 	6.35M 	3.56%
Feb 05, 2014 	11.591 	11.315 	11.787 	11.315 	6.64M 	2.44%
Feb 04, 2014 	11.315 	11.630 	11.630 	11.226 	18.73M 	-3.28%
Feb 03, 2014 	11.699 	11.728 	11.787 	11.630 	12.27M 	-0.59%
Jan 30, 2014 	11.768 	11.905 	11.905 	11.512 	14.24M 	-1.64%
Jan 29, 2014 	11.964 	11.866 	12.102 	11.866 	16.43M 	1.00%
Jan 28, 2014 	11.846 	11.807 	12.122 	11.807 	5.72M 	-1.47%
Jan 27, 2014 	12.023 	12.063 	12.122 	11.531 	9.41M 	-1.45%
Jan 24, 2014 	12.200 	11.856 	12.397 	11.502 	13.88M 	2.81%
Jan 23, 2014 	11.866 	11.777 	11.905 	11.768 	7.47M 	0.76%
Jan 22, 2014 	11.777 	11.413 	11.886 	11.413 	10.54M 	3.19%
Jan 21, 2014 	11.413 	11.453 	11.453 	11.295 	2.37M 	0.87%
Jan 20, 2014 	11.315 	11.404 	11.404 	11.158 	6.29M 	-0.78%
Jan 17, 2014 	11.404 	11.492 	11.492 	11.384 	5.05M 	-0.59%
Jan 16, 2014 	11.472 	11.571 	11.571 	11.423 	6.77M 	-0.35%
Jan 15, 2014 	11.512 	11.413 	11.610 	11.404 	10.54M 	0.87%
Jan 14, 2014 	11.413 	11.413 	11.453 	11.315 	27.58M 	1.13%
Jan 13, 2014 	11.286 	11.118 	11.453 	11.118 	14.69M 	1.51%
Jan 10, 2014 	11.118 	11.138 	11.315 	11.069 	12.47M 	0.00%
Jan 09, 2014 	11.118 	11.040 	11.148 	11.040 	5.45M 	0.71%
Jan 08, 2014 	11.040 	11.167 	11.167 	11.000 	4.77M 	0.18%
Jan 07, 2014 	11.020 	11.384 	11.384 	10.931 	4.24M 	-1.49%
Jan 06, 2014 	11.187 	11.266 	11.315 	11.098 	3.86M 	-0.35%
Jan 03, 2014 	11.226 	11.413 	11.413 	11.020 	2.69M 	-1.64%
Jan 02, 2014 	11.413 	11.020 	11.413 	10.971 	2.00M 	3.57%
Dec 27, 2013 	11.020 	11.118 	11.158 	10.862 	3.72M 	1.54%
Dec 26, 2013 	10.853 	11.079 	11.098 	10.853 	2.97M 	-2.04%
Dec 23, 2013 	11.079 	10.882 	11.118 	10.882 	4.80M 	1.72%
Dec 20, 2013 	10.892 	10.921 	10.961 	10.823 	12.01M 	-1.16%
Dec 19, 2013 	11.020 	11.040 	11.040 	11.000 	4.17M 	0.09%
Dec 18, 2013 	11.010 	10.990 	11.120 	10.990 	10.13M 	1.29%
Dec 17, 2013 	10.870 	10.780 	11.040 	10.700 	7.27M 	3.03%
Dec 16, 2013 	10.550 	10.510 	10.600 	10.510 	9.17M 	0.38%
Dec 13, 2013 	10.510 	10.420 	10.590 	10.400 	9.94M 	0.86%
Dec 12, 2013 	10.420 	10.810 	10.810 	10.420 	18.25M 	-3.61%
Dec 11, 2013 	10.810 	10.840 	11.100 	10.420 	24.38M 	0.09%
Dec 10, 2013 	10.800 	11.200 	11.200 	10.800 	4.08M 	-2.26%
Dec 09, 2013 	11.050 	11.200 	11.200 	10.930 	2.47M 	-1.16%
Dec 06, 2013 	11.180 	11.180 	11.300 	11.010 	7.24M 	0.36%
Dec 05, 2013 	11.140 	11.200 	11.210 	11.100 	3.79M 	-0.71%
Dec 04, 2013 	11.220 	11.290 	11.300 	11.140 	11.03M 	-0.71%
Dec 03, 2013 	11.300 	11.360 	11.360 	11.220 	5.80M 	-0.53%
Dec 02, 2013 	11.360 	11.180 	11.480 	11.180 	13.58M 	2.16%
Nov 29, 2013 	11.120 	11.100 	11.120 	10.980 	8.45M 	0.18%
Nov 28, 2013 	11.100 	10.960 	11.120 	10.960 	10.10M 	1.28%
Nov 27, 2013 	10.960 	10.740 	11.010 	10.740 	10.71M 	2.05%
Nov 26, 2013 	10.740 	10.740 	10.760 	10.420 	12.35M 	-0.19%
Nov 25, 2013 	10.760 	10.880 	10.900 	10.760 	10.43M 	-1.28%
Nov 22, 2013 	10.900 	10.620 	10.960 	10.620 	24.40M 	2.64%
Nov 21, 2013 	10.620 	10.470 	10.620 	10.360 	8.18M 	1.63%
Nov 20, 2013 	10.450 	10.340 	10.580 	10.340 	5.97M 	1.06%
Nov 19, 2013 	10.340 	10.400 	10.580 	10.340 	3.83M 	-0.58%
Nov 18, 2013 	10.400 	10.610 	10.700 	10.400 	3.56M 	-1.89%
Nov 15, 2013 	10.600 	10.200 	10.620 	10.200 	6.78M 	3.92%
Nov 14, 2013 	10.200 	10.200 	10.300 	10.120 	2.04M 	0.00%
Nov 13, 2013 	10.200 	10.100 	10.360 	10.090 	3.30M 	0.00%
Nov 12, 2013 	10.200 	9.740 	10.200 	9.720 	2.27M 	4.72%
Nov 11, 2013 	9.740 	9.990 	10.000 	9.740 	3.42M 	-2.79%
Nov 08, 2013 	10.020 	10.200 	10.300 	10.020 	5.78M 	-1.76%
Nov 07, 2013 	10.200 	10.150 	10.200 	10.130 	5.59M 	0.00%
Nov 06, 2013 	10.200 	10.200 	10.220 	10.080 	6.50M 	0.00%
Nov 05, 2013 	10.200 	10.100 	10.240 	10.090 	1.86M 	0.99%
Nov 04, 2013 	10.100 	10.300 	10.300 	10.070 	1.96M 	-2.51%
Oct 31, 2013 	10.360 	10.240 	10.400 	10.200 	14.52M 	1.17%
Oct 30, 2013 	10.240 	10.450 	10.450 	10.240 	5.55M 	-0.39%
Oct 29, 2013 	10.280 	10.400 	10.400 	10.110 	42.20M 	0.78%
Oct 25, 2013 	10.200 	10.330 	10.330 	10.200 	2.41M 	-1.92%
Oct 24, 2013 	10.400 	10.580 	10.720 	10.400 	3.22M 	-1.70%
Oct 23, 2013 	10.580 	10.730 	10.730 	10.540 	2.69M 	-1.40%
Oct 22, 2013 	10.730 	10.830 	10.840 	10.720 	6.67M 	-0.92%
Oct 21, 2013 	10.830 	10.800 	10.850 	10.760 	4.23M 	0.28%
Oct 18, 2013 	10.800 	10.700 	10.880 	10.400 	8.32M 	1.22%
Oct 17, 2013 	10.670 	10.400 	10.700 	10.200 	8.73M 	2.60%
Oct 16, 2013 	10.400 	10.200 	10.400 	10.200 	4.11M 	4.00%
Oct 14, 2013 	10.000 	10.060 	10.190 	10.000 	9.97M 	-3.57%
Oct 11, 2013 	10.370 	10.000 	10.400 	10.000 	21.06M 	3.91%
Oct 10, 2013 	9.980 	9.450 	9.990 	9.450 	15.05M 	5.61%
Oct 09, 2013 	9.450 	9.760 	9.770 	9.450 	2.50M 	-3.18%
Oct 08, 2013 	9.760 	9.690 	9.760 	9.600 	869.00K 	0.83%
Oct 07, 2013 	9.680 	9.580 	9.730 	9.570 	3.20M 	1.15%
Oct 04, 2013 	9.570 	9.280 	9.570 	9.280 	3.97M 	3.57%
Oct 03, 2013 	9.240 	9.370 	9.370 	9.220 	546.00K 	-1.49%
Oct 02, 2013 	9.380 	9.280 	9.380 	9.200 	7.56M 	3.99%
Oct 01, 2013 	9.020 	9.360 	9.360 	9.020 	31.19M 	-1.96%
Sep 30, 2013 	9.200 	9.160 	9.440 	9.160 	7.61M 	0.33%
Sep 27, 2013 	9.170 	9.390 	9.390 	9.170 	2.13M 	-0.97%
Sep 26, 2013 	9.260 	9.270 	9.270 	9.170 	16.37M 	0.54%
Sep 25, 2013 	9.210 	9.340 	9.480 	9.190 	10.23M 	0.11%
Sep 24, 2013 	9.200 	9.360 	9.360 	9.140 	6.32M 	0.44%
Sep 23, 2013 	9.160 	9.380 	9.390 	9.120 	6.86M 	0.66%
Sep 20, 2013 	9.100 	9.540 	9.600 	9.100 	7.01M 	-4.61%
Sep 19, 2013 	9.540 	9.630 	9.760 	9.540 	6.29M 	1.60%
Sep 18, 2013 	9.390 	9.600 	9.600 	9.390 	2.12M 	-0.11%
Sep 17, 2013 	9.400 	9.300 	9.400 	9.220 	8.18M 	2.17%
Sep 16, 2013 	9.200 	9.120 	9.400 	9.120 	14.75M 	1.10%
Sep 13, 2013 	9.100 	9.250 	9.250 	9.100 	2.26M 	-1.62%
Sep 12, 2013 	9.250 	9.800 	9.800 	9.250 	4.70M 	-4.44%
Sep 11, 2013 	9.680 	9.500 	9.790 	9.500 	7.06M 	1.68%
Sep 10, 2013 	9.520 	9.500 	9.600 	9.500 	4.66M 	1.28%
Sep 09, 2013 	9.400 	9.160 	9.440 	9.160 	1.41M 	2.62%
Sep 06, 2013 	9.160 	9.300 	9.360 	9.150 	2.28M 	-1.51%
Sep 05, 2013 	9.300 	9.600 	9.600 	9.200 	4.54M 	-1.06%
Sep 04, 2013 	9.400 	9.800 	9.800 	9.400 	2.41M 	-4.08%
Sep 03, 2013 	9.800 	9.540 	9.800 	9.500 	2.29M 	2.73%
Sep 02, 2013 	9.540 	9.560 	9.740 	9.400 	3.02M 	-1.14%
Aug 30, 2013 	9.650 	9.300 	9.780 	9.200 	16.38M 	3.76%
Aug 29, 2013 	9.300 	9.220 	9.400 	9.100 	10.86M 	0.87%
Aug 28, 2013 	9.220 	9.220 	9.340 	8.800 	8.71M 	-2.95%
Aug 27, 2013 	9.500 	9.490 	9.500 	9.200 	3.77M 	0.21%
Aug 23, 2013 	9.480 	9.200 	9.520 	9.200 	4.22M 	3.04%
Aug 22, 2013 	9.200 	9.340 	9.340 	8.800 	13.37M 	-3.66%
Aug 16, 2013 	9.550 	9.580 	9.590 	9.520 	2.32M 	-0.31%
Aug 15, 2013 	9.580 	9.600 	9.600 	9.520 	5.36M 	-0.52%
Aug 14, 2013 	9.630 	9.690 	9.700 	9.550 	3.63M 	-0.72%
Aug 13, 2013 	9.700 	9.710 	9.770 	9.600 	2.59M 	1.15%
Aug 12, 2013 	9.590 	9.410 	9.710 	9.410 	2.96M 	1.91%
Aug 08, 2013 	9.410 	9.600 	9.600 	9.350 	6.04M 	-3.19%
Aug 07, 2013 	9.720 	9.800 	9.900 	9.720 	940.50K 	-0.82%
Aug 06, 2013 	9.800 	10.080 	10.080 	9.800 	2.20M 	-2.78%
Aug 05, 2013 	10.080 	10.300 	10.300 	10.020 	3.47M 	-2.14%
Aug 02, 2013 	10.300 	10.400 	10.600 	10.200 	5.01M 	-0.48%
Aug 01, 2013 	10.350 	10.790 	10.790 	10.350 	4.64M 	-2.73%
Jul 31, 2013 	10.640 	10.930 	10.930 	10.570 	3.73M 	-1.39%
Jul 30, 2013 	10.790 	10.860 	10.860 	10.750 	2.46M 	-0.09%
Jul 29, 2013 	10.800 	10.800 	10.900 	10.690 	5.87M 	0.19%
Jul 26, 2013 	10.780 	10.800 	10.830 	10.730 	5.78M 	-0.09%
Jul 25, 2013 	10.790 	10.740 	10.820 	10.740 	7.16M 	0.84%
Jul 24, 2013 	10.700 	10.660 	10.720 	10.660 	5.93M 	0.38%
Jul 23, 2013 	10.660 	10.420 	10.790 	10.420 	16.42M 	3.29%
Jul 22, 2013 	10.320 	10.480 	10.500 	10.320 	2.39M 	-0.96%
Jul 19, 2013 	10.420 	10.800 	10.800 	10.420 	4.28M 	-3.52%
Jul 18, 2013 	10.800 	10.820 	10.840 	10.700 	8.88M 	-0.37%
Jul 17, 2013 	10.840 	10.800 	10.840 	10.670 	3.05M 	0.28%
Jul 16, 2013 	10.810 	10.820 	10.860 	10.600 	2.82M 	-0.09%
Jul 15, 2013 	10.820 	10.760 	10.840 	10.760 	3.08M 	0.37%
Jul 12, 2013 	10.780 	10.650 	10.840 	10.650 	4.50M 	1.70%
Jul 11, 2013 	10.600 	10.200 	10.600 	10.180 	2.82M 	4.13%
Jul 10, 2013 	10.180 	10.290 	10.300 	10.120 	2.98M 	0.00%
Jul 09, 2013 	10.180 	10.410 	10.590 	10.110 	2.99M 	0.79%
Jul 08, 2013 	10.100 	10.700 	10.740 	10.100 	8.54M 	-5.78%
Jul 05, 2013 	10.720 	10.470 	10.720 	10.470 	4.46M 	2.10%
Jul 04, 2013 	10.500 	10.470 	10.520 	10.440 	5.11M 	0.38%
Jul 03, 2013 	10.460 	10.160 	10.540 	10.020 	12.04M 	2.95%
Jul 02, 2013 	10.160 	10.300 	10.300 	10.000 	4.01M 	2.63%
Jul 01, 2013 	9.900 	10.420 	10.470 	9.900 	5.75M 	-4.07%
Jun 28, 2013 	10.320 	10.200 	10.440 	10.200 	10.49M 	1.28%
Jun 27, 2013 	10.190 	10.100 	10.300 	10.060 	8.87M 	1.90%
Jun 26, 2013 	10.000 	9.600 	10.000 	9.580 	11.53M 	8.70%
Jun 25, 2013 	9.200 	9.600 	9.600 	8.900 	11.73M 	-4.17%
Jun 24, 2013 	9.600 	10.000 	10.000 	9.600 	7.89M 	-4.00%
Jun 21, 2013 	10.000 	10.000 	10.190 	9.800 	6.48M 	-3.57%
Jun 20, 2013 	10.370 	10.500 	10.500 	10.300 	2.93M 	-1.43%
Jun 19, 2013 	10.520 	10.500 	10.600 	10.450 	16.56M 	1.15%
Jun 18, 2013 	10.400 	10.200 	10.500 	10.000 	7.26M 	4.00%
Jun 17, 2013 	10.000 	10.000 	10.170 	9.900 	9.02M 	0.40%
Jun 14, 2013 	9.960 	9.900 	10.330 	9.900 	10.95M 	1.01%
Jun 13, 2013 	9.860 	10.190 	10.190 	9.860 	9.31M 	-3.24%
Jun 11, 2013 	10.190 	10.700 	10.700 	10.190 	9.14M 	-3.60%
Jun 10, 2013 	10.570 	10.400 	10.760 	10.400 	22.78M 	1.63%
Jun 07, 2013 	10.400 	10.200 	10.600 	10.200 	6.30M 	2.06%
Jun 06, 2013 	10.190 	10.330 	10.330 	9.860 	4.73M 	-1.45%
Jun 05, 2013 	10.340 	10.500 	10.500 	10.310 	7.91M 	-1.52%
Jun 04, 2013 	10.500 	10.710 	10.710 	10.460 	8.60M 	-1.96%
Jun 03, 2013 	10.710 	11.200 	11.200 	10.600 	8.72M 	-5.14%
May 31, 2013 	11.290 	11.000 	11.290 	10.790 	13.59M 	2.64%
May 30, 2013 	11.000 	11.370 	11.370 	10.800 	13.76M 	-3.25%
May 29, 2013 	11.370 	11.260 	11.400 	11.260 	8.23M 	0.98%
May 28, 2013 	11.260 	11.380 	11.400 	11.150 	11.03M 	-1.05%
May 27, 2013 	11.380 	11.440 	11.440 	11.300 	3.74M 	-0.52%
May 24, 2013 	11.440 	11.580 	11.580 	11.400 	4.96M 	-1.21%
May 23, 2013 	11.580 	11.600 	11.720 	11.400 	6.99M 	-0.09%
May 22, 2013 	11.590 	11.660 	11.800 	11.580 	6.30M 	-0.52%
May 21, 2013 	11.650 	11.770 	11.770 	11.600 	4.32M 	-1.27%
May 20, 2013 	11.800 	11.600 	11.970 	11.600 	5.96M 	1.72%
May 17, 2013 	11.600 	11.660 	11.660 	11.400 	4.50M 	0.00%
May 16, 2013 	11.600 	11.900 	11.960 	11.600 	8.20M 	-2.44%
May 15, 2013 	11.890 	12.000 	12.000 	11.800 	4.31M 	2.15%
May 14, 2013 	11.640 	11.940 	12.100 	11.640 	5.94M 	-2.35%
May 10, 2013 	11.920 	11.610 	11.920 	11.610 	6.27M 	1.19%
May 09, 2013 	11.780 	11.760 	11.800 	11.640 	2.58M 	0.51%
May 08, 2013 	11.720 	11.600 	11.960 	11.600 	6.77M 	1.03%
May 07, 2013 	11.600 	11.950 	11.950 	11.580 	6.16M 	-2.93%
May 06, 2013 	11.950 	11.900 	12.100 	11.900 	7.42M 	0.76%
May 03, 2013 	11.860 	11.700 	11.950 	11.640 	11.25M 	1.89%
May 02, 2013 	11.640 	11.410 	11.700 	11.360 	7.21M 	2.02%
Apr 30, 2013 	11.410 	11.240 	11.600 	11.240 	13.16M 	1.51%
Apr 29, 2013 	11.240 	11.420 	11.420 	11.030 	6.66M 	0.18%
Apr 26, 2013 	11.220 	11.410 	11.600 	11.220 	9.19M 	-1.67%
Apr 25, 2013 	11.410 	11.400 	11.410 	11.360 	11.01M 	0.00%
Apr 24, 2013 	11.410 	11.520 	11.610 	11.350 	8.37M 	-0.95%
Apr 23, 2013 	11.520 	11.510 	11.700 	11.510 	10.13M 	-4.71%
Apr 22, 2013 	12.090 	12.000 	12.160 	12.000 	5.39M 	0.75%
Apr 19, 2013 	12.000 	12.080 	12.100 	11.980 	11.75M 	-0.66%
Apr 18, 2013 	12.080 	12.120 	12.240 	12.040 	7.05M 	-0.33%
Apr 17, 2013 	12.120 	12.140 	12.200 	12.040 	5.43M 	0.83%
Apr 16, 2013 	12.020 	12.000 	12.170 	11.900 	17.06M 	-1.31%
Apr 15, 2013 	12.180 	12.120 	12.220 	12.000 	11.17M 	0.83%
Apr 12, 2013 	12.080 	11.480 	12.120 	11.480 	27.97M 	5.78%
Apr 11, 2013 	11.420 	11.170 	11.480 	11.170 	12.54M 	2.24%
Apr 10, 2013 	11.170 	11.000 	11.170 	11.000 	9.42M 	1.73%
Apr 08, 2013 	10.980 	11.060 	11.140 	10.980 	5.69M 	-0.72%
Apr 05, 2013 	11.060 	11.090 	11.100 	10.910 	5.19M 	-0.27%
Apr 04, 2013 	11.090 	11.100 	11.110 	11.040 	6.49M 	-0.09%
Apr 03, 2013 	11.100 	10.960 	11.100 	10.960 	12.82M 	1.28%
Apr 02, 2013 	10.960 	11.170 	11.170 	10.900 	6.43M 	-1.88%
Apr 01, 2013 	11.170 	11.070 	11.260 	10.940 	17.36M 	1.55%
Mar 27, 2013 	11.000 	10.900 	11.160 	10.760 	13.35M 	0.73%
Mar 26, 2013 	10.920 	10.740 	11.060 	10.740 	17.94M 	1.68%
Mar 25, 2013 	10.740 	10.810 	10.860 	10.680 	7.20M 	-0.37%
Mar 22, 2013 	10.780 	10.320 	10.900 	10.320 	23.76M 	5.17%
Mar 21, 2013 	10.250 	10.300 	10.370 	10.180 	12.32M 	0.29%
Mar 20, 2013 	10.220 	10.280 	10.280 	10.040 	12.78M 	-0.58%
Mar 19, 2013 	10.280 	10.400 	10.500 	10.000 	7.62M 	-0.19%
Mar 18, 2013 	10.300 	10.570 	10.570 	10.270 	15.74M 	-2.74%
Mar 15, 2013 	10.590 	10.710 	10.710 	10.590 	18.11M 	-1.85%
Mar 14, 2013 	10.790 	10.840 	10.900 	10.780 	6.84M 	-0.46%
Mar 13, 2013 	10.840 	10.860 	10.860 	10.770 	2.54M 	0.00%
Mar 12, 2013 	10.840 	10.800 	10.930 	10.800 	5.24M 	0.37%
Mar 11, 2013 	10.800 	10.900 	10.900 	10.800 	9.31M 	-0.28%
Mar 08, 2013 	10.830 	10.800 	10.990 	10.800 	5.40M 	0.37%
Mar 07, 2013 	10.790 	11.150 	11.150 	10.780 	23.59M 	-3.23%
Mar 06, 2013 	11.150 	10.800 	11.170 	10.800 	22.78M 	2.86%
Mar 05, 2013 	10.840 	10.840 	10.840 	10.760 	15.24M 	-0.64%
Mar 04, 2013 	10.910 	10.900 	10.910 	10.780 	19.26M 	0.09%
Mar 01, 2013 	10.900 	10.580 	10.960 	10.580 	16.65M 	1.87%
Feb 28, 2013 	10.700 	10.410 	10.700 	10.360 	20.24M 	3.88%
Feb 27, 2013 	10.300 	10.460 	10.480 	10.300 	23.45M 	-1.44%
Feb 26, 2013 	10.450 	10.470 	10.500 	10.430 	7.89M 	0.10%
Feb 25, 2013 	10.440 	10.460 	10.470 	10.430 	11.52M 	-0.19%
Feb 22, 2013 	10.460 	10.430 	10.460 	10.420 	13.50M 	0.29%
Feb 21, 2013 	10.430 	10.600 	10.600 	10.390 	26.54M 	-1.60%
Feb 20, 2013 	10.600 	10.610 	10.680 	10.530 	9.21M 	0.00%
Feb 19, 2013 	10.600 	10.600 	10.660 	10.510 	13.00M 	1.05%
Feb 18, 2013 	10.490 	10.500 	10.660 	10.480 	7.94M 	0.29%
Feb 15, 2013 	10.460 	10.600 	10.600 	10.440 	26.38M 	-1.41%
Feb 14, 2013 	10.610 	10.960 	11.000 	10.560 	28.73M 	-3.02%
Feb 13, 2013 	10.940 	10.880 	10.970 	10.880 	19.08M 	0.18%
Feb 12, 2013 	10.920 	10.910 	10.960 	10.910 	3.99M 	0.09%
Feb 11, 2013 	10.910 	10.970 	11.000 	10.910 	11.13M 	-0.46%
Feb 08, 2013 	10.960 	10.780 	11.000 	10.780 	4.82M 	1.67%
Feb 07, 2013 	10.780 	10.790 	10.800 	10.740 	16.66M 	-0.09%
Feb 06, 2013 	10.790 	10.840 	10.850 	10.760 	11.54M 	-0.09%
Feb 05, 2013 	10.800 	11.000 	11.000 	10.780 	13.09M 	-1.82%
Feb 04, 2013 	11.000 	11.000 	11.000 	10.820 	13.74M 	1.10%
Feb 01, 2013 	10.880 	11.000 	11.000 	10.870 	9.08M 	-1.09%
Jan 31, 2013 	11.000 	11.020 	11.050 	10.950 	16.48M 	0.00%
Jan 30, 2013 	11.000 	11.030 	11.060 	11.000 	9.00M 	-0.18%
Jan 29, 2013 	11.020 	11.020 	11.040 	10.900 	11.78M 	0.00%
Jan 28, 2013 	11.020 	10.860 	11.020 	10.810 	9.62M 	1.47%
Jan 25, 2013 	10.860 	10.620 	10.860 	10.600 	8.01M 	2.07%
Jan 24, 2013 	10.640 	10.630 	10.680 	10.610 	7.83M 	0.09%
Jan 23, 2013 	10.630 	10.700 	10.700 	10.600 	3.16M 	0.28%
Jan 22, 2013 	10.600 	10.600 	10.660 	10.590 	5.42M 	0.00%
Jan 21, 2013 	10.600 	10.610 	10.690 	10.600 	3.32M 	0.00%
Jan 18, 2013 	10.600 	10.480 	10.630 	10.480 	4.80M 	1.15%
Jan 17, 2013 	10.480 	10.630 	10.630 	10.400 	19.56M 	-1.41%
Jan 16, 2013 	10.630 	10.780 	10.780 	10.630 	8.87M 	-1.39%
Jan 15, 2013 	10.780 	10.800 	10.820 	10.600 	10.23M 	-0.19%
Jan 14, 2013 	10.800 	10.800 	10.800 	10.540 	20.00M 	-0.37%
Jan 11, 2013 	10.840 	11.020 	11.020 	10.800 	11.27M 	-1.45%
Jan 10, 2013 	11.000 	11.300 	11.300 	10.980 	9.55M 	-2.65%
Jan 09, 2013 	11.300 	11.190 	11.350 	11.180 	11.16M 	0.36%
Jan 08, 2013 	11.260 	11.180 	11.310 	11.060 	14.45M 	0.72%
Jan 07, 2013 	11.180 	11.190 	11.200 	11.000 	11.41M 	0.00%
Jan 04, 2013 	11.180 	11.180 	11.190 	11.110 	18.85M 	0.54%
Jan 03, 2013 	11.120 	11.000 	11.200 	10.980 	10.84M 	1.46%
Jan 02, 2013 	10.960 	10.790 	11.000 	10.790 	3.93M 	1.58%
Dec 28, 2012 	10.790 	10.840 	10.960 	10.770 	5.18M 	-0.46%
Dec 27, 2012 	10.840 	10.950 	10.950 	10.780 	5.22M 	-2.34%
Dec 26, 2012 	11.100 	11.220 	11.220 	10.920 	3.39M 	-1.07%
Dec 21, 2012 	11.220 	10.820 	11.270 	10.820 	5.84M 	2.00%
Dec 20, 2012 	11.000 	11.000 	11.060 	10.770 	3.93M 	0.00%
Dec 19, 2012 	11.000 	10.580 	11.050 	10.560 	8.80M 	3.77%
Dec 18, 2012 	10.600 	10.420 	10.600 	10.420 	2.20M 	0.95%
Dec 17, 2012 	10.500 	10.700 	10.700 	10.450 	2.94M 	-0.76%
Dec 14, 2012 	10.580 	10.550 	10.670 	10.480 	2.43M 	0.28%
Dec 13, 2012 	10.550 	10.570 	10.700 	10.400 	11.02M 	1.25%
Dec 12, 2012 	10.420 	10.960 	10.960 	10.420 	10.36M 	-5.01%
Dec 11, 2012 	10.970 	10.800 	10.970 	10.780 	4.16M 	1.57%
Dec 10, 2012 	10.800 	10.800 	10.820 	10.780 	6.83M 	0.09%
Dec 07, 2012 	10.790 	10.830 	10.830 	10.780 	9.44M 	-0.37%
Dec 06, 2012 	10.830 	10.790 	10.880 	10.740 	7.52M 	0.37%
Dec 05, 2012 	10.790 	10.920 	10.920 	10.750 	8.07M 	-1.19%
Dec 04, 2012 	10.920 	10.950 	10.950 	10.900 	12.24M 	-0.27%
Dec 03, 2012 	10.950 	10.740 	10.990 	10.740 	10.21M 	-0.09%
Nov 29, 2012 	10.960 	10.560 	11.020 	10.560 	18.53M 	3.89%
Nov 28, 2012 	10.550 	10.880 	10.880 	10.450 	19.42M 	-2.31%
Nov 27, 2012 	10.800 	11.000 	11.010 	10.780 	13.43M 	-2.09%
Nov 26, 2012 	11.030 	11.000 	11.050 	10.970 	18.72M 	-1.08%
Nov 23, 2012 	11.150 	10.790 	11.150 	10.760 	8.72M 	4.79%
Nov 22, 2012 	10.640 	10.970 	10.970 	10.640 	3.82M 	-3.01%
Nov 21, 2012 	10.970 	10.760 	10.970 	10.640 	6.49M 	1.95%
Nov 20, 2012 	10.760 	10.640 	10.800 	10.600 	3.76M 	1.13%
Nov 19, 2012 	10.640 	10.600 	10.640 	10.550 	3.35M 	0.38%
Nov 16, 2012 	10.600 	10.770 	10.840 	10.600 	9.10M 	-1.58%
Nov 15, 2012 	10.770 	10.940 	10.940 	10.680 	4.49M 	-1.55%
Nov 14, 2012 	10.940 	10.790 	11.010 	10.790 	9.44M 	1.67%
Nov 13, 2012 	10.760 	10.640 	10.760 	10.600 	11.34M 	1.22%
Nov 12, 2012 	10.630 	10.460 	10.720 	10.460 	9.76M 	2.02%
Nov 09, 2012 	10.420 	10.460 	10.500 	10.410 	5.91M 	0.19%
Nov 08, 2012 	10.400 	10.520 	10.520 	10.390 	12.62M 	-1.33%
Nov 07, 2012 	10.540 	10.550 	10.640 	10.480 	13.27M 	-0.09%
Nov 06, 2012 	10.550 	10.800 	10.800 	10.530 	18.10M 	-2.41%
Nov 05, 2012 	10.810 	10.990 	10.990 	10.800 	7.42M 	0.09%
Oct 31, 2012 	10.800 	10.800 	10.810 	10.770 	17.44M 	0.00%
Oct 30, 2012 	10.800 	10.990 	10.990 	10.800 	16.77M 	-1.73%
Oct 29, 2012 	10.990 	11.090 	11.100 	10.880 	3.76M 	-0.72%
Oct 25, 2012 	11.070 	11.240 	11.240 	11.010 	4.77M 	-1.51%
Oct 24, 2012 	11.240 	11.190 	11.240 	11.180 	1.26M 	0.27%
Oct 23, 2012 	11.210 	11.200 	11.220 	11.190 	1.69M 	0.09%
Oct 22, 2012 	11.200 	11.270 	11.280 	11.180 	4.46M 	-1.06%
Oct 19, 2012 	11.320 	11.400 	11.400 	11.320 	2.65M 	-0.61%
Oct 18, 2012 	11.390 	11.400 	11.500 	11.360 	2.50M 	-0.09%
Oct 17, 2012 	11.400 	11.290 	11.410 	11.280 	3.69M 	1.06%
Oct 16, 2012 	11.280 	11.590 	11.590 	11.280 	6.81M 	-2.76%
Oct 15, 2012 	11.600 	11.600 	11.620 	11.580 	17.08M 	0.00%
Oct 12, 2012 	11.600 	11.590 	11.600 	11.580 	4.33M 	0.09%
Oct 11, 2012 	11.590 	11.600 	11.600 	11.560 	6.44M 	-0.09%
Oct 10, 2012 	11.600 	11.600 	11.610 	11.400 	9.36M 	0.00%
Oct 09, 2012 	11.600 	11.610 	11.610 	11.580 	6.02M 	0.17%
Oct 08, 2012 	11.580 	11.630 	11.630 	11.500 	4.87M 	0.00%
Oct 05, 2012 	11.580 	11.630 	11.660 	11.580 	12.90M 	-0.17%
Oct 04, 2012 	11.600 	11.650 	11.650 	11.580 	7.00M 	-0.17%
Oct 03, 2012 	11.620 	11.620 	11.650 	11.600 	4.54M 	0.17%
Oct 02, 2012 	11.600 	11.580 	11.600 	11.570 	9.56M 	0.17%
Oct 01, 2012 	11.580 	11.580 	11.580 	11.560 	8.13M 	-0.26%
Sep 28, 2012 	11.610 	11.600 	11.630 	11.590 	15.67M 	0.17%
Sep 27, 2012 	11.590 	11.610 	11.630 	11.580 	12.59M 	-0.09%
Sep 26, 2012 	11.600 	11.600 	11.630 	11.590 	11.00M 	0.00%
Sep 25, 2012 	11.600 	11.660 	11.660 	11.600 	8.87M 	-0.51%
Sep 24, 2012 	11.660 	11.750 	11.750 	11.640 	4.71M 	0.00%
Sep 21, 2012 	11.660 	11.600 	11.660 	11.600 	4.09M 	0.52%
Sep 20, 2012 	11.600 	11.640 	11.640 	11.600 	13.22M 	0.00%
Sep 19, 2012 	11.600 	11.660 	11.660 	11.590 	26.39M 	-0.09%
Sep 18, 2012 	11.610 	11.600 	11.630 	11.560 	4.20M 	-80.10%
Sep 17, 2012 	58.350 	58.050 	58.700 	58.050 	504.44K 	0.52%
Sep 14, 2012 	58.050 	57.200 	58.100 	57.200 	1.68M 	1.75%
Sep 13, 2012 	57.050 	57.050 	57.200 	56.500 	1.08M 	0.00%
Sep 12, 2012 	57.050 	57.000 	57.450 	57.000 	1.19M 	0.09%
Sep 11, 2012 	57.000 	56.550 	57.000 	56.200 	350.57K 	0.88%
Sep 10, 2012 	56.500 	56.450 	56.600 	56.200 	327.53K 	0.09%
Sep 07, 2012 	56.450 	56.450 	56.600 	56.300 	487.51K 	0.71%
Sep 06, 2012 	56.050 	56.700 	56.700 	56.000 	589.01K 	-0.97%
Sep 05, 2012 	56.600 	56.900 	57.500 	56.350 	439.73K 	-0.53%
Sep 04, 2012 	56.900 	57.850 	57.850 	56.400 	1.23M 	-1.47%
Sep 03, 2012 	57.750 	57.900 	57.900 	57.600 	816.23K 	-0.26%
Aug 31, 2012 	57.900 	56.400 	57.900 	56.300 	2.82M 	1.58%
Aug 30, 2012 	57.000 	57.500 	57.550 	57.000 	1.06M 	-0.87%
Aug 29, 2012 	57.500 	57.500 	57.600 	57.400 	2.47M 	-0.17%
Aug 28, 2012 	57.600 	57.000 	57.600 	56.250 	1.39M 	0.79%
Aug 24, 2012 	57.150 	57.450 	57.450 	57.000 	1.44M 	-0.61%
Aug 23, 2012 	57.500 	57.500 	57.650 	57.450 	2.22M 	0.00%
Aug 22, 2012 	57.500 	57.900 	58.000 	57.100 	1.30M 	-1.20%
Aug 17, 2012 	58.200 	58.900 	58.900 	58.000 	363.24K 	-1.10%
Aug 16, 2012 	58.850 	58.850 	59.000 	57.850 	1.01M 	0.34%
Aug 15, 2012 	58.650 	59.000 	59.000 	58.550 	958.82K 	0.09%
Aug 14, 2012 	58.600 	59.000 	59.200 	58.450 	774.55K 	-0.68%
Aug 13, 2012 	59.000 	58.400 	59.100 	58.000 	2.52M 	0.85%
Aug 10, 2012 	58.500 	58.700 	58.700 	57.500 	606.55K 	1.39%
Aug 09, 2012 	57.700 	57.200 	58.900 	57.200 	1.63M 	0.87%
Aug 08, 2012 	57.200 	57.400 	59.000 	57.200 	1.99M 	0.18%
Aug 06, 2012 	57.100 	58.000 	58.100 	57.000 	744.24K 	-0.87%
Aug 03, 2012 	57.600 	57.850 	57.850 	56.800 	1.70M 	-0.43%
Aug 02, 2012 	57.850 	58.000 	58.200 	57.800 	2.02M 	-0.26%
Aug 01, 2012 	58.000 	58.950 	58.950 	57.800 	2.31M 	-1.02%
Jul 31, 2012 	58.600 	57.500 	59.000 	57.350 	2.62M 	1.91%
Jul 30, 2012 	57.500 	57.000 	57.950 	56.950 	1.40M 	0.88%
Jul 27, 2012 	57.000 	57.000 	57.300 	56.950 	2.17M 	0.00%
Jul 26, 2012 	57.000 	57.700 	57.700 	56.950 	2.25M 	-0.87%
Jul 25, 2012 	57.500 	56.900 	57.500 	56.000 	928.33K 	0.79%
Jul 24, 2012 	57.050 	56.300 	57.500 	55.200 	1.78M 	1.33%
Jul 23, 2012 	56.300 	57.600 	57.600 	56.000 	1.03M 	-2.76%
Jul 20, 2012 	57.900 	58.700 	58.700 	57.750 	1.50M 	-1.53%
Jul 19, 2012 	58.800 	58.900 	59.200 	58.750 	3.46M 	-0.17%
Jul 18, 2012 	58.900 	59.300 	59.300 	58.800 	9.91M 	0.34%
Jul 17, 2012 	58.700 	59.000 	59.000 	58.300 	1.21M 	-1.18%
Jul 16, 2012 	59.400 	58.300 	59.400 	58.300 	561.01K 	2.24%
Jul 13, 2012 	58.100 	58.500 	58.800 	58.100 	597.38K 	-0.68%
Jul 12, 2012 	58.500 	59.500 	59.500 	57.800 	2.33M 	-1.68%
Jul 11, 2012 	59.500 	57.600 	59.500 	57.600 	1.47M 	1.36%
Jul 10, 2012 	58.700 	58.900 	59.700 	58.500 	2.08M 	-0.34%
Jul 09, 2012 	58.900 	59.500 	59.500 	58.500 	924.11K 	-0.51%
Jul 06, 2012 	59.200 	59.500 	59.600 	58.800 	908.02K 	-0.50%
Jul 05, 2012 	59.500 	59.450 	59.750 	59.000 	2.38M 	0.00%
Jul 04, 2012 	59.500 	58.400 	59.800 	58.000 	3.75M 	2.15%
Jul 03, 2012 	58.250 	57.600 	58.400 	57.600 	2.98M 	1.22%
Jul 02, 2012 	57.550 	57.600 	58.400 	56.900 	2.70M 	1.14%
Jun 29, 2012 	56.900 	57.000 	57.000 	56.850 	2.12M 	-0.18%
Jun 28, 2012 	57.000 	57.900 	57.950 	56.800 	3.91M 	-1.30%
Jun 27, 2012 	57.750 	56.750 	57.900 	56.750 	2.61M 	1.85%
Jun 26, 2012 	56.700 	55.850 	57.200 	55.400 	2.52M 	2.90%
Jun 25, 2012 	55.100 	56.000 	56.000 	55.100 	2.61M 	0.18%
Jun 22, 2012 	55.000 	54.950 	55.250 	54.050 	953.57K 	0.00%
Jun 21, 2012 	55.000 	55.200 	56.350 	54.800 	3.29M 	-0.09%
Jun 20, 2012 	55.050 	54.950 	55.500 	54.700 	2.76M 	0.18%
Jun 19, 2012 	54.950 	54.350 	54.950 	54.350 	1.85M 	-0.09%
Jun 18, 2012 	55.000 	55.550 	55.700 	53.500 	2.88M 	0.18%
Jun 15, 2012 	54.900 	56.000 	56.000 	53.950 	1.75M 	0.37%
Jun 14, 2012 	54.700 	55.600 	55.600 	54.550 	2.30M 	-2.32%
Jun 13, 2012 	56.000 	56.000 	56.150 	55.450 	7.51M 	0.18%
Jun 11, 2012 	55.900 	55.800 	55.900 	54.950 	1.83M 	-0.18%
Jun 08, 2012 	56.000 	55.400 	56.000 	55.000 	2.61M 	1.45%
Jun 07, 2012 	55.200 	55.950 	56.500 	54.900 	3.67M 	0.36%
Jun 06, 2012 	55.000 	54.000 	55.250 	53.900 	6.87M 	2.61%
Jun 05, 2012 	53.600 	53.200 	53.800 	52.400 	3.42M 	3.08%
Jun 04, 2012 	52.000 	54.900 	54.900 	51.800 	5.04M 	-6.05%
Jun 01, 2012 	55.350 	57.800 	57.800 	55.200 	6.88M 	-4.49%
May 31, 2012 	57.950 	59.000 	59.700 	56.750 	59.67M 	1.76%
May 30, 2012 	56.950 	58.800 	58.800 	56.050 	9.19M 	-2.48%
May 29, 2012 	58.400 	58.750 	59.000 	58.350 	4.46M 	-0.60%
May 28, 2012 	58.750 	59.250 	59.250 	58.750 	1.44M 	-0.84%
May 25, 2012 	59.250 	59.200 	59.250 	58.800 	4.39M 	0.00%
May 24, 2012 	59.250 	58.600 	59.650 	58.600 	5.81M 	1.11%
May 23, 2012 	58.600 	58.000 	58.600 	57.600 	3.67M 	0.86%
May 22, 2012 	58.100 	57.500 	58.500 	57.500 	4.42M 	1.93%
May 21, 2012 	57.000 	58.000 	58.500 	56.950 	8.70M 	-1.72%
May 18, 2012 	58.000 	60.500 	60.500 	56.900 	9.79M 	-4.92%
May 17, 2012 	61.000 	59.000 	62.000 	58.950 	8.01M 	3.39%
May 16, 2012 	59.000 	62.900 	63.600 	58.000 	12.05M 	-2.96%
May 15, 2012 	60.800 	61.220 	61.400 	57.600 	7.74M 	-0.90%
May 14, 2012 	61.350 	61.000 	61.850 	60.850 	3.06M 	-1.21%
May 11, 2012 	62.100 	63.300 	63.300 	61.100 	2.63M 	-2.05%
May 10, 2012 	63.400 	61.600 	63.500 	61.050 	3.70M 	1.85%
May 09, 2012 	62.250 	63.000 	63.100 	62.000 	2.31M 	-1.27%
May 08, 2012 	63.050 	61.000 	64.400 	61.000 	1.90M 	1.61%
May 07, 2012 	62.050 	62.000 	63.000 	61.300 	2.89M 	-0.48%
May 04, 2012 	62.350 	64.800 	64.800 	62.200 	2.91M 	-0.08%
May 03, 2012 	62.400 	62.000 	62.800 	62.000 	2.44M 	0.65%
May 02, 2012 	62.000 	59.750 	62.000 	59.750 	2.74M 	3.85%
Apr 30, 2012 	59.700 	60.500 	60.600 	59.500 	4.39M 	-1.32%
Apr 27, 2012 	60.500 	60.600 	61.450 	60.500 	2.14M 	-0.08%
Apr 26, 2012 	60.550 	63.000 	63.000 	60.100 	7.68M 	-3.89%
Apr 25, 2012 	63.000 	58.900 	63.600 	58.900 	5.68M 	6.96%
Apr 24, 2012 	58.900 	59.000 	59.500 	58.500 	1.21M 	0.00%
Apr 23, 2012 	58.900 	59.100 	59.200 	58.800 	2.49M 	1.90%
Apr 20, 2012 	57.800 	58.600 	59.250 	57.600 	2.10M 	0.35%
Apr 19, 2012 	57.600 	59.000 	59.000 	57.600 	2.82M 	-2.70%
Apr 18, 2012 	59.200 	58.000 	59.400 	57.900 	3.50M 	3.14%
Apr 17, 2012 	57.400 	57.900 	59.450 	57.000 	4.00M 	-1.03%
Apr 16, 2012 	58.000 	54.000 	58.250 	54.000 	4.60M 	6.62%
Apr 13, 2012 	54.400 	53.400 	54.800 	53.400 	2.21M 	2.64%
Apr 12, 2012 	53.000 	53.400 	53.400 	52.800 	1.91M 	-0.66%
Apr 11, 2012 	53.350 	53.400 	53.400 	53.000 	1.10M 	0.00%
Apr 10, 2012 	53.350 	54.750 	54.750 	53.150 	1.83M 	-2.20%
Apr 04, 2012 	54.550 	53.750 	55.400 	53.750 	1.07M 	1.49%