Feb 07, 2018 	4.990 	4.950 	5.010 	4.950 	27.50M 	0.81%
Feb 06, 2018 	4.950 	4.710 	4.950 	4.710 	21.29M 	2.06%
Feb 05, 2018 	4.850 	4.870 	4.870 	4.770 	30.41M 	-2.22%
Feb 02, 2018 	4.960 	4.900 	4.980 	4.900 	50.07M 	1.22%
Feb 01, 2018 	4.900 	4.950 	5.000 	4.900 	14.92M 	-1.01%
Jan 31, 2018 	4.950 	4.880 	4.970 	4.830 	25.86M 	-0.20%
Jan 30, 2018 	4.960 	5.050 	5.050 	4.960 	45.21M 	-1.98%
Jan 29, 2018 	5.060 	5.080 	5.080 	5.000 	37.18M 	0.20%
Jan 26, 2018 	5.050 	5.100 	5.110 	5.040 	45.32M 	-0.59%
Jan 25, 2018 	5.080 	5.040 	5.130 	5.040 	36.01M 	0.79%
Jan 24, 2018 	5.040 	5.000 	5.060 	4.990 	16.43M 	1.00%
Jan 23, 2018 	4.990 	5.010 	5.060 	4.920 	27.50M 	-0.20%
Jan 22, 2018 	5.000 	5.130 	5.130 	4.970 	15.82M 	-2.53%
Jan 19, 2018 	5.130 	4.970 	5.130 	4.950 	35.32M 	3.64%
Jan 18, 2018 	4.950 	4.830 	4.960 	4.830 	53.72M 	3.12%
Jan 17, 2018 	4.800 	5.010 	5.020 	4.800 	47.53M 	-4.00%
Jan 16, 2018 	5.000 	4.910 	5.040 	4.890 	47.96M 	2.46%
Jan 15, 2018 	4.880 	5.100 	5.110 	4.870 	90.54M 	-4.31%
Jan 12, 2018 	5.100 	5.140 	5.140 	5.020 	36.56M 	-0.78%
Jan 11, 2018 	5.140 	5.200 	5.220 	5.050 	37.18M 	-1.15%
Jan 10, 2018 	5.200 	5.250 	5.250 	5.180 	17.97M 	-1.14%
Jan 09, 2018 	5.260 	5.240 	5.320 	5.200 	18.09M 	0.77%
Jan 08, 2018 	5.220 	5.300 	5.300 	5.170 	19.70M 	-1.51%
Jan 05, 2018 	5.300 	5.240 	5.340 	5.210 	37.10M 	0.95%
Jan 04, 2018 	5.250 	5.280 	5.320 	5.210 	20.27M 	-0.57%
Jan 03, 2018 	5.280 	5.190 	5.330 	5.160 	33.92M 	2.33%
Dec 29, 2017 	5.160 	5.200 	5.200 	5.150 	82.91M 	0.19%
Dec 28, 2017 	5.150 	5.150 	5.190 	5.130 	33.77M 	0.00%
Dec 27, 2017 	5.150 	5.130 	5.160 	5.130 	10.26M 	0.78%
Dec 22, 2017 	5.110 	5.160 	5.160 	5.100 	10.69M 	-0.97%
Dec 21, 2017 	5.160 	5.130 	5.170 	5.110 	22.79M 	1.18%
Dec 20, 2017 	5.100 	5.150 	5.150 	5.080 	17.01M 	-0.97%
Dec 19, 2017 	5.150 	5.190 	5.200 	5.110 	18.97M 	-0.77%
Dec 18, 2017 	5.190 	5.190 	5.200 	5.150 	13.37M 	0.00%
Dec 15, 2017 	5.190 	5.250 	5.250 	5.150 	40.95M 	-1.14%
Dec 14, 2017 	5.250 	5.220 	5.280 	5.200 	21.12M 	0.77%
Dec 13, 2017 	5.210 	5.180 	5.220 	5.150 	23.08M 	0.58%
Dec 12, 2017 	5.180 	5.220 	5.250 	5.150 	35.48M 	-0.77%
Dec 11, 2017 	5.220 	5.220 	5.260 	5.210 	18.61M 	0.38%
Dec 08, 2017 	5.200 	5.150 	5.240 	5.140 	36.09M 	0.97%
Dec 07, 2017 	5.150 	5.130 	5.210 	5.110 	20.58M 	0.39%
Dec 06, 2017 	5.130 	5.100 	5.240 	5.070 	37.07M 	0.59%
Dec 05, 2017 	5.100 	5.140 	5.150 	5.080 	25.61M 	-0.97%
Dec 04, 2017 	5.150 	5.150 	5.180 	5.050 	44.42M 	-0.77%
Dec 01, 2017 	5.190 	5.350 	5.360 	5.150 	61.86M 	-2.81%
Nov 29, 2017 	5.340 	5.410 	5.420 	5.330 	28.52M 	-1.29%
Nov 28, 2017 	5.410 	5.480 	5.480 	5.280 	29.32M 	-1.64%
Nov 27, 2017 	5.500 	5.600 	5.600 	5.460 	11.79M 	-1.79%
Nov 24, 2017 	5.600 	5.620 	5.620 	5.480 	25.50M 	-1.06%
Nov 23, 2017 	5.660 	5.600 	5.660 	5.520 	12.42M 	1.98%
Nov 22, 2017 	5.550 	5.600 	5.670 	5.500 	20.01M 	-0.89%
Nov 21, 2017 	5.600 	5.490 	5.600 	5.440 	19.68M 	2.00%
Nov 20, 2017 	5.490 	5.440 	5.500 	5.440 	12.77M 	1.29%
Nov 17, 2017 	5.420 	5.350 	5.460 	5.350 	34.29M 	1.31%
Nov 16, 2017 	5.350 	5.320 	5.440 	5.250 	36.82M 	0.56%
Nov 15, 2017 	5.320 	5.510 	5.600 	5.320 	29.50M 	-3.10%
Nov 14, 2017 	5.490 	5.500 	5.550 	5.470 	20.22M 	-0.18%
Nov 13, 2017 	5.500 	5.610 	5.630 	5.500 	19.72M 	-2.14%
Nov 10, 2017 	5.620 	5.690 	5.690 	5.610 	12.58M 	-1.23%
Nov 09, 2017 	5.690 	5.840 	5.850 	5.650 	40.77M 	-2.57%
Nov 08, 2017 	5.840 	5.700 	5.850 	5.680 	54.53M 	2.64%
Nov 07, 2017 	5.690 	5.700 	5.720 	5.610 	18.88M 	-0.18%
Nov 06, 2017 	5.700 	5.640 	5.730 	5.600 	33.31M 	1.06%
Nov 03, 2017 	5.640 	5.690 	5.760 	5.580 	73.40M 	-1.05%
Nov 02, 2017 	5.700 	5.340 	5.700 	5.330 	75.37M 	6.94%
Oct 30, 2017 	5.330 	5.270 	5.340 	5.270 	13.19M 	0.19%
Oct 27, 2017 	5.320 	5.290 	5.320 	5.250 	12.12M 	0.57%
Oct 26, 2017 	5.290 	5.340 	5.350 	5.250 	14.40M 	0.19%
Oct 25, 2017 	5.280 	5.370 	5.370 	5.240 	39.64M 	-1.12%
Oct 24, 2017 	5.340 	5.290 	5.370 	5.280 	17.84M 	1.14%
Oct 23, 2017 	5.280 	5.300 	5.350 	5.200 	27.50M 	-0.38%
Oct 20, 2017 	5.300 	5.400 	5.420 	5.300 	11.73M 	-1.67%
Oct 19, 2017 	5.390 	5.400 	5.410 	5.340 	14.45M 	-0.19%
Oct 18, 2017 	5.400 	5.450 	5.460 	5.340 	34.05M 	-1.10%
Oct 17, 2017 	5.460 	5.470 	5.500 	5.350 	60.34M 	0.18%
Oct 13, 2017 	5.450 	5.440 	5.480 	5.400 	26.09M 	0.37%
Oct 12, 2017 	5.430 	5.390 	5.440 	5.320 	23.45M 	0.74%
Oct 11, 2017 	5.390 	5.290 	5.390 	5.270 	35.43M 	1.89%
Oct 10, 2017 	5.290 	5.270 	5.290 	5.230 	11.33M 	0.19%
Oct 09, 2017 	5.280 	5.280 	5.300 	5.250 	10.63M 	0.00%
Oct 06, 2017 	5.280 	5.340 	5.340 	5.260 	22.99M 	-0.38%
Oct 05, 2017 	5.300 	5.310 	5.350 	5.270 	7.83M 	-0.19%
Oct 04, 2017 	5.310 	5.330 	5.350 	5.310 	22.99M 	-0.38%
Oct 03, 2017 	5.330 	5.300 	5.350 	5.270 	28.87M 	0.19%
Oct 02, 2017 	5.320 	5.250 	5.340 	5.250 	18.84M 	1.72%
Sep 29, 2017 	5.230 	5.160 	5.350 	5.130 	58.88M 	1.16%
Sep 28, 2017 	5.170 	5.190 	5.260 	5.140 	36.28M 	-0.19%
Sep 27, 2017 	5.180 	5.100 	5.220 	5.100 	32.62M 	1.57%
Sep 26, 2017 	5.100 	5.230 	5.250 	5.060 	54.60M 	-3.04%
Sep 25, 2017 	5.260 	5.300 	5.300 	5.230 	19.84M 	-0.75%
Sep 22, 2017 	5.300 	5.350 	5.350 	5.260 	32.53M 	-0.93%
Sep 21, 2017 	5.350 	5.310 	5.370 	5.260 	54.05M 	0.75%
Sep 20, 2017 	5.310 	5.210 	5.340 	5.210 	38.21M 	2.12%
Sep 19, 2017 	5.200 	5.490 	5.500 	5.200 	95.91M 	-5.11%
Sep 18, 2017 	5.480 	5.380 	5.500 	5.370 	47.97M 	2.05%
Sep 15, 2017 	5.370 	5.390 	5.400 	5.360 	55.07M 	0.37%
Sep 14, 2017 	5.350 	5.270 	5.390 	5.270 	62.03M 	1.52%
Sep 13, 2017 	5.270 	5.300 	5.300 	5.250 	20.79M 	-0.57%
Sep 11, 2017 	5.300 	5.270 	5.300 	5.210 	15.04M 	0.57%
Sep 08, 2017 	5.270 	5.330 	5.340 	5.210 	38.16M 	-0.57%
Sep 07, 2017 	5.300 	5.150 	5.330 	5.150 	52.87M 	2.32%
Sep 06, 2017 	5.180 	5.070 	5.180 	5.020 	57.42M 	2.37%
Sep 05, 2017 	5.060 	5.000 	5.060 	4.980 	53.48M 	2.02%
Sep 04, 2017 	4.960 	4.960 	5.030 	4.930 	52.00M 	0.40%
Aug 31, 2017 	4.940 	4.910 	4.970 	4.860 	26.09M 	0.82%
Aug 30, 2017 	4.900 	4.870 	4.900 	4.860 	15.32M 	0.62%
Aug 29, 2017 	4.870 	4.920 	4.920 	4.860 	21.01M 	-1.42%
Aug 25, 2017 	4.940 	4.900 	4.950 	4.860 	30.72M 	0.82%
Aug 24, 2017 	4.900 	4.920 	4.940 	4.860 	20.56M 	-0.41%
Aug 23, 2017 	4.920 	4.880 	4.980 	4.880 	18.72M 	1.44%
Aug 22, 2017 	4.850 	4.910 	4.910 	4.820 	31.16M 	-1.42%
Aug 18, 2017 	4.920 	4.980 	5.000 	4.900 	10.55M 	-1.60%
Aug 17, 2017 	5.000 	5.000 	5.050 	4.950 	36.39M 	0.40%
Aug 16, 2017 	4.980 	4.920 	5.030 	4.890 	57.71M 	1.63%
Aug 15, 2017 	4.900 	4.850 	4.970 	4.850 	63.37M 	1.45%
Aug 14, 2017 	4.830 	4.780 	4.900 	4.770 	45.85M 	1.05%
Aug 11, 2017 	4.780 	4.800 	4.820 	4.730 	44.32M 	-2.45%
Aug 10, 2017 	4.900 	4.880 	4.950 	4.840 	23.75M 	0.41%
Aug 09, 2017 	4.880 	4.810 	4.950 	4.780 	50.66M 	1.04%
Aug 08, 2017 	4.830 	4.850 	4.850 	4.780 	49.09M 	0.21%
Aug 07, 2017 	4.820 	4.780 	4.900 	4.780 	35.99M 	0.21%
Aug 04, 2017 	4.810 	4.770 	4.850 	4.750 	43.33M 	0.42%
Aug 03, 2017 	4.790 	4.710 	4.850 	4.710 	59.94M 	1.70%
Aug 02, 2017 	4.710 	4.850 	4.970 	4.710 	67.07M 	-2.89%
Aug 01, 2017 	4.850 	4.820 	4.950 	4.790 	75.56M 	1.04%
Jul 31, 2017 	4.800 	4.930 	5.070 	4.800 	60.33M 	-2.83%
Jul 28, 2017 	4.940 	4.940 	5.050 	4.940 	30.37M 	-1.00%
Jul 27, 2017 	4.990 	4.980 	5.050 	4.960 	68.33M 	0.20%
Jul 26, 2017 	4.980 	4.750 	4.990 	4.730 	98.25M 	5.51%
Jul 25, 2017 	4.720 	4.720 	4.800 	4.660 	32.10M 	0.00%
Jul 24, 2017 	4.720 	4.700 	4.720 	4.640 	16.45M 	0.43%
Jul 21, 2017 	4.700 	4.730 	4.740 	4.600 	30.63M 	-0.63%
Jul 20, 2017 	4.730 	4.760 	4.810 	4.700 	48.99M 	-0.42%
Jul 19, 2017 	4.750 	4.710 	4.850 	4.710 	49.36M 	0.85%
Jul 18, 2017 	4.710 	4.710 	4.770 	4.700 	17.36M 	0.00%
Jul 17, 2017 	4.710 	4.630 	4.730 	4.620 	18.87M 	1.95%
Jul 14, 2017 	4.620 	4.730 	4.760 	4.620 	15.55M 	-2.12%
Jul 13, 2017 	4.720 	4.800 	4.820 	4.680 	33.58M 	-1.05%
Jul 12, 2017 	4.770 	4.540 	4.770 	4.540 	79.38M 	5.30%
Jul 11, 2017 	4.530 	4.520 	4.590 	4.500 	11.94M 	0.22%
Jul 10, 2017 	4.520 	4.600 	4.620 	4.500 	11.70M 	-1.53%
Jul 07, 2017 	4.590 	4.660 	4.660 	4.570 	20.81M 	-1.50%
Jul 06, 2017 	4.660 	4.520 	4.680 	4.520 	43.94M 	2.42%
Jul 05, 2017 	4.550 	4.600 	4.620 	4.460 	19.65M 	-1.09%
Jul 04, 2017 	4.600 	4.500 	4.620 	4.450 	24.55M 	2.22%
Jul 03, 2017 	4.500 	4.320 	4.500 	4.320 	31.26M 	4.65%
Jun 30, 2017 	4.300 	4.390 	4.410 	4.250 	70.78M 	-2.27%
Jun 29, 2017 	4.400 	4.460 	4.460 	4.320 	48.52M 	-1.12%
Jun 28, 2017 	4.450 	4.540 	4.550 	4.430 	20.28M 	-2.41%
Jun 27, 2017 	4.560 	4.540 	4.620 	4.530 	11.43M 	0.44%
Jun 23, 2017 	4.540 	4.610 	4.610 	4.530 	15.82M 	-1.52%
Jun 22, 2017 	4.610 	4.550 	4.720 	4.550 	52.60M 	1.54%
Jun 21, 2017 	4.540 	4.600 	4.600 	4.510 	18.43M 	-1.30%
Jun 20, 2017 	4.600 	4.520 	4.600 	4.500 	10.86M 	2.00%
Jun 19, 2017 	4.510 	4.470 	4.600 	4.470 	22.62M 	2.27%
Jun 16, 2017 	4.410 	4.580 	4.640 	4.410 	17.13M 	-3.08%
Jun 15, 2017 	4.550 	4.440 	4.650 	4.440 	41.32M 	2.94%
Jun 14, 2017 	4.420 	4.460 	4.520 	4.420 	30.70M 	1.61%
Jun 13, 2017 	4.350 	4.680 	4.700 	4.350 	57.44M 	-7.05%
Jun 09, 2017 	4.680 	4.730 	4.820 	4.680 	31.07M 	-0.21%
Jun 08, 2017 	4.690 	4.700 	4.850 	4.670 	31.21M 	-0.21%
Jun 07, 2017 	4.700 	4.690 	4.710 	4.620 	26.06M 	1.51%
Jun 06, 2017 	4.630 	4.590 	4.700 	4.580 	29.83M 	1.09%
Jun 05, 2017 	4.580 	4.500 	4.640 	4.500 	23.76M 	0.88%
Jun 02, 2017 	4.540 	4.620 	4.800 	4.530 	52.68M 	-3.20%
Jun 01, 2017 	4.690 	4.700 	4.740 	4.670 	44.90M 	-0.21%
May 31, 2017 	4.700 	4.620 	4.700 	4.510 	66.97M 	1.51%
May 30, 2017 	4.630 	4.720 	4.720 	4.610 	32.14M 	-1.70%
May 29, 2017 	4.710 	4.620 	4.820 	4.620 	79.02M 	1.95%
May 26, 2017 	4.620 	4.480 	4.640 	4.480 	95.08M 	3.12%
May 25, 2017 	4.480 	4.450 	4.500 	4.430 	22.88M 	0.00%
May 24, 2017 	4.480 	4.400 	4.500 	4.350 	39.12M 	0.67%
May 23, 2017 	4.450 	4.360 	4.490 	4.350 	126.21M 	2.30%
May 22, 2017 	4.350 	4.240 	4.420 	4.230 	89.06M 	2.59%
May 19, 2017 	4.240 	4.220 	4.240 	4.180 	11.24M 	0.47%
May 18, 2017 	4.220 	4.260 	4.260 	4.150 	25.61M 	-1.17%
May 17, 2017 	4.270 	4.260 	4.300 	4.200 	38.00M 	0.71%
May 16, 2017 	4.240 	4.200 	4.260 	4.190 	22.73M 	1.92%
May 15, 2017 	4.160 	4.130 	4.220 	4.110 	21.77M 	0.97%
May 12, 2017 	4.120 	4.210 	4.210 	4.080 	37.88M 	-1.44%
May 11, 2017 	4.180 	4.210 	4.270 	4.150 	43.30M 	-0.71%
May 10, 2017 	4.210 	4.370 	4.370 	4.210 	45.31M 	-3.66%
May 09, 2017 	4.370 	4.380 	4.480 	4.350 	36.23M 	-0.23%
May 08, 2017 	4.380 	4.230 	4.430 	4.230 	78.08M 	4.29%
May 05, 2017 	4.200 	4.170 	4.280 	4.170 	44.69M 	1.20%
May 04, 2017 	4.150 	4.140 	4.190 	4.100 	33.65M 	0.24%
May 03, 2017 	4.140 	4.110 	4.170 	4.110 	22.62M 	0.98%
May 02, 2017 	4.100 	4.060 	4.130 	4.060 	24.06M 	0.99%
Apr 27, 2017 	4.060 	4.150 	4.150 	4.060 	18.60M 	-2.17%
Apr 26, 2017 	4.150 	4.180 	4.190 	4.100 	24.66M 	-0.48%
Apr 25, 2017 	4.170 	4.190 	4.220 	4.160 	30.71M 	-0.24%
Apr 24, 2017 	4.180 	4.100 	4.190 	4.100 	44.96M 	1.95%
Apr 21, 2017 	4.100 	4.110 	4.140 	4.080 	36.42M 	0.74%
Apr 20, 2017 	4.070 	4.000 	4.130 	3.990 	104.41M 	1.75%
Apr 19, 2017 	4.000 	4.010 	4.040 	3.930 	24.93M 	0.25%
Apr 18, 2017 	3.990 	3.940 	4.020 	3.940 	25.09M 	1.53%
Apr 17, 2017 	3.930 	4.040 	4.040 	3.910 	26.85M 	-2.96%
Apr 12, 2017 	4.050 	3.960 	4.050 	3.880 	42.30M 	2.27%
Apr 11, 2017 	3.960 	4.040 	4.100 	3.920 	54.19M 	-1.98%
Apr 10, 2017 	4.040 	4.000 	4.110 	3.970 	84.62M 	2.54%
Apr 07, 2017 	3.940 	3.710 	3.970 	3.710 	128.84M 	6.20%
Apr 06, 2017 	3.710 	3.700 	3.770 	3.650 	42.63M 	0.27%
Apr 05, 2017 	3.700 	3.590 	3.780 	3.580 	66.23M 	4.23%
Apr 04, 2017 	3.550 	3.430 	3.650 	3.420 	31.99M 	3.20%
Apr 03, 2017 	3.440 	3.400 	3.450 	3.380 	28.12M 	1.78%
Mar 31, 2017 	3.380 	3.410 	3.470 	3.380 	16.68M 	-0.29%
Mar 30, 2017 	3.390 	3.520 	3.550 	3.390 	32.11M 	-3.42%
Mar 29, 2017 	3.510 	3.490 	3.550 	3.470 	33.61M 	0.86%
Mar 28, 2017 	3.480 	3.460 	3.510 	3.460 	37.41M 	0.87%
Mar 27, 2017 	3.450 	3.480 	3.510 	3.450 	10.21M 	-0.86%
Mar 24, 2017 	3.480 	3.580 	3.580 	3.480 	14.82M 	-2.79%
Mar 23, 2017 	3.580 	3.500 	3.600 	3.500 	5.66M 	2.29%
Mar 22, 2017 	3.500 	3.580 	3.590 	3.500 	28.09M 	-2.23%
Mar 21, 2017 	3.580 	3.590 	3.640 	3.580 	21.65M 	-0.28%
Mar 20, 2017 	3.590 	3.600 	3.630 	3.580 	13.94M 	0.00%
Mar 17, 2017 	3.590 	3.640 	3.670 	3.590 	53.40M 	-0.55%
Mar 16, 2017 	3.610 	3.640 	3.720 	3.600 	11.22M 	-0.82%
Mar 15, 2017 	3.640 	3.640 	3.680 	3.600 	40.89M 	0.00%
Mar 14, 2017 	3.640 	3.650 	3.690 	3.620 	30.02M 	0.28%
Mar 13, 2017 	3.630 	3.690 	3.710 	3.600 	19.97M 	-1.36%
Mar 10, 2017 	3.680 	3.680 	3.750 	3.680 	8.11M 	0.00%
Mar 09, 2017 	3.680 	3.760 	3.770 	3.680 	19.70M 	-2.13%
Mar 08, 2017 	3.760 	3.750 	3.780 	3.710 	10.91M 	0.53%
Mar 07, 2017 	3.740 	3.760 	3.770 	3.730 	9.62M 	-0.53%
Mar 06, 2017 	3.760 	3.710 	3.760 	3.650 	12.71M 	1.35%
Mar 03, 2017 	3.710 	3.740 	3.760 	3.700 	10.18M 	-0.80%
Mar 02, 2017 	3.740 	3.750 	3.750 	3.650 	12.70M 	0.27%
Mar 01, 2017 	3.730 	3.640 	3.740 	3.630 	15.61M 	2.47%
Feb 28, 2017 	3.640 	3.700 	3.700 	3.620 	15.34M 	-1.62%
Feb 27, 2017 	3.700 	3.700 	3.710 	3.670 	12.70M 	0.00%
Feb 24, 2017 	3.700 	3.650 	3.710 	3.650 	17.69M 	0.54%
Feb 23, 2017 	3.680 	3.670 	3.710 	3.660 	20.35M 	0.82%
Feb 22, 2017 	3.650 	3.720 	3.750 	3.650 	22.43M 	-1.88%
Feb 21, 2017 	3.720 	3.720 	3.750 	3.710 	20.10M 	0.27%
Feb 20, 2017 	3.710 	3.730 	3.760 	3.710 	27.76M 	-0.54%
Feb 17, 2017 	3.730 	3.770 	3.770 	3.710 	45.87M 	0.27%
Feb 16, 2017 	3.720 	3.700 	3.800 	3.700 	21.71M 	0.54%
Feb 15, 2017 	3.700 	3.750 	3.750 	3.680 	16.44M 	-1.33%
Feb 14, 2017 	3.750 	3.760 	3.760 	3.730 	8.94M 	-0.27%
Feb 13, 2017 	3.760 	3.720 	3.760 	3.710 	18.88M 	1.35%
Feb 10, 2017 	3.710 	3.840 	3.850 	3.690 	31.07M 	-3.39%
Feb 09, 2017 	3.840 	3.890 	3.890 	3.800 	11.90M 	-1.29%
Feb 08, 2017 	3.890 	3.850 	3.920 	3.780 	40.62M 	0.78%
Feb 07, 2017 	3.860 	3.830 	3.900 	3.830 	23.66M 	1.05%
Feb 06, 2017 	3.820 	3.660 	3.830 	3.650 	50.52M 	4.95%
Feb 03, 2017 	3.640 	3.660 	3.670 	3.620 	27.49M 	-0.27%
Feb 02, 2017 	3.650 	3.630 	3.710 	3.630 	25.00M 	0.83%
Feb 01, 2017 	3.620 	3.670 	3.670 	3.610 	18.12M 	-1.36%
Jan 31, 2017 	3.670 	3.710 	3.710 	3.610 	25.23M 	-0.81%
Jan 30, 2017 	3.700 	3.640 	3.720 	3.640 	10.91M 	1.65%
Jan 27, 2017 	3.640 	3.650 	3.690 	3.630 	29.07M 	0.00%
Jan 26, 2017 	3.640 	3.640 	3.700 	3.630 	27.48M 	0.83%
Jan 25, 2017 	3.610 	3.710 	3.730 	3.610 	38.25M 	-2.43%
Jan 24, 2017 	3.700 	3.760 	3.760 	3.660 	44.36M 	-0.80%
Jan 23, 2017 	3.730 	3.730 	3.800 	3.730 	35.50M 	0.00%
Jan 20, 2017 	3.730 	3.700 	3.730 	3.630 	9.94M 	1.08%
Jan 19, 2017 	3.690 	3.660 	3.720 	3.650 	41.44M 	2.22%
Jan 18, 2017 	3.610 	3.590 	3.660 	3.560 	27.38M 	1.69%
Jan 17, 2017 	3.550 	3.780 	3.800 	3.530 	124.75M 	-6.08%
Jan 16, 2017 	3.780 	3.780 	3.830 	3.770 	13.99M 	0.00%
Jan 13, 2017 	3.780 	3.870 	3.910 	3.780 	31.67M 	-2.33%
Jan 12, 2017 	3.870 	3.990 	4.000 	3.860 	33.07M 	-2.03%
Jan 11, 2017 	3.950 	3.970 	4.030 	3.870 	35.90M 	0.77%
Jan 10, 2017 	3.920 	3.750 	3.980 	3.750 	71.88M 	4.53%
Jan 09, 2017 	3.750 	3.780 	3.780 	3.720 	15.70M 	0.00%
Jan 06, 2017 	3.750 	3.770 	3.840 	3.730 	41.77M 	0.81%
Jan 05, 2017 	3.720 	3.700 	3.800 	3.680 	56.17M 	1.36%
Jan 04, 2017 	3.670 	3.560 	3.740 	3.540 	77.25M 	3.67%
Jan 03, 2017 	3.540 	3.570 	3.580 	3.510 	16.19M 	-0.84%
Dec 29, 2016 	3.570 	3.530 	3.640 	3.510 	27.63M 	2.59%
Dec 28, 2016 	3.480 	3.560 	3.600 	3.480 	23.01M 	-0.85%
Dec 27, 2016 	3.510 	3.520 	3.560 	3.510 	28.36M 	-0.57%
Dec 23, 2016 	3.530 	3.580 	3.600 	3.480 	10.64M 	-1.12%
Dec 22, 2016 	3.570 	3.640 	3.650 	3.530 	31.72M 	-1.92%
Dec 21, 2016 	3.640 	3.460 	3.640 	3.430 	36.98M 	5.51%
Dec 20, 2016 	3.450 	3.300 	3.450 	3.210 	47.47M 	4.55%
Dec 19, 2016 	3.300 	3.470 	3.500 	3.300 	30.36M 	-4.90%
Dec 16, 2016 	3.470 	3.550 	3.550 	3.470 	27.18M 	-0.86%
Dec 15, 2016 	3.500 	3.510 	3.560 	3.480 	35.12M 	-1.96%
Dec 14, 2016 	3.570 	3.600 	3.610 	3.550 	16.35M 	-0.83%
Dec 13, 2016 	3.600 	3.580 	3.600 	3.480 	49.86M 	0.56%
Dec 12, 2016 	3.580 	3.720 	3.720 	3.510 	36.37M 	-2.72%
Dec 09, 2016 	3.680 	3.710 	3.760 	3.650 	30.87M 	0.00%
Dec 08, 2016 	3.680 	3.650 	3.780 	3.640 	74.32M 	1.66%
Dec 07, 2016 	3.620 	3.590 	3.640 	3.590 	8.79M 	1.12%
Dec 06, 2016 	3.580 	3.640 	3.690 	3.550 	31.62M 	-1.65%
Dec 05, 2016 	3.640 	3.700 	3.700 	3.530 	66.00M 	-1.62%
Dec 02, 2016 	3.700 	3.740 	3.750 	3.680 	24.25M 	-0.27%
Dec 01, 2016 	3.710 	3.790 	3.830 	3.710 	29.69M 	0.82%
Nov 29, 2016 	3.680 	3.800 	3.810 	3.650 	47.24M 	-3.16%
Nov 28, 2016 	3.800 	3.880 	3.910 	3.770 	28.47M 	-2.06%
Nov 25, 2016 	3.880 	3.860 	3.910 	3.760 	22.45M 	0.78%
Nov 24, 2016 	3.850 	3.700 	3.890 	3.700 	57.84M 	3.77%
Nov 23, 2016 	3.710 	3.720 	3.740 	3.610 	46.46M 	3.06%
Nov 22, 2016 	3.600 	3.800 	3.800 	3.600 	44.72M 	-4.51%
Nov 21, 2016 	3.770 	3.850 	3.950 	3.770 	13.05M 	-2.08%
Nov 18, 2016 	3.850 	3.780 	3.870 	3.760 	14.16M 	2.94%
Nov 17, 2016 	3.740 	3.760 	3.870 	3.740 	24.26M 	-0.27%
Nov 16, 2016 	3.750 	3.800 	3.960 	3.750 	38.56M 	-1.32%
Nov 15, 2016 	3.800 	3.720 	3.840 	3.700 	43.54M 	2.70%
Nov 14, 2016 	3.700 	3.750 	3.900 	3.680 	52.97M 	-2.12%
Nov 11, 2016 	3.780 	3.980 	3.990 	3.780 	70.02M 	-4.30%
Nov 10, 2016 	3.950 	4.100 	4.100 	3.950 	37.58M 	-0.75%
Nov 09, 2016 	3.980 	4.190 	4.190 	3.770 	64.13M 	-4.10%
Nov 08, 2016 	4.150 	4.100 	4.190 	4.030 	40.62M 	3.23%
Nov 07, 2016 	4.020 	4.020 	4.080 	3.960 	39.17M 	0.00%
Nov 04, 2016 	4.020 	3.900 	4.060 	3.900 	40.92M 	3.61%
Nov 03, 2016 	3.880 	3.850 	3.940 	3.690 	86.16M 	-0.51%
Nov 02, 2016 	3.900 	4.030 	4.050 	3.800 	55.75M 	-2.99%
Oct 28, 2016 	4.020 	4.100 	4.120 	4.020 	39.22M 	-1.71%
Oct 27, 2016 	4.090 	4.160 	4.190 	4.050 	26.60M 	-1.68%
Oct 26, 2016 	4.160 	4.220 	4.220 	4.060 	33.94M 	-1.42%
Oct 25, 2016 	4.220 	4.290 	4.350 	4.220 	18.99M 	-1.63%
Oct 24, 2016 	4.290 	4.290 	4.290 	4.190 	37.18M 	0.23%
Oct 21, 2016 	4.280 	4.320 	4.340 	4.260 	31.99M 	-1.38%
Oct 20, 2016 	4.340 	4.300 	4.400 	4.250 	54.87M 	1.17%
Oct 19, 2016 	4.290 	4.310 	4.380 	4.290 	51.25M 	0.23%
Oct 18, 2016 	4.280 	4.240 	4.320 	4.180 	40.60M 	0.71%
Oct 17, 2016 	4.250 	4.170 	4.300 	4.160 	50.49M 	2.66%
Oct 14, 2016 	4.140 	4.130 	4.220 	4.080 	58.78M 	0.73%
Oct 13, 2016 	4.110 	4.360 	4.390 	4.090 	99.97M 	-5.52%
Oct 12, 2016 	4.350 	4.540 	4.540 	4.300 	54.64M 	-4.81%
Oct 11, 2016 	4.570 	4.520 	4.570 	4.520 	11.63M 	1.11%
Oct 10, 2016 	4.520 	4.440 	4.580 	4.440 	24.67M 	0.44%
Oct 07, 2016 	4.500 	4.650 	4.660 	4.440 	75.77M 	-3.64%
Oct 06, 2016 	4.670 	4.660 	4.720 	4.660 	41.61M 	0.43%
Oct 05, 2016 	4.650 	4.800 	4.800 	4.650 	14.65M 	-3.33%
Oct 04, 2016 	4.810 	4.800 	4.820 	4.770 	23.04M 	0.21%
Oct 03, 2016 	4.800 	4.730 	4.880 	4.720 	40.47M 	1.69%
Sep 30, 2016 	4.720 	4.840 	4.840 	4.720 	31.32M 	-3.48%
Sep 29, 2016 	4.890 	4.630 	4.890 	4.630 	87.47M 	5.62%
Sep 28, 2016 	4.630 	4.550 	4.700 	4.550 	20.21M 	1.76%
Sep 27, 2016 	4.550 	4.620 	4.620 	4.520 	26.55M 	-1.73%
Sep 26, 2016 	4.630 	4.770 	4.770 	4.630 	16.81M 	-3.34%
Sep 23, 2016 	4.790 	4.720 	4.800 	4.700 	35.11M 	1.91%
Sep 22, 2016 	4.700 	4.700 	4.740 	4.610 	35.24M 	2.17%
Sep 21, 2016 	4.600 	4.660 	4.710 	4.560 	35.62M 	-1.29%
Sep 20, 2016 	4.660 	4.600 	4.750 	4.600 	31.25M 	0.65%
Sep 19, 2016 	4.630 	4.580 	4.640 	4.500 	17.93M 	1.76%
Sep 16, 2016 	4.550 	4.700 	4.710 	4.550 	27.34M 	-3.19%
Sep 15, 2016 	4.700 	4.600 	4.700 	4.520 	28.88M 	2.17%
Sep 14, 2016 	4.600 	4.470 	4.660 	4.360 	64.99M 	2.22%
Sep 13, 2016 	4.500 	4.530 	4.580 	4.500 	38.63M 	-1.10%
Sep 09, 2016 	4.550 	4.600 	4.660 	4.550 	39.66M 	-1.09%
Sep 08, 2016 	4.600 	4.540 	4.740 	4.500 	68.31M 	0.66%
Sep 07, 2016 	4.570 	4.720 	4.750 	4.490 	115.65M 	-3.79%
Sep 06, 2016 	4.750 	4.800 	4.870 	4.730 	32.60M 	-0.63%
Sep 05, 2016 	4.780 	4.900 	4.950 	4.780 	24.07M 	-2.85%
Sep 02, 2016 	4.920 	4.840 	4.990 	4.840 	32.72M 	1.65%
Sep 01, 2016 	4.840 	4.750 	4.840 	4.660 	44.87M 	2.76%
Aug 31, 2016 	4.710 	4.710 	4.790 	4.710 	48.43M 	0.21%
Aug 30, 2016 	4.700 	4.940 	4.950 	4.700 	89.67M 	-4.86%
Aug 26, 2016 	4.940 	4.900 	4.940 	4.850 	46.68M 	1.65%
Aug 25, 2016 	4.860 	4.860 	4.920 	4.840 	61.31M 	0.62%
Aug 24, 2016 	4.830 	5.020 	5.060 	4.830 	68.61M 	-3.40%
Aug 23, 2016 	5.000 	5.040 	5.050 	4.930 	23.74M 	-0.79%
Aug 22, 2016 	5.040 	4.890 	5.050 	4.890 	52.25M 	3.28%
Aug 19, 2016 	4.880 	4.970 	4.980 	4.850 	56.12M 	-0.20%
Aug 18, 2016 	4.890 	4.950 	5.070 	4.880 	48.50M 	-0.61%
Aug 17, 2016 	4.920 	5.080 	5.090 	4.910 	68.62M 	-3.15%
Aug 16, 2016 	5.080 	5.060 	5.150 	5.060 	35.75M 	0.59%
Aug 15, 2016 	5.050 	5.120 	5.150 	5.020 	58.28M 	-1.94%
Aug 12, 2016 	5.150 	5.190 	5.240 	5.080 	30.94M 	-0.39%
Aug 11, 2016 	5.170 	5.470 	5.480 	5.090 	85.30M 	-5.48%
Aug 10, 2016 	5.470 	5.410 	5.510 	5.400 	39.68M 	0.92%
Aug 09, 2016 	5.420 	5.380 	5.420 	5.250 	46.33M 	0.74%
Aug 08, 2016 	5.380 	5.190 	5.390 	5.180 	61.23M 	3.66%
Aug 05, 2016 	5.190 	5.100 	5.210 	5.090 	27.26M 	2.57%
Aug 04, 2016 	5.060 	5.060 	5.150 	5.040 	22.50M 	0.00%
Aug 03, 2016 	5.060 	5.100 	5.100 	5.040 	41.15M 	-0.78%
Aug 02, 2016 	5.100 	5.080 	5.160 	5.070 	38.72M 	0.39%
Aug 01, 2016 	5.080 	5.030 	5.080 	5.020 	21.05M 	0.99%
Jul 29, 2016 	5.030 	5.120 	5.120 	5.030 	43.08M 	-1.76%
Jul 28, 2016 	5.120 	5.100 	5.150 	5.050 	37.26M 	0.39%
Jul 27, 2016 	5.100 	5.050 	5.120 	5.050 	31.92M 	0.99%
Jul 26, 2016 	5.050 	5.170 	5.180 	5.050 	52.02M 	-2.51%
Jul 25, 2016 	5.180 	5.170 	5.240 	5.170 	57.00M 	0.97%
Jul 22, 2016 	5.130 	5.200 	5.210 	5.130 	18.32M 	-1.54%
Jul 21, 2016 	5.210 	5.080 	5.210 	5.050 	50.92M 	1.96%
Jul 20, 2016 	5.110 	5.000 	5.110 	5.000 	19.96M 	0.99%
Jul 19, 2016 	5.060 	5.030 	5.060 	5.000 	15.36M 	1.40%
Jul 18, 2016 	4.990 	5.140 	5.140 	4.990 	23.27M 	-2.92%
Jul 15, 2016 	5.140 	5.070 	5.150 	5.030 	43.69M 	1.38%
Jul 14, 2016 	5.070 	5.000 	5.070 	4.930 	37.60M 	1.40%
Jul 13, 2016 	5.000 	5.000 	5.150 	5.000 	102.74M 	0.00%
Jul 12, 2016 	5.000 	4.890 	5.000 	4.880 	110.95M 	3.09%
Jul 11, 2016 	4.850 	4.700 	4.890 	4.680 	64.86M 	4.30%
Jul 08, 2016 	4.650 	4.650 	4.710 	4.640 	79.85M 	0.00%
Jul 07, 2016 	4.650 	4.740 	4.750 	4.640 	22.25M 	-1.90%
Jul 05, 2016 	4.740 	4.700 	4.840 	4.690 	94.12M 	1.94%
Jul 04, 2016 	4.650 	4.650 	4.750 	4.620 	33.60M 	1.09%
Jul 01, 2016 	4.600 	4.650 	4.750 	4.580 	42.01M 	-1.08%
Jun 30, 2016 	4.650 	4.600 	4.780 	4.600 	97.74M 	1.97%
Jun 29, 2016 	4.560 	4.510 	4.590 	4.510 	33.78M 	2.01%
Jun 28, 2016 	4.470 	4.490 	4.510 	4.460 	17.49M 	-0.45%
Jun 27, 2016 	4.490 	4.430 	4.550 	4.350 	60.74M 	-0.22%
Jun 24, 2016 	4.500 	4.600 	4.780 	4.360 	85.76M 	-3.64%
Jun 23, 2016 	4.670 	4.590 	4.690 	4.580 	54.16M 	2.19%
Jun 22, 2016 	4.570 	4.590 	4.600 	4.500 	20.53M 	1.33%
Jun 21, 2016 	4.510 	4.420 	4.650 	4.420 	68.02M 	2.50%
Jun 20, 2016 	4.400 	4.420 	4.450 	4.370 	30.13M 	-0.23%
Jun 17, 2016 	4.410 	4.420 	4.460 	4.390 	33.44M 	0.46%
Jun 16, 2016 	4.390 	4.380 	4.400 	4.360 	14.46M 	1.62%
Jun 15, 2016 	4.320 	4.310 	4.380 	4.310 	30.79M 	0.93%
Jun 14, 2016 	4.280 	4.370 	4.380 	4.260 	24.57M 	-2.73%
Jun 13, 2016 	4.400 	4.400 	4.410 	4.240 	72.23M 	0.00%
Jun 10, 2016 	4.400 	4.500 	4.530 	4.380 	38.06M 	-2.22%
Jun 09, 2016 	4.500 	4.480 	4.560 	4.400 	38.99M 	1.12%
Jun 08, 2016 	4.450 	4.610 	4.610 	4.420 	58.62M 	-3.47%
Jun 07, 2016 	4.610 	4.560 	4.650 	4.480 	58.73M 	1.32%
Jun 06, 2016 	4.550 	4.430 	4.550 	4.410 	47.76M 	3.17%
Jun 03, 2016 	4.410 	4.400 	4.500 	4.400 	19.36M 	0.23%
Jun 02, 2016 	4.400 	4.380 	4.550 	4.350 	47.06M 	0.00%
Jun 01, 2016 	4.400 	4.400 	4.430 	4.310 	25.39M 	-2.22%
May 31, 2016 	4.500 	4.340 	4.500 	4.250 	104.23M 	3.69%
May 30, 2016 	4.340 	4.400 	4.420 	4.300 	16.68M 	-1.36%
May 27, 2016 	4.400 	4.350 	4.470 	4.340 	42.48M 	1.15%
May 26, 2016 	4.350 	4.400 	4.410 	4.270 	29.76M 	0.00%
May 25, 2016 	4.350 	4.260 	4.420 	4.260 	64.11M 	3.08%
May 24, 2016 	4.220 	4.240 	4.250 	4.160 	17.21M 	-0.47%
May 23, 2016 	4.240 	4.110 	4.250 	4.110 	14.46M 	3.16%
May 20, 2016 	4.110 	4.250 	4.300 	4.110 	38.15M 	-3.29%
May 19, 2016 	4.250 	4.290 	4.300 	4.230 	38.42M 	-0.70%
May 18, 2016 	4.280 	4.370 	4.370 	4.250 	62.75M 	-2.28%
May 17, 2016 	4.380 	4.370 	4.490 	4.360 	55.30M 	0.46%
May 16, 2016 	4.360 	4.250 	4.400 	4.250 	70.54M 	2.59%
May 13, 2016 	4.250 	4.130 	4.430 	4.120 	92.58M 	3.16%
May 12, 2016 	4.120 	4.070 	4.160 	3.990 	91.54M 	1.73%
May 11, 2016 	4.050 	3.900 	4.110 	3.890 	88.57M 	5.19%
May 10, 2016 	3.850 	3.660 	3.890 	3.570 	95.30M 	4.05%
May 06, 2016 	3.700 	3.580 	3.700 	3.510 	76.21M 	3.64%
May 05, 2016 	3.570 	3.700 	3.700 	3.550 	46.37M 	-4.03%
May 04, 2016 	3.720 	3.670 	3.720 	3.640 	15.78M 	0.27%
May 03, 2016 	3.710 	3.660 	3.800 	3.660 	33.04M 	1.92%
May 02, 2016 	3.640 	3.780 	3.800 	3.550 	49.19M 	-3.45%
Apr 29, 2016 	3.770 	3.750 	3.810 	3.720 	28.21M 	0.53%
Apr 28, 2016 	3.750 	3.840 	3.880 	3.710 	43.48M 	-1.32%
Apr 27, 2016 	3.800 	3.960 	3.990 	3.750 	59.20M 	-3.80%
Apr 26, 2016 	3.950 	4.020 	4.020 	3.920 	31.13M 	-1.74%
Apr 25, 2016 	4.020 	4.100 	4.110 	4.020 	16.37M 	-1.95%
Apr 22, 2016 	4.100 	4.100 	4.140 	4.080 	23.86M 	0.24%
Apr 21, 2016 	4.090 	3.970 	4.140 	3.970 	32.18M 	1.49%
Apr 20, 2016 	4.030 	3.990 	4.060 	3.980 	19.04M 	0.50%
Apr 19, 2016 	4.010 	4.010 	4.060 	3.960 	24.55M 	0.00%
Apr 18, 2016 	4.010 	4.030 	4.040 	3.970 	12.07M 	-0.25%
Apr 15, 2016 	4.020 	4.130 	4.140 	3.990 	25.40M 	-2.66%
Apr 14, 2016 	4.130 	4.120 	4.190 	4.120 	64.04M 	1.23%
Apr 13, 2016 	4.080 	3.990 	4.130 	3.990 	49.20M 	2.77%
Apr 12, 2016 	3.970 	3.990 	4.050 	3.970 	50.33M 	-0.25%
Apr 11, 2016 	3.980 	3.950 	4.000 	3.950 	17.03M 	0.76%
Apr 08, 2016 	3.950 	3.980 	4.040 	3.920 	28.20M 	-1.00%
Apr 07, 2016 	3.990 	4.080 	4.080 	3.970 	18.07M 	0.00%
Apr 06, 2016 	3.990 	3.970 	4.030 	3.940 	60.11M 	0.76%
Apr 05, 2016 	3.960 	4.040 	4.070 	3.950 	23.68M 	-1.74%
Apr 04, 2016 	4.030 	4.110 	4.150 	4.030 	23.95M 	-1.95%
Apr 01, 2016 	4.110 	4.150 	4.170 	4.090 	17.43M 	-0.96%
Mar 31, 2016 	4.150 	4.150 	4.250 	4.100 	42.64M 	0.48%
Mar 30, 2016 	4.130 	4.110 	4.240 	4.110 	54.81M 	0.73%
Mar 29, 2016 	4.100 	4.130 	4.140 	4.080 	21.58M 	-0.73%
Mar 28, 2016 	4.130 	4.120 	4.170 	4.090 	21.27M 	0.49%
Mar 23, 2016 	4.110 	4.120 	4.120 	4.060 	20.73M 	-0.24%
Mar 22, 2016 	4.120 	4.120 	4.190 	4.020 	36.91M 	0.24%
Mar 21, 2016 	4.110 	4.050 	4.160 	4.050 	29.33M 	1.48%
Mar 18, 2016 	4.050 	4.120 	4.200 	4.050 	37.56M 	0.00%
Mar 17, 2016 	4.050 	4.000 	4.100 	4.000 	42.84M 	2.53%
Mar 16, 2016 	3.950 	4.130 	4.130 	3.940 	33.23M 	-4.36%
Mar 15, 2016 	4.130 	4.150 	4.200 	4.090 	27.57M 	-0.24%
Mar 14, 2016 	4.140 	4.170 	4.220 	4.100 	39.23M 	0.00%
Mar 11, 2016 	4.140 	4.090 	4.150 	4.070 	44.58M 	1.22%
Mar 10, 2016 	4.090 	4.100 	4.140 	4.040 	26.38M 	0.49%
Mar 09, 2016 	4.070 	3.870 	4.110 	3.810 	69.72M 	5.17%
Mar 08, 2016 	3.870 	3.850 	3.910 	3.810 	13.87M 	0.52%
Mar 07, 2016 	3.850 	3.830 	3.900 	3.790 	27.63M 	0.79%
Mar 04, 2016 	3.820 	3.900 	3.920 	3.790 	23.73M 	-1.55%
Mar 03, 2016 	3.880 	3.700 	3.890 	3.690 	70.69M 	5.43%
Mar 02, 2016 	3.680 	3.580 	3.680 	3.560 	79.41M 	4.25%
Mar 01, 2016 	3.530 	3.500 	3.570 	3.490 	19.52M 	-1.94%
Feb 29, 2016 	3.600 	3.490 	3.600 	3.380 	100.90M 	3.15%
Feb 26, 2016 	3.490 	3.480 	3.520 	3.460 	9.17M 	0.58%
Feb 24, 2016 	3.470 	3.540 	3.550 	3.450 	30.88M 	-2.25%
Feb 23, 2016 	3.550 	3.540 	3.570 	3.530 	33.17M 	1.72%
Feb 22, 2016 	3.490 	3.460 	3.550 	3.460 	12.67M 	0.87%
Feb 19, 2016 	3.460 	3.500 	3.500 	3.420 	26.77M 	-1.14%
Feb 18, 2016 	3.500 	3.470 	3.530 	3.460 	49.72M 	0.86%
Feb 17, 2016 	3.470 	3.470 	3.470 	3.410 	30.09M 	0.29%
Feb 16, 2016 	3.460 	3.380 	3.500 	3.380 	93.29M 	3.90%
Feb 15, 2016 	3.330 	3.400 	3.450 	3.330 	31.01M 	0.30%
Feb 12, 2016 	3.320 	3.350 	3.360 	3.270 	31.52M 	-2.35%
Feb 11, 2016 	3.400 	3.450 	3.500 	3.400 	27.32M 	-1.16%
Feb 10, 2016 	3.440 	3.440 	3.500 	3.380 	17.88M 	0.00%
Feb 09, 2016 	3.440 	3.500 	3.520 	3.410 	35.08M 	-4.44%
Feb 05, 2016 	3.600 	3.480 	3.630 	3.480 	85.60M 	3.75%
Feb 04, 2016 	3.470 	3.350 	3.480 	3.350 	64.38M 	6.12%
Feb 03, 2016 	3.270 	3.420 	3.420 	3.260 	49.29M 	-4.66%
Feb 02, 2016 	3.430 	3.490 	3.510 	3.410 	14.50M 	-1.15%
Feb 01, 2016 	3.470 	3.540 	3.630 	3.430 	60.39M 	-2.80%
Jan 29, 2016 	3.570 	3.480 	3.630 	3.470 	86.81M 	4.39%
Jan 28, 2016 	3.420 	3.340 	3.530 	3.320 	48.88M 	0.88%
Jan 27, 2016 	3.390 	3.310 	3.410 	3.310 	48.61M 	4.63%
Jan 26, 2016 	3.240 	3.200 	3.320 	3.160 	57.06M 	-3.57%
Jan 25, 2016 	3.360 	3.390 	3.410 	3.280 	88.91M 	2.75%
Jan 22, 2016 	3.270 	3.170 	3.330 	3.000 	191.55M 	5.48%
Jan 21, 2016 	3.100 	3.180 	3.230 	3.070 	121.24M 	-2.21%
Jan 20, 2016 	3.170 	3.530 	3.530 	3.110 	137.50M 	-10.20%
Jan 19, 2016 	3.530 	3.530 	3.570 	3.470 	52.10M 	0.86%
Jan 18, 2016 	3.500 	3.560 	3.560 	3.410 	57.00M 	-4.11%
Jan 15, 2016 	3.650 	3.800 	3.880 	3.650 	27.69M 	-1.88%
Jan 14, 2016 	3.720 	3.690 	3.760 	3.660 	44.82M 	-4.12%
Jan 13, 2016 	3.880 	3.640 	3.880 	3.630 	81.91M 	8.38%
Jan 12, 2016 	3.580 	3.640 	3.680 	3.570 	59.60M 	1.70%
Jan 11, 2016 	3.520 	3.810 	3.820 	3.510 	80.18M 	-9.28%
Jan 08, 2016 	3.880 	3.940 	3.990 	3.840 	45.06M 	-1.52%
Jan 07, 2016 	3.940 	4.150 	4.150 	3.910 	56.15M 	-5.52%
Jan 06, 2016 	4.170 	4.120 	4.170 	4.120 	23.92M 	1.21%
Jan 05, 2016 	4.120 	4.160 	4.200 	4.120 	27.03M 	-0.24%
Jan 04, 2016 	4.130 	4.250 	4.300 	4.080 	26.23M 	-2.82%
Dec 29, 2015 	4.250 	4.270 	4.320 	4.230 	12.46M 	-1.16%
Dec 28, 2015 	4.300 	4.330 	4.330 	4.250 	29.41M 	-0.23%
Dec 23, 2015 	4.310 	4.300 	4.350 	4.260 	8.20M 	0.47%
Dec 22, 2015 	4.290 	4.360 	4.360 	4.270 	17.31M 	-1.38%
Dec 21, 2015 	4.350 	4.290 	4.380 	4.230 	10.94M 	1.40%
Dec 18, 2015 	4.290 	4.300 	4.300 	4.240 	23.35M 	-0.92%
Dec 17, 2015 	4.330 	4.320 	4.370 	4.270 	23.74M 	1.41%
Dec 16, 2015 	4.270 	4.220 	4.290 	4.190 	43.61M 	2.89%
Dec 15, 2015 	4.150 	4.200 	4.290 	4.150 	12.35M 	-1.19%
Dec 14, 2015 	4.200 	4.190 	4.200 	4.030 	20.29M 	0.00%
Dec 11, 2015 	4.200 	4.370 	4.410 	4.180 	29.60M 	-3.23%
Dec 10, 2015 	4.340 	4.500 	4.500 	4.310 	35.21M 	-2.91%
Dec 09, 2015 	4.470 	4.510 	4.540 	4.470 	11.96M 	-0.89%
Dec 08, 2015 	4.510 	4.560 	4.560 	4.500 	10.72M 	-1.74%
Dec 07, 2015 	4.590 	4.640 	4.690 	4.560 	21.96M 	1.10%
Dec 04, 2015 	4.540 	4.570 	4.610 	4.510 	22.02M 	-1.52%
Dec 03, 2015 	4.610 	4.600 	4.610 	4.490 	16.46M 	-0.22%
Dec 02, 2015 	4.620 	4.650 	4.650 	4.500 	14.15M 	-0.65%
Dec 01, 2015 	4.650 	4.410 	4.700 	4.410 	51.76M 	4.73%
Nov 27, 2015 	4.440 	4.570 	4.570 	4.440 	35.85M 	-2.84%
Nov 26, 2015 	4.570 	4.630 	4.630 	4.550 	17.55M 	0.22%
Nov 25, 2015 	4.560 	4.510 	4.640 	4.460 	31.39M 	2.47%
Nov 24, 2015 	4.450 	4.610 	4.650 	4.450 	19.47M 	-3.47%
Nov 23, 2015 	4.610 	4.550 	4.680 	4.480 	30.53M 	2.67%
Nov 20, 2015 	4.490 	4.410 	4.530 	4.390 	22.21M 	2.98%
Nov 17, 2015 	4.360 	4.400 	4.490 	4.360 	16.48M 	-0.23%
Nov 16, 2015 	4.370 	4.370 	4.400 	4.330 	15.04M 	0.00%
Nov 13, 2015 	4.370 	4.440 	4.510 	4.370 	16.71M 	-1.13%
Nov 12, 2015 	4.420 	4.420 	4.520 	4.420 	30.14M 	0.00%
Nov 11, 2015 	4.420 	4.520 	4.540 	4.420 	23.82M 	-2.21%
Nov 10, 2015 	4.520 	4.530 	4.570 	4.500 	12.55M 	-0.22%
Nov 09, 2015 	4.530 	4.670 	4.670 	4.520 	15.83M 	-2.58%
Nov 06, 2015 	4.650 	4.660 	4.710 	4.650 	18.56M 	-0.21%
Nov 05, 2015 	4.660 	4.820 	4.820 	4.630 	25.66M 	-3.52%
Nov 04, 2015 	4.830 	4.800 	4.840 	4.740 	25.74M 	1.26%
Nov 03, 2015 	4.770 	4.770 	4.830 	4.740 	6.01M 	0.21%
Nov 02, 2015 	4.760 	4.700 	4.850 	4.670 	25.38M 	1.49%
Oct 30, 2015 	4.690 	4.810 	4.820 	4.690 	19.71M 	-2.29%
Oct 29, 2015 	4.800 	4.840 	4.940 	4.800 	40.23M 	0.00%
Oct 28, 2015 	4.800 	4.790 	4.870 	4.770 	16.36M 	0.21%
Oct 27, 2015 	4.790 	4.800 	4.800 	4.750 	30.45M 	0.00%
Oct 26, 2015 	4.790 	4.740 	4.850 	4.740 	49.07M 	1.27%
Oct 23, 2015 	4.730 	4.650 	4.730 	4.650 	29.63M 	2.83%
Oct 22, 2015 	4.600 	4.510 	4.630 	4.420 	49.06M 	3.60%
Oct 21, 2015 	4.440 	4.370 	4.490 	4.370 	14.41M 	2.78%
Oct 20, 2015 	4.320 	4.400 	4.420 	4.320 	27.54M 	-1.82%
Oct 19, 2015 	4.400 	4.470 	4.500 	4.380 	9.23M 	-0.23%
Oct 16, 2015 	4.410 	4.590 	4.600 	4.410 	30.85M 	-2.22%
Oct 15, 2015 	4.510 	4.450 	4.560 	4.450 	29.78M 	1.81%
Oct 14, 2015 	4.430 	4.500 	4.520 	4.430 	27.01M 	-0.89%
Oct 13, 2015 	4.470 	4.700 	4.700 	4.470 	31.51M 	-2.83%
Oct 12, 2015 	4.600 	4.790 	4.850 	4.580 	24.79M 	-3.16%
Oct 09, 2015 	4.750 	4.700 	4.800 	4.680 	22.81M 	1.28%
Oct 08, 2015 	4.690 	4.680 	4.750 	4.650 	35.18M 	0.21%
Oct 07, 2015 	4.680 	4.650 	4.680 	4.530 	38.50M 	2.41%
Oct 06, 2015 	4.570 	4.460 	4.680 	4.460 	34.71M 	2.47%
Oct 05, 2015 	4.460 	4.400 	4.500 	4.400 	14.51M 	1.36%
Oct 02, 2015 	4.400 	4.400 	4.440 	4.350 	8.81M 	0.69%
Oct 01, 2015 	4.370 	4.390 	4.500 	4.370 	28.01M 	0.00%
Sep 30, 2015 	4.370 	4.370 	4.390 	4.300 	15.37M 	0.46%
Sep 29, 2015 	4.350 	4.280 	4.380 	4.250 	22.18M 	0.23%
Sep 28, 2015 	4.340 	4.300 	4.350 	4.270 	29.66M 	2.12%
Sep 24, 2015 	4.250 	4.300 	4.300 	4.210 	21.26M 	0.00%
Sep 23, 2015 	4.250 	4.270 	4.320 	4.230 	17.76M 	0.00%
Sep 22, 2015 	4.250 	4.450 	4.450 	4.200 	47.02M 	-4.49%
Sep 21, 2015 	4.450 	4.550 	4.550 	4.430 	13.89M 	-1.11%
Sep 18, 2015 	4.500 	4.520 	4.680 	4.500 	44.00M 	0.00%
Sep 17, 2015 	4.500 	4.500 	4.540 	4.480 	36.74M 	0.22%
Sep 16, 2015 	4.490 	4.480 	4.560 	4.470 	40.21M 	1.58%
Sep 15, 2015 	4.420 	4.250 	4.500 	4.250 	54.60M 	4.00%
Sep 14, 2015 	4.250 	4.260 	4.320 	4.250 	29.24M 	0.47%
Sep 11, 2015 	4.230 	4.360 	4.360 	4.220 	25.84M 	-1.63%
Sep 10, 2015 	4.300 	4.340 	4.400 	4.270 	29.83M 	-0.23%
Sep 09, 2015 	4.310 	4.250 	4.320 	4.210 	36.35M 	2.62%
Sep 08, 2015 	4.200 	4.220 	4.300 	4.190 	19.57M 	-0.47%
Sep 07, 2015 	4.220 	4.180 	4.240 	4.150 	11.76M 	0.96%
Sep 04, 2015 	4.180 	4.310 	4.370 	4.180 	19.48M 	-3.69%
Sep 03, 2015 	4.340 	4.350 	4.360 	4.280 	17.98M 	0.93%
Sep 02, 2015 	4.300 	4.260 	4.300 	4.100 	23.56M 	0.23%
Sep 01, 2015 	4.290 	4.320 	4.370 	4.250 	28.52M 	-0.92%
Aug 28, 2015 	4.330 	4.360 	4.380 	4.290 	29.79M 	0.70%
Aug 27, 2015 	4.300 	4.300 	4.410 	4.230 	84.32M 	1.90%
Aug 26, 2015 	4.220 	4.120 	4.260 	4.100 	72.72M 	2.43%
Aug 25, 2015 	4.120 	3.770 	4.130 	3.760 	63.88M 	8.42%
Aug 24, 2015 	3.800 	4.100 	4.100 	3.800 	79.40M 	-11.42%
Aug 20, 2015 	4.290 	4.350 	4.400 	4.250 	21.17M 	-1.38%
Aug 19, 2015 	4.350 	4.300 	4.380 	4.200 	56.25M 	1.64%
Aug 18, 2015 	4.280 	4.450 	4.470 	4.270 	30.48M 	-4.68%
Aug 17, 2015 	4.490 	4.620 	4.660 	4.390 	38.61M 	-2.39%
Aug 14, 2015 	4.600 	4.560 	4.610 	4.560 	30.81M 	1.10%
Aug 13, 2015 	4.550 	4.550 	4.620 	4.500 	31.81M 	0.66%
Aug 12, 2015 	4.520 	4.680 	4.680 	4.500 	53.15M 	-3.42%
Aug 11, 2015 	4.680 	4.750 	4.750 	4.660 	17.85M 	-1.47%
Aug 10, 2015 	4.750 	4.680 	4.760 	4.590 	22.42M 	2.15%
Aug 07, 2015 	4.650 	4.770 	4.770 	4.640 	33.63M 	-2.52%
Aug 06, 2015 	4.770 	4.840 	4.860 	4.760 	19.75M 	-1.65%
Aug 05, 2015 	4.850 	4.920 	4.960 	4.820 	42.24M 	-1.42%
Aug 04, 2015 	4.920 	4.800 	4.950 	4.800 	80.64M 	2.50%
Aug 03, 2015 	4.800 	4.750 	4.800 	4.690 	13.57M 	1.27%
Jul 31, 2015 	4.740 	4.680 	4.740 	4.640 	15.76M 	2.16%
Jul 30, 2015 	4.640 	4.590 	4.680 	4.550 	25.64M 	1.98%
Jul 29, 2015 	4.550 	4.600 	4.720 	4.550 	19.86M 	-1.09%
Jul 28, 2015 	4.600 	4.670 	4.690 	4.570 	35.79M 	-0.43%
Jul 27, 2015 	4.620 	4.830 	4.830 	4.620 	24.44M 	-4.55%
Jul 24, 2015 	4.840 	4.850 	4.920 	4.830 	17.53M 	-0.21%
Jul 23, 2015 	4.850 	4.890 	4.900 	4.840 	9.05M 	0.41%
Jul 22, 2015 	4.830 	4.920 	4.920 	4.830 	10.29M 	-1.83%
Jul 21, 2015 	4.920 	4.880 	4.960 	4.840 	15.03M 	0.82%
Jul 20, 2015 	4.880 	4.900 	4.930 	4.820 	5.61M 	0.00%
Jul 16, 2015 	4.880 	4.810 	4.930 	4.810 	25.99M 	1.46%
Jul 15, 2015 	4.810 	4.800 	4.900 	4.800 	17.84M 	0.21%
Jul 14, 2015 	4.800 	4.920 	4.950 	4.790 	18.45M 	-2.04%
Jul 13, 2015 	4.900 	4.750 	4.910 	4.720 	32.70M 	3.16%
Jul 10, 2015 	4.750 	4.650 	4.750 	4.640 	27.88M 	2.59%
Jul 09, 2015 	4.630 	4.630 	4.700 	4.480 	27.52M 	0.22%
Jul 08, 2015 	4.620 	4.660 	4.740 	4.520 	74.97M 	-1.07%
Jul 07, 2015 	4.670 	4.810 	4.850 	4.670 	21.36M 	-3.11%
Jul 06, 2015 	4.820 	4.870 	4.900 	4.780 	11.08M 	-1.03%
Jul 03, 2015 	4.870 	4.980 	5.050 	4.870 	14.77M 	-2.40%
Jul 02, 2015 	4.990 	4.880 	5.050 	4.880 	21.27M 	2.25%
Jul 01, 2015 	4.880 	4.760 	4.920 	4.760 	22.75M 	2.52%
Jun 30, 2015 	4.760 	4.750 	4.810 	4.750 	74.43M 	-1.04%
Jun 29, 2015 	4.810 	4.910 	4.910 	4.710 	24.58M 	-2.24%
Jun 26, 2015 	4.920 	5.010 	5.010 	4.920 	28.59M 	-0.59%
Jun 25, 2015 	4.949 	5.068 	5.068 	4.949 	42.59M 	-2.35%
Jun 24, 2015 	5.068 	5.008 	5.088 	4.989 	37.52M 	1.20%
Jun 23, 2015 	5.008 	4.939 	5.038 	4.880 	29.99M 	0.58%
Jun 22, 2015 	4.979 	4.920 	4.979 	4.850 	44.61M 	1.01%
Jun 19, 2015 	4.929 	4.920 	4.999 	4.880 	37.45M 	0.00%
Jun 18, 2015 	4.929 	4.752 	4.939 	4.752 	45.19M 	3.53%
Jun 17, 2015 	4.761 	4.673 	4.890 	4.633 	44.23M 	2.10%
Jun 16, 2015 	4.663 	4.673 	4.692 	4.643 	21.49M 	0.21%
Jun 15, 2015 	4.653 	4.633 	4.692 	4.613 	34.20M 	0.00%
Jun 11, 2015 	4.653 	4.584 	4.712 	4.584 	31.07M 	1.95%
Jun 10, 2015 	4.564 	4.475 	4.584 	4.475 	21.95M 	2.68%
Jun 09, 2015 	4.445 	4.584 	4.584 	4.406 	33.75M 	-3.03%
Jun 08, 2015 	4.584 	4.722 	4.732 	4.524 	20.51M 	-2.72%
Jun 05, 2015 	4.712 	4.692 	4.742 	4.673 	55.38M 	0.43%
Jun 04, 2015 	4.692 	4.623 	4.692 	4.593 	24.60M 	1.71%
Jun 03, 2015 	4.613 	4.603 	4.663 	4.524 	37.86M 	0.44%
Jun 02, 2015 	4.593 	4.692 	4.692 	4.593 	21.96M 	-3.14%
Jun 01, 2015 	4.742 	4.761 	4.761 	4.584 	21.20M 	1.07%
May 29, 2015 	4.692 	4.554 	4.761 	4.554 	86.39M 	3.71%
May 28, 2015 	4.524 	4.653 	4.692 	4.465 	117.21M 	-2.56%
May 27, 2015 	4.643 	4.742 	4.761 	4.643 	61.95M 	-2.29%
May 26, 2015 	4.752 	4.949 	4.949 	4.623 	120.31M 	-3.79%
May 25, 2015 	4.939 	5.127 	5.127 	4.939 	58.03M 	-3.67%
May 22, 2015 	5.127 	5.137 	5.196 	5.097 	36.09M 	-0.19%
May 21, 2015 	5.137 	5.275 	5.275 	5.137 	21.14M 	-2.62%
May 20, 2015 	5.275 	5.265 	5.295 	5.245 	28.64M 	0.19%
May 19, 2015 	5.265 	5.305 	5.325 	5.255 	68.19M 	-0.75%
May 18, 2015 	5.305 	5.216 	5.374 	5.206 	22.19M 	2.29%
May 15, 2015 	5.186 	5.226 	5.315 	5.167 	19.42M 	-0.58%
May 14, 2015 	5.216 	5.325 	5.334 	5.186 	27.36M 	-2.05%
May 13, 2015 	5.325 	5.285 	5.384 	5.285 	9.50M 	1.14%
May 12, 2015 	5.265 	5.255 	5.315 	5.236 	16.56M 	-0.75%
May 11, 2015 	5.305 	5.334 	5.354 	5.245 	7.27M 	-0.73%
May 08, 2015 	5.344 	5.334 	5.374 	5.295 	14.87M 	-0.19%
May 07, 2015 	5.354 	5.305 	5.364 	5.285 	22.55M 	-0.56%
May 06, 2015 	5.384 	5.354 	5.384 	5.265 	11.21M 	0.56%
May 05, 2015 	5.354 	5.305 	5.404 	5.305 	35.89M 	1.11%
May 04, 2015 	5.295 	5.186 	5.295 	5.137 	44.16M 	1.13%
Apr 30, 2015 	5.236 	5.226 	5.275 	5.058 	90.81M 	0.19%
Apr 29, 2015 	5.226 	5.275 	5.305 	5.216 	43.74M 	-0.74%
Apr 28, 2015 	5.265 	5.325 	5.384 	5.245 	31.58M 	-0.94%
Apr 27, 2015 	5.315 	5.423 	5.423 	5.265 	27.37M 	-2.17%
Apr 24, 2015 	5.433 	5.532 	5.532 	5.374 	24.72M 	-1.79%
Apr 23, 2015 	5.532 	5.423 	5.542 	5.364 	44.79M 	2.01%
Apr 22, 2015 	5.423 	5.206 	5.423 	5.206 	52.35M 	3.57%
Apr 21, 2015 	5.236 	5.305 	5.354 	5.206 	22.87M 	-0.55%
Apr 20, 2015 	5.265 	5.394 	5.394 	5.216 	39.86M 	-2.91%
Apr 17, 2015 	5.423 	5.443 	5.532 	5.344 	23.81M 	-0.18%
Apr 16, 2015 	5.433 	5.265 	5.433 	5.117 	77.75M 	3.19%
Apr 15, 2015 	5.265 	5.433 	5.453 	5.186 	128.65M 	-3.09%
Apr 14, 2015 	5.433 	5.641 	5.700 	5.404 	80.47M 	-3.52%
Apr 13, 2015 	5.631 	5.769 	5.848 	5.611 	30.02M 	-3.06%
Apr 10, 2015 	5.809 	5.651 	5.868 	5.651 	51.55M 	2.09%
Apr 08, 2015 	5.690 	5.601 	5.730 	5.542 	39.55M 	1.77%
Apr 07, 2015 	5.591 	5.522 	5.680 	5.522 	46.22M 	1.25%
Apr 06, 2015 	5.522 	5.502 	5.581 	5.463 	27.49M 	1.27%
Apr 01, 2015 	5.453 	5.364 	5.473 	5.364 	15.01M 	1.66%
Mar 31, 2015 	5.364 	5.492 	5.502 	5.354 	25.30M 	-1.27%
Mar 30, 2015 	5.433 	5.453 	5.522 	5.433 	36.78M 	-0.37%
Mar 27, 2015 	5.453 	5.463 	5.463 	5.394 	22.98M 	-0.18%
Mar 26, 2015 	5.463 	5.463 	5.463 	5.433 	23.09M 	0.00%
Mar 25, 2015 	5.463 	5.433 	5.473 	5.413 	30.70M 	0.74%
Mar 24, 2015 	5.423 	5.334 	5.423 	5.305 	21.81M 	1.67%
Mar 23, 2015 	5.334 	5.413 	5.443 	5.236 	72.37M 	-1.11%
Mar 20, 2015 	5.394 	5.433 	5.542 	5.394 	202.12M 	-0.72%
Mar 19, 2015 	5.433 	5.433 	5.473 	5.384 	27.68M 	0.72%
Mar 18, 2015 	5.394 	5.453 	5.483 	5.354 	81.52M 	-1.44%
Mar 17, 2015 	5.473 	5.404 	5.483 	5.404 	46.25M 	1.65%
Mar 16, 2015 	5.384 	5.542 	5.542 	5.384 	57.75M 	-3.20%
Mar 13, 2015 	5.562 	5.562 	5.660 	5.473 	41.67M 	0.00%
Mar 12, 2015 	5.562 	5.433 	5.581 	5.394 	49.45M 	2.37%
Mar 11, 2015 	5.433 	5.433 	5.473 	5.374 	35.98M 	-0.37%
Mar 10, 2015 	5.453 	5.453 	5.581 	5.433 	42.37M 	0.00%
Mar 09, 2015 	5.453 	5.463 	5.483 	5.364 	29.74M 	-0.71%
Mar 06, 2015 	5.492 	5.542 	5.562 	5.423 	45.84M 	-0.72%
Mar 05, 2015 	5.532 	5.532 	5.581 	5.492 	114.75M 	2.75%
Mar 04, 2015 	5.384 	5.374 	5.483 	5.364 	49.70M 	-1.63%
Mar 03, 2015 	5.473 	5.483 	5.532 	5.413 	40.82M 	-0.35%
Mar 02, 2015 	5.492 	5.404 	5.492 	5.374 	42.12M 	1.63%
Feb 27, 2015 	5.404 	5.334 	5.404 	5.295 	71.11M 	1.87%
Feb 26, 2015 	5.305 	5.334 	5.364 	5.275 	30.20M 	-0.54%
Feb 25, 2015 	5.334 	5.285 	5.364 	5.265 	44.73M 	1.12%
Feb 24, 2015 	5.275 	5.245 	5.295 	5.226 	22.65M 	0.38%
Feb 23, 2015 	5.255 	5.255 	5.265 	5.226 	20.85M 	0.00%
Feb 20, 2015 	5.255 	5.236 	5.334 	5.236 	14.70M 	0.36%
Feb 18, 2015 	5.236 	5.334 	5.334 	5.236 	30.03M 	-1.11%
Feb 17, 2015 	5.295 	5.236 	5.374 	5.236 	48.24M 	0.57%
Feb 16, 2015 	5.265 	5.137 	5.285 	5.127 	64.49M 	2.49%
Feb 13, 2015 	5.137 	5.058 	5.147 	5.038 	49.99M 	2.17%
Feb 12, 2015 	5.028 	4.999 	5.058 	4.979 	51.97M 	0.00%
Feb 11, 2015 	5.028 	5.097 	5.097 	5.028 	24.98M 	-0.40%
Feb 10, 2015 	5.048 	5.078 	5.107 	5.038 	36.49M 	0.00%
Feb 09, 2015 	5.048 	5.038 	5.058 	5.018 	49.87M 	0.40%
Feb 06, 2015 	5.028 	5.028 	5.058 	5.008 	53.11M 	0.40%
Feb 05, 2015 	5.008 	5.137 	5.137 	4.989 	53.63M 	-2.51%
Feb 04, 2015 	5.137 	5.127 	5.196 	5.117 	132.05M 	0.39%
Feb 03, 2015 	5.117 	5.068 	5.117 	5.018 	43.89M 	0.97%
Feb 02, 2015 	5.068 	5.137 	5.137 	5.008 	53.91M 	-1.34%
Jan 30, 2015 	5.137 	5.078 	5.147 	5.078 	31.25M 	1.16%
Jan 29, 2015 	5.078 	5.117 	5.236 	5.018 	70.79M 	-0.57%
Jan 28, 2015 	5.107 	5.078 	5.117 	5.038 	42.29M 	0.20%
Jan 27, 2015 	5.097 	5.137 	5.226 	5.078 	40.71M 	-0.78%
Jan 26, 2015 	5.137 	5.137 	5.147 	5.018 	49.07M 	0.00%
Jan 23, 2015 	5.137 	5.176 	5.216 	5.117 	43.80M 	-0.19%
Jan 22, 2015 	5.147 	5.236 	5.236 	5.117 	48.12M 	-1.70%
Jan 21, 2015 	5.236 	5.295 	5.295 	5.176 	32.21M 	0.00%
Jan 20, 2015 	5.236 	5.236 	5.334 	5.196 	34.19M 	0.38%
Jan 19, 2015 	5.216 	5.334 	5.364 	5.167 	37.41M 	-2.05%
Jan 14, 2015 	5.325 	5.097 	5.364 	5.097 	113.31M 	4.06%
Jan 13, 2015 	5.117 	5.117 	5.167 	5.088 	28.82M 	-0.20%
Jan 12, 2015 	5.127 	5.117 	5.167 	5.038 	37.00M 	0.20%
Jan 09, 2015 	5.117 	5.137 	5.216 	5.088 	66.35M 	0.00%
Jan 08, 2015 	5.117 	5.038 	5.127 	4.999 	43.80M 	1.77%
Jan 07, 2015 	5.028 	4.929 	5.088 	4.870 	64.25M 	1.80%
Jan 06, 2015 	4.939 	4.722 	4.959 	4.692 	97.82M 	3.94%
Jan 05, 2015 	4.752 	4.643 	4.781 	4.643 	19.72M 	2.79%
Dec 29, 2014 	4.623 	4.742 	4.742 	4.613 	48.10M 	-1.47%
Dec 23, 2014 	4.692 	4.742 	4.811 	4.673 	30.91M 	-1.05%
Dec 22, 2014 	4.742 	4.742 	4.870 	4.732 	24.43M 	0.21%
Dec 19, 2014 	4.732 	4.771 	4.831 	4.732 	52.20M 	2.14%
Dec 18, 2014 	4.633 	4.742 	4.781 	4.584 	49.31M 	-0.64%
Dec 17, 2014 	4.663 	4.880 	4.880 	4.593 	69.20M 	-4.45%
Dec 16, 2014 	4.880 	4.969 	4.989 	4.831 	77.42M 	-1.59%
Dec 15, 2014 	4.959 	4.959 	5.127 	4.939 	48.75M 	-2.15%
Dec 12, 2014 	5.068 	4.850 	5.088 	4.840 	33.84M 	4.71%
Dec 11, 2014 	4.840 	4.939 	4.939 	4.791 	28.63M 	-2.40%
Dec 10, 2014 	4.959 	4.989 	4.999 	4.929 	51.75M 	-0.60%
Dec 09, 2014 	4.989 	4.999 	5.038 	4.979 	45.52M 	-0.20%
Dec 05, 2014 	4.999 	5.058 	5.068 	4.959 	64.84M 	-1.75%
Dec 04, 2014 	5.088 	5.048 	5.157 	5.048 	34.88M 	0.20%
Dec 03, 2014 	5.078 	5.107 	5.176 	5.058 	23.93M 	-0.57%
Dec 02, 2014 	5.107 	4.989 	5.176 	4.989 	64.20M 	2.37%
Dec 01, 2014 	4.989 	4.959 	5.018 	4.949 	17.88M 	0.60%
Nov 28, 2014 	4.959 	4.969 	5.028 	4.939 	38.16M 	0.61%
Nov 27, 2014 	4.929 	5.117 	5.137 	4.929 	67.04M 	-3.49%
Nov 26, 2014 	5.107 	5.038 	5.107 	5.018 	18.37M 	1.77%
Nov 25, 2014 	5.018 	5.107 	5.137 	4.979 	72.27M 	-1.93%
Nov 24, 2014 	5.117 	5.137 	5.137 	5.038 	44.29M 	1.97%
Nov 21, 2014 	5.018 	5.018 	5.018 	4.969 	22.41M 	0.20%
Nov 20, 2014 	5.008 	4.999 	5.028 	4.969 	19.95M 	0.38%
Nov 19, 2014 	4.989 	4.939 	5.137 	4.929 	112.13M 	1.61%
Nov 18, 2014 	4.910 	4.781 	4.929 	4.781 	47.94M 	2.70%
Nov 17, 2014 	4.781 	4.821 	4.840 	4.771 	27.74M 	-0.83%
Nov 14, 2014 	4.821 	4.801 	4.840 	4.791 	29.78M 	0.63%
Nov 13, 2014 	4.791 	4.742 	4.801 	4.722 	27.96M 	1.25%
Nov 12, 2014 	4.732 	4.821 	4.821 	4.712 	29.94M 	-0.21%
Nov 11, 2014 	4.742 	4.781 	4.791 	4.702 	31.69M 	1.07%
Nov 10, 2014 	4.692 	4.791 	4.850 	4.692 	35.03M 	-1.66%
Nov 07, 2014 	4.771 	4.831 	4.840 	4.752 	47.47M 	-2.63%
Nov 06, 2014 	4.900 	4.781 	4.989 	4.781 	94.11M 	2.70%
Nov 05, 2014 	4.771 	4.791 	4.840 	4.722 	41.65M 	-0.42%
Nov 04, 2014 	4.791 	4.880 	4.890 	4.761 	29.30M 	-1.62%
Nov 03, 2014 	4.870 	4.939 	4.939 	4.840 	53.56M 	-0.61%
Oct 31, 2014 	4.900 	4.870 	4.959 	4.870 	73.49M 	1.64%
Oct 30, 2014 	4.821 	4.682 	4.840 	4.643 	33.34M 	2.97%
Oct 29, 2014 	4.682 	4.673 	4.742 	4.653 	19.91M 	1.06%
Oct 28, 2014 	4.633 	4.643 	4.663 	4.613 	15.20M 	0.22%
Oct 27, 2014 	4.623 	4.702 	4.702 	4.584 	19.66M 	-1.68%
Oct 24, 2014 	4.702 	4.771 	4.821 	4.633 	45.02M 	-1.86%
Oct 23, 2014 	4.791 	4.791 	4.890 	4.692 	41.67M 	-0.83%
Oct 22, 2014 	4.831 	4.653 	4.840 	4.653 	52.91M 	4.50%
Oct 21, 2014 	4.623 	4.623 	4.692 	4.584 	26.33M 	-0.64%
Oct 20, 2014 	4.653 	4.623 	4.722 	4.485 	67.78M 	1.31%
Oct 17, 2014 	4.593 	4.653 	4.722 	4.524 	84.81M 	-0.86%
Oct 16, 2014 	4.633 	4.643 	4.673 	4.603 	47.49M 	-1.26%
Oct 15, 2014 	4.692 	4.643 	4.771 	4.643 	33.08M 	1.06%
Oct 14, 2014 	4.643 	4.544 	4.673 	4.544 	56.35M 	0.65%
Oct 13, 2014 	4.613 	4.643 	4.742 	4.593 	62.02M 	-3.51%
Oct 10, 2014 	4.781 	4.682 	4.860 	4.643 	54.53M 	-0.83%
Oct 09, 2014 	4.821 	4.781 	4.890 	4.781 	53.21M 	2.75%
Oct 08, 2014 	4.692 	4.692 	4.840 	4.564 	87.84M 	-1.05%
Oct 07, 2014 	4.742 	4.880 	4.880 	4.732 	87.05M 	-2.02%
Oct 03, 2014 	4.840 	4.781 	4.939 	4.781 	54.65M 	1.45%
Oct 02, 2014 	4.771 	4.752 	4.840 	4.742 	74.82M 	-1.83%
Oct 01, 2014 	4.860 	4.949 	4.959 	4.781 	44.33M 	-2.19%
Sep 30, 2014 	4.969 	4.969 	5.038 	4.949 	84.64M 	0.00%
Sep 29, 2014 	4.969 	4.910 	5.058 	4.890 	49.57M 	1.20%
Sep 26, 2014 	4.910 	4.939 	4.979 	4.860 	60.82M 	-1.39%
Sep 25, 2014 	4.979 	4.999 	5.236 	4.939 	120.04M 	1.82%
Sep 24, 2014 	4.890 	4.514 	5.008 	4.514 	267.06M 	8.33%
Sep 23, 2014 	4.514 	4.426 	4.584 	4.376 	79.57M 	1.99%
Sep 22, 2014 	4.426 	4.356 	4.445 	4.337 	55.00M 	1.82%
Sep 18, 2014 	4.347 	4.396 	4.426 	4.337 	25.29M 	-1.11%
Sep 17, 2014 	4.396 	4.396 	4.455 	4.386 	27.42M 	0.23%
Sep 16, 2014 	4.386 	4.287 	4.396 	4.287 	21.49M 	3.25%
Sep 15, 2014 	4.248 	4.366 	4.376 	4.228 	45.99M 	-2.93%
Sep 12, 2014 	4.376 	4.436 	4.436 	4.376 	41.50M 	-1.35%
Sep 11, 2014 	4.436 	4.396 	4.445 	4.396 	28.06M 	0.68%
Sep 10, 2014 	4.406 	4.396 	4.445 	4.376 	15.27M 	0.00%
Sep 09, 2014 	4.406 	4.445 	4.455 	4.396 	27.36M 	-0.88%
Sep 08, 2014 	4.445 	4.475 	4.505 	4.436 	35.31M 	-0.45%
Sep 05, 2014 	4.465 	4.455 	4.505 	4.445 	48.96M 	0.22%
Sep 04, 2014 	4.455 	4.455 	4.465 	4.436 	53.25M 	-0.22%
Sep 03, 2014 	4.465 	4.416 	4.495 	4.416 	74.64M 	1.11%
Sep 02, 2014 	4.416 	4.426 	4.465 	4.406 	26.42M 	0.23%
Sep 01, 2014 	4.406 	4.347 	4.455 	4.317 	37.87M 	2.06%
Aug 29, 2014 	4.317 	4.347 	4.356 	4.287 	42.64M 	0.00%
Aug 28, 2014 	4.317 	4.347 	4.366 	4.268 	13.54M 	-0.69%
Aug 27, 2014 	4.347 	4.228 	4.347 	4.228 	32.61M 	2.81%
Aug 26, 2014 	4.228 	4.198 	4.228 	4.179 	56.31M 	0.71%
Aug 22, 2014 	4.198 	4.149 	4.208 	4.139 	55.72M 	1.43%
Aug 20, 2014 	4.139 	4.258 	4.258 	4.100 	110.82M 	-2.34%
Aug 19, 2014 	4.238 	4.248 	4.268 	4.208 	29.05M 	-0.24%
Aug 18, 2014 	4.248 	4.228 	4.287 	4.208 	18.16M 	1.19%
Aug 15, 2014 	4.198 	4.268 	4.297 	4.159 	34.95M 	-1.18%
Aug 14, 2014 	4.248 	4.307 	4.317 	4.238 	23.92M 	-0.47%
Aug 13, 2014 	4.268 	4.337 	4.337 	4.268 	44.91M 	-0.91%
Aug 12, 2014 	4.307 	4.396 	4.406 	4.307 	46.44M 	-1.80%
Aug 11, 2014 	4.386 	4.258 	4.386 	4.258 	28.58M 	3.25%
Aug 08, 2014 	4.248 	4.277 	4.307 	4.218 	35.17M 	-0.68%
Aug 07, 2014 	4.277 	4.268 	4.356 	4.248 	77.87M 	0.45%
Aug 06, 2014 	4.258 	4.277 	4.277 	4.238 	15.65M 	-0.68%
Aug 05, 2014 	4.287 	4.297 	4.307 	4.248 	24.88M 	0.23%
Aug 04, 2014 	4.277 	4.238 	4.297 	4.228 	59.85M 	1.64%
Aug 01, 2014 	4.208 	4.149 	4.228 	4.100 	70.19M 	0.24%
Jul 31, 2014 	4.198 	4.119 	4.198 	4.119 	68.02M 	2.64%
Jul 30, 2014 	4.090 	4.228 	4.277 	4.080 	90.67M 	-2.80%
Jul 28, 2014 	4.208 	4.327 	4.337 	4.208 	81.18M 	-2.75%
Jul 25, 2014 	4.327 	4.386 	4.386 	4.317 	50.39M 	-1.35%
Jul 24, 2014 	4.386 	4.426 	4.445 	4.376 	49.40M 	-0.68%
Jul 23, 2014 	4.416 	4.475 	4.485 	4.416 	13.75M 	-0.65%
Jul 22, 2014 	4.445 	4.574 	4.584 	4.445 	32.57M 	-2.61%
Jul 21, 2014 	4.564 	4.564 	4.593 	4.524 	25.36M 	0.44%
Jul 18, 2014 	4.544 	4.544 	4.564 	4.495 	5.47M 	-0.87%
Jul 17, 2014 	4.584 	4.524 	4.593 	4.524 	25.04M 	1.33%
Jul 15, 2014 	4.524 	4.495 	4.534 	4.495 	27.37M 	0.22%
Jul 14, 2014 	4.514 	4.603 	4.603 	4.495 	34.31M 	-1.93%
Jul 11, 2014 	4.603 	4.653 	4.663 	4.564 	25.95M 	-0.43%
Jul 10, 2014 	4.623 	4.653 	4.732 	4.623 	43.46M 	0.22%
Jul 09, 2014 	4.613 	4.643 	4.643 	4.603 	38.46M 	-1.07%
Jul 08, 2014 	4.663 	4.682 	4.692 	4.603 	62.69M 	-0.21%
Jul 07, 2014 	4.673 	4.544 	4.702 	4.544 	101.19M 	3.29%
Jul 04, 2014 	4.524 	4.455 	4.593 	4.455 	72.52M 	1.78%
Jul 03, 2014 	4.445 	4.396 	4.465 	4.386 	25.11M 	1.81%
Jul 02, 2014 	4.366 	4.396 	4.406 	4.317 	34.86M 	0.44%
Jul 01, 2014 	4.347 	4.455 	4.455 	4.327 	30.96M 	-2.20%
Jun 30, 2014 	4.445 	4.426 	4.445 	4.386 	50.52M 	0.43%
Jun 27, 2014 	4.426 	4.485 	4.495 	4.386 	47.52M 	-1.32%
Jun 26, 2014 	4.485 	4.485 	4.505 	4.436 	66.45M 	0.00%
Jun 25, 2014 	4.485 	4.505 	4.505 	4.465 	46.49M 	-0.64%
Jun 24, 2014 	4.514 	4.495 	4.514 	4.465 	30.99M 	0.87%
Jun 23, 2014 	4.475 	4.485 	4.534 	4.455 	36.48M 	0.22%
Jun 20, 2014 	4.465 	4.337 	4.465 	4.307 	66.57M 	3.19%
Jun 19, 2014 	4.327 	4.386 	4.416 	4.277 	47.58M 	-0.67%
Jun 18, 2014 	4.356 	4.445 	4.445 	4.248 	104.22M 	-2.22%
Jun 17, 2014 	4.455 	4.465 	4.524 	4.436 	30.82M 	-0.22%
Jun 16, 2014 	4.465 	4.505 	4.534 	4.426 	61.31M 	0.22%
Jun 13, 2014 	4.455 	4.514 	4.514 	4.436 	60.93M 	-1.11%
Jun 11, 2014 	4.505 	4.524 	4.524 	4.436 	53.30M 	-0.42%
Jun 10, 2014 	4.524 	4.544 	4.564 	4.495 	57.72M 	-0.44%
Jun 09, 2014 	4.544 	4.574 	4.584 	4.524 	85.91M 	-0.22%
Jun 06, 2014 	4.554 	4.603 	4.633 	4.534 	69.79M 	-0.85%
Jun 05, 2014 	4.593 	4.623 	4.623 	4.564 	101.87M 	-0.22%
Jun 04, 2014 	4.603 	4.603 	4.633 	4.593 	22.24M 	-0.86%
Jun 03, 2014 	4.643 	4.643 	4.702 	4.584 	83.10M 	1.09%
Jun 02, 2014 	4.593 	4.593 	4.603 	4.544 	64.11M 	-1.08%
May 30, 2014 	4.643 	4.593 	4.643 	4.445 	903.91M 	3.75%
May 29, 2014 	4.475 	4.613 	4.633 	4.455 	110.93M 	-2.38%
May 28, 2014 	4.584 	4.564 	4.663 	4.564 	103.69M 	0.88%
May 27, 2014 	4.544 	4.514 	4.673 	4.485 	69.78M 	0.66%
May 26, 2014 	4.514 	4.495 	4.544 	4.426 	75.85M 	1.10%
May 23, 2014 	4.465 	4.534 	4.564 	4.386 	71.47M 	-1.09%
May 22, 2014 	4.514 	4.534 	4.574 	4.475 	74.45M 	0.65%
May 21, 2014 	4.485 	4.544 	4.564 	4.465 	56.16M 	-1.73%
May 20, 2014 	4.564 	4.613 	4.653 	4.475 	67.22M 	-0.63%
May 19, 2014 	4.593 	4.593 	4.663 	4.574 	59.86M 	0.20%
May 16, 2014 	4.584 	4.673 	4.692 	4.544 	75.25M 	-1.48%
May 15, 2014 	4.653 	4.742 	4.791 	4.633 	199.04M 	0.65%
May 14, 2014 	4.623 	4.643 	4.712 	4.613 	83.16M 	0.43%
May 13, 2014 	4.603 	4.505 	4.682 	4.505 	69.84M 	2.40%
May 12, 2014 	4.495 	4.643 	4.673 	4.495 	80.03M 	-2.77%
May 09, 2014 	4.623 	4.722 	4.821 	4.603 	81.37M 	0.22%
May 08, 2014 	4.613 	4.663 	4.702 	4.613 	39.25M 	-0.65%
May 07, 2014 	4.643 	4.663 	4.692 	4.623 	38.01M 	-1.04%
May 06, 2014 	4.692 	4.574 	4.742 	4.564 	29.89M 	2.58%
May 05, 2014 	4.574 	4.613 	4.613 	4.554 	27.74M 	-0.85%
May 02, 2014 	4.613 	4.643 	4.712 	4.603 	62.84M 	0.44%
Apr 30, 2014 	4.593 	4.445 	4.603 	4.445 	70.06M 	4.48%
Apr 29, 2014 	4.396 	4.426 	4.465 	4.396 	34.15M 	0.46%
Apr 28, 2014 	4.376 	4.524 	4.564 	4.376 	91.12M 	-3.48%
Apr 25, 2014 	4.534 	4.505 	4.534 	4.495 	46.98M 	0.44%
Apr 24, 2014 	4.514 	4.505 	4.564 	4.495 	28.57M 	0.42%
Apr 23, 2014 	4.495 	4.514 	4.564 	4.465 	62.03M 	-0.42%
Apr 22, 2014 	4.514 	4.426 	4.554 	4.416 	100.24M 	2.22%
Apr 21, 2014 	4.416 	4.347 	4.455 	4.347 	62.85M 	2.06%
Apr 16, 2014 	4.327 	4.376 	4.386 	4.327 	45.74M 	-0.23%
Apr 15, 2014 	4.337 	4.396 	4.445 	4.337 	67.07M 	-0.23%
Apr 14, 2014 	4.347 	4.406 	4.416 	4.347 	20.54M 	-2.01%
Apr 11, 2014 	4.436 	4.436 	4.436 	4.356 	44.65M 	-0.43%
Apr 10, 2014 	4.455 	4.337 	4.475 	4.337 	128.19M 	3.20%
Apr 08, 2014 	4.317 	4.347 	4.396 	4.277 	35.11M 	-0.46%
Apr 07, 2014 	4.337 	4.347 	4.396 	4.307 	44.00M 	-0.44%
Apr 04, 2014 	4.356 	4.396 	4.455 	4.356 	21.99M 	-0.91%
Apr 03, 2014 	4.396 	4.416 	4.416 	4.317 	59.78M 	-0.90%
Apr 02, 2014 	4.436 	4.287 	4.475 	4.287 	220.32M 	3.94%
Apr 01, 2014 	4.268 	4.139 	4.297 	4.139 	74.34M 	3.12%
Mar 31, 2014 	4.139 	4.090 	4.179 	4.090 	65.06M 	1.45%
Mar 28, 2014 	4.080 	4.060 	4.090 	4.040 	34.52M 	0.00%
Mar 27, 2014 	4.080 	4.100 	4.100 	4.030 	25.41M 	-0.49%
Mar 26, 2014 	4.100 	4.070 	4.109 	4.060 	40.40M 	0.74%
Mar 25, 2014 	4.070 	4.090 	4.090 	4.040 	35.47M 	0.49%
Mar 24, 2014 	4.050 	4.050 	4.100 	4.040 	54.12M 	0.50%
Mar 21, 2014 	4.030 	4.060 	4.100 	4.030 	18.90M 	0.22%
Mar 20, 2014 	4.021 	4.070 	4.070 	4.011 	44.75M 	-1.69%
Mar 19, 2014 	4.090 	4.040 	4.100 	4.030 	56.82M 	1.24%
Mar 18, 2014 	4.040 	4.050 	4.070 	4.011 	27.47M 	1.48%
Mar 17, 2014 	3.981 	4.050 	4.080 	3.951 	33.33M 	-1.70%
Mar 14, 2014 	4.050 	4.050 	4.100 	4.050 	14.51M 	-1.68%
Mar 13, 2014 	4.119 	4.030 	4.139 	4.011 	33.95M 	2.95%
Mar 12, 2014 	4.001 	4.129 	4.129 	3.991 	53.25M 	-3.10%
Mar 11, 2014 	4.129 	4.149 	4.159 	4.119 	41.16M 	0.24%
Mar 10, 2014 	4.119 	4.129 	4.149 	4.090 	21.56M 	-0.48%
Mar 07, 2014 	4.139 	4.208 	4.208 	4.129 	47.18M 	-0.96%
Mar 06, 2014 	4.179 	4.198 	4.208 	4.159 	55.02M 	-0.45%
Mar 05, 2014 	4.198 	4.179 	4.218 	4.179 	91.56M 	0.94%
Mar 04, 2014 	4.159 	4.119 	4.179 	4.080 	78.11M 	0.24%
Mar 03, 2014 	4.149 	4.139 	4.179 	4.050 	76.87M 	0.00%
Feb 28, 2014 	4.149 	4.100 	4.159 	4.100 	115.92M 	1.20%
Feb 27, 2014 	4.100 	4.050 	4.100 	4.050 	83.29M 	1.23%
Feb 26, 2014 	4.050 	4.090 	4.090 	3.932 	43.52M 	-1.44%
Feb 25, 2014 	4.109 	3.991 	4.129 	3.991 	153.24M 	3.48%
Feb 24, 2014 	3.971 	3.872 	4.011 	3.872 	118.49M 	2.82%
Feb 21, 2014 	3.862 	3.942 	3.942 	3.833 	73.37M 	-1.03%
Feb 20, 2014 	3.902 	3.862 	3.942 	3.833 	67.80M 	0.52%
Feb 19, 2014 	3.882 	3.803 	3.882 	3.774 	63.64M 	1.81%
Feb 18, 2014 	3.813 	3.853 	3.872 	3.764 	68.75M 	-0.78%
Feb 17, 2014 	3.843 	3.784 	3.853 	3.784 	34.76M 	1.56%
Feb 14, 2014 	3.784 	3.793 	3.803 	3.754 	33.26M 	1.34%
Feb 13, 2014 	3.734 	3.823 	3.823 	3.734 	84.91M 	-2.84%
Feb 12, 2014 	3.843 	3.734 	3.853 	3.724 	138.33M 	3.47%
Feb 11, 2014 	3.714 	3.675 	3.714 	3.675 	56.41M 	1.06%
Feb 10, 2014 	3.675 	3.685 	3.734 	3.665 	36.98M 	-0.54%
Feb 07, 2014 	3.695 	3.556 	3.704 	3.556 	64.31M 	4.47%
Feb 06, 2014 	3.537 	3.467 	3.546 	3.467 	55.88M 	2.28%
Feb 05, 2014 	3.458 	3.458 	3.487 	3.448 	47.29M 	0.00%
Feb 04, 2014 	3.458 	3.458 	3.497 	3.408 	83.29M 	-2.23%
Feb 03, 2014 	3.537 	3.537 	3.546 	3.487 	12.33M 	0.28%
Jan 30, 2014 	3.527 	3.467 	3.537 	3.448 	26.16M 	-0.54%
Jan 29, 2014 	3.546 	3.477 	3.566 	3.477 	29.06M 	2.54%
Jan 28, 2014 	3.458 	3.477 	3.477 	3.428 	87.93M 	-1.12%
Jan 27, 2014 	3.497 	3.458 	3.497 	3.418 	38.87M 	-0.57%
Jan 24, 2014 	3.517 	3.556 	3.566 	3.497 	36.28M 	-2.85%
Jan 23, 2014 	3.620 	3.600 	3.650 	3.570 	30.52M 	0.56%
Jan 22, 2014 	3.600 	3.590 	3.640 	3.590 	27.68M 	0.28%
Jan 21, 2014 	3.590 	3.590 	3.640 	3.560 	35.34M 	0.00%
Jan 20, 2014 	3.590 	3.540 	3.590 	3.520 	48.63M 	1.99%
Jan 17, 2014 	3.520 	3.460 	3.570 	3.420 	90.12M 	1.73%
Jan 16, 2014 	3.460 	3.410 	3.470 	3.400 	14.43M 	1.76%
Jan 15, 2014 	3.400 	3.450 	3.480 	3.380 	15.36M 	-1.16%
Jan 14, 2014 	3.440 	3.360 	3.470 	3.340 	55.21M 	2.38%
Jan 13, 2014 	3.360 	3.280 	3.420 	3.280 	38.64M 	2.44%
Jan 10, 2014 	3.280 	3.310 	3.330 	3.280 	20.77M 	-0.61%
Jan 09, 2014 	3.300 	3.400 	3.400 	3.300 	47.96M 	-2.37%
Jan 08, 2014 	3.380 	3.400 	3.400 	3.350 	40.89M 	-0.59%
Jan 07, 2014 	3.400 	3.420 	3.460 	3.380 	52.24M 	-0.29%
Jan 06, 2014 	3.410 	3.330 	3.450 	3.300 	51.05M 	3.02%
Jan 03, 2014 	3.310 	3.330 	3.350 	3.270 	37.50M 	0.00%
Jan 02, 2014 	3.310 	3.270 	3.330 	3.270 	59.75M 	2.16%
Dec 27, 2013 	3.240 	3.250 	3.280 	3.220 	17.34M 	0.31%
Dec 26, 2013 	3.230 	3.220 	3.260 	3.200 	15.53M 	1.25%
Dec 23, 2013 	3.190 	3.230 	3.250 	3.190 	44.95M 	-1.24%
Dec 20, 2013 	3.230 	3.280 	3.300 	3.200 	33.16M 	-1.22%
Dec 19, 2013 	3.270 	3.330 	3.370 	3.270 	61.37M 	-0.30%
Dec 18, 2013 	3.280 	3.280 	3.310 	3.230 	32.18M 	0.00%
Dec 17, 2013 	3.280 	3.250 	3.300 	3.220 	54.42M 	2.50%
Dec 16, 2013 	3.200 	3.170 	3.250 	3.170 	76.97M 	1.27%
Dec 13, 2013 	3.160 	3.150 	3.240 	3.140 	84.44M 	0.32%
Dec 12, 2013 	3.150 	3.190 	3.200 	3.120 	39.10M 	-1.25%
Dec 11, 2013 	3.190 	3.200 	3.210 	3.130 	99.33M 	-1.24%
Dec 10, 2013 	3.230 	3.330 	3.330 	3.190 	47.11M 	-2.71%
Dec 09, 2013 	3.320 	3.320 	3.350 	3.290 	32.89M 	0.61%
Dec 06, 2013 	3.300 	3.260 	3.320 	3.180 	61.39M 	1.54%
Dec 05, 2013 	3.250 	3.340 	3.370 	3.230 	65.59M 	-2.69%
Dec 04, 2013 	3.340 	3.350 	3.380 	3.310 	16.52M 	-1.18%
Dec 03, 2013 	3.380 	3.420 	3.430 	3.350 	21.55M 	-0.88%
Dec 02, 2013 	3.410 	3.500 	3.540 	3.400 	33.47M 	-2.01%
Nov 29, 2013 	3.480 	3.500 	3.540 	3.410 	39.76M 	-0.57%
Nov 28, 2013 	3.500 	3.330 	3.510 	3.330 	67.70M 	5.42%
Nov 27, 2013 	3.320 	3.280 	3.350 	3.230 	73.86M 	2.79%
Nov 26, 2013 	3.230 	3.300 	3.300 	3.200 	71.82M 	-2.12%
Nov 25, 2013 	3.300 	3.430 	3.440 	3.300 	16.11M 	-3.23%
Nov 22, 2013 	3.410 	3.370 	3.450 	3.370 	33.17M 	1.79%
Nov 21, 2013 	3.350 	3.410 	3.430 	3.320 	70.27M 	-1.47%
Nov 20, 2013 	3.400 	3.630 	3.630 	3.360 	70.58M 	-6.08%
Nov 19, 2013 	3.620 	3.700 	3.700 	3.540 	62.37M 	-2.16%
Nov 18, 2013 	3.700 	3.760 	3.780 	3.690 	11.98M 	-1.33%
Nov 15, 2013 	3.750 	3.700 	3.790 	3.690 	55.90M 	2.18%
Nov 14, 2013 	3.670 	3.640 	3.710 	3.600 	100.28M 	2.51%
Nov 13, 2013 	3.580 	3.660 	3.670 	3.560 	49.41M 	-1.92%
Nov 12, 2013 	3.650 	3.620 	3.680 	3.560 	24.50M 	3.69%
Nov 11, 2013 	3.520 	3.600 	3.600 	3.510 	40.02M 	-2.49%
Nov 08, 2013 	3.610 	3.590 	3.630 	3.530 	32.94M 	0.00%
Nov 07, 2013 	3.610 	3.660 	3.730 	3.600 	45.31M 	-1.63%
Nov 06, 2013 	3.670 	3.770 	3.810 	3.660 	35.41M 	-3.17%
Nov 05, 2013 	3.790 	3.800 	3.820 	3.760 	15.22M 	0.26%
Nov 04, 2013 	3.780 	3.900 	3.900 	3.780 	12.70M 	-1.56%
Oct 31, 2013 	3.840 	3.850 	3.900 	3.830 	39.82M 	0.00%
Oct 30, 2013 	3.840 	3.790 	3.900 	3.790 	28.42M 	2.40%
Oct 29, 2013 	3.750 	3.760 	3.810 	3.750 	41.82M 	0.54%
Oct 25, 2013 	3.730 	3.800 	3.800 	3.730 	29.23M 	-0.53%
Oct 24, 2013 	3.750 	3.800 	3.800 	3.730 	21.93M 	-1.32%
Oct 23, 2013 	3.800 	3.840 	3.840 	3.760 	49.31M 	-1.04%
Oct 22, 2013 	3.840 	3.880 	3.900 	3.810 	31.12M 	-1.03%
Oct 21, 2013 	3.880 	3.810 	3.920 	3.800 	51.95M 	1.84%
Oct 18, 2013 	3.810 	3.700 	3.820 	3.690 	45.42M 	2.97%
Oct 17, 2013 	3.700 	3.730 	3.730 	3.690 	33.46M 	1.37%
Oct 16, 2013 	3.650 	3.650 	3.750 	3.640 	52.13M 	0.27%
Oct 14, 2013 	3.640 	3.700 	3.700 	3.640 	17.52M 	-1.62%
Oct 11, 2013 	3.700 	3.740 	3.750 	3.640 	64.63M 	0.00%
Oct 10, 2013 	3.700 	3.590 	3.750 	3.590 	151.77M 	4.23%
Oct 09, 2013 	3.550 	3.400 	3.570 	3.370 	124.60M 	3.80%
Oct 08, 2013 	3.420 	3.380 	3.440 	3.340 	39.98M 	1.48%
Oct 07, 2013 	3.370 	3.400 	3.430 	3.370 	36.36M 	0.00%
Oct 04, 2013 	3.370 	3.370 	3.380 	3.300 	21.60M 	0.60%
Oct 03, 2013 	3.350 	3.330 	3.420 	3.270 	44.75M 	0.90%
Oct 02, 2013 	3.320 	3.340 	3.380 	3.300 	28.28M 	0.00%
Oct 01, 2013 	3.320 	3.270 	3.340 	3.240 	12.88M 	1.84%
Sep 30, 2013 	3.260 	3.400 	3.400 	3.260 	26.69M 	-4.12%
Sep 27, 2013 	3.400 	3.400 	3.450 	3.370 	49.97M 	0.00%
Sep 26, 2013 	3.400 	3.400 	3.430 	3.340 	50.29M 	0.29%
Sep 25, 2013 	3.390 	3.390 	3.410 	3.360 	15.75M 	-0.59%
Sep 24, 2013 	3.410 	3.440 	3.440 	3.380 	25.38M 	-0.58%
Sep 23, 2013 	3.430 	3.380 	3.460 	3.350 	21.40M 	-0.29%
Sep 20, 2013 	3.440 	3.410 	3.470 	3.400 	55.19M 	-0.86%
Sep 19, 2013 	3.470 	3.380 	3.470 	3.340 	206.66M 	7.10%
Sep 18, 2013 	3.240 	3.190 	3.260 	3.150 	49.98M 	0.93%
Sep 17, 2013 	3.210 	3.210 	3.260 	3.200 	58.97M 	0.31%
Sep 16, 2013 	3.200 	3.100 	3.220 	3.100 	118.19M 	3.23%
Sep 13, 2013 	3.100 	3.150 	3.150 	3.050 	63.81M 	-1.59%
Sep 12, 2013 	3.150 	3.190 	3.210 	3.120 	67.15M 	-0.94%
Sep 11, 2013 	3.180 	3.200 	3.210 	3.160 	46.31M 	1.27%
Sep 10, 2013 	3.140 	3.120 	3.210 	3.120 	80.58M 	0.96%
Sep 09, 2013 	3.110 	3.120 	3.150 	3.100 	33.40M 	0.32%
Sep 06, 2013 	3.100 	3.080 	3.100 	3.060 	35.80M 	0.65%
Sep 05, 2013 	3.080 	3.090 	3.160 	3.070 	47.46M 	-0.32%
Sep 04, 2013 	3.090 	3.140 	3.140 	3.050 	48.58M 	-2.22%
Sep 03, 2013 	3.160 	3.110 	3.180 	3.110 	97.73M 	1.94%
Sep 02, 2013 	3.100 	3.110 	3.120 	3.050 	14.35M 	0.00%
Aug 30, 2013 	3.100 	3.110 	3.150 	3.040 	59.09M 	0.00%
Aug 29, 2013 	3.100 	2.940 	3.100 	2.940 	70.14M 	6.16%
Aug 28, 2013 	2.920 	2.950 	2.950 	2.850 	113.85M 	-2.34%
Aug 27, 2013 	2.990 	3.090 	3.090 	2.960 	82.21M 	-3.24%
Aug 23, 2013 	3.090 	3.100 	3.150 	3.070 	80.40M 	0.00%
Aug 22, 2013 	3.090 	3.200 	3.200 	3.030 	112.79M 	-8.31%
Aug 16, 2013 	3.370 	3.340 	3.380 	3.290 	36.63M 	-0.88%
Aug 15, 2013 	3.400 	3.380 	3.410 	3.290 	40.44M 	0.00%
Aug 14, 2013 	3.400 	3.390 	3.430 	3.320 	94.86M 	0.59%
Aug 13, 2013 	3.380 	3.270 	3.380 	3.270 	80.90M 	3.36%
Aug 12, 2013 	3.270 	3.270 	3.280 	3.200 	26.90M 	0.62%
Aug 08, 2013 	3.250 	3.250 	3.270 	3.230 	15.94M 	0.31%
Aug 07, 2013 	3.240 	3.220 	3.290 	3.190 	40.17M 	0.31%
Aug 06, 2013 	3.230 	3.150 	3.240 	3.130 	87.15M 	0.94%
Aug 05, 2013 	3.200 	3.180 	3.240 	3.180 	37.24M 	0.63%
Aug 02, 2013 	3.180 	3.280 	3.290 	3.150 	106.28M 	-2.15%
Aug 01, 2013 	3.250 	3.260 	3.310 	3.240 	85.51M 	0.31%
Jul 31, 2013 	3.240 	3.370 	3.390 	3.220 	96.92M 	-4.14%
Jul 30, 2013 	3.380 	3.430 	3.470 	3.380 	27.30M 	-1.46%
Jul 29, 2013 	3.430 	3.500 	3.500 	3.390 	31.56M 	-0.87%
Jul 26, 2013 	3.460 	3.550 	3.550 	3.440 	28.07M 	-2.54%
Jul 25, 2013 	3.550 	3.560 	3.560 	3.470 	45.22M 	-0.28%
Jul 24, 2013 	3.560 	3.520 	3.570 	3.510 	52.83M 	1.71%
Jul 23, 2013 	3.500 	3.450 	3.530 	3.420 	92.80M 	1.45%
Jul 22, 2013 	3.450 	3.470 	3.480 	3.420 	17.27M 	-0.29%
Jul 19, 2013 	3.460 	3.440 	3.460 	3.380 	54.21M 	1.47%
Jul 18, 2013 	3.410 	3.350 	3.420 	3.340 	38.91M 	2.71%
Jul 17, 2013 	3.320 	3.380 	3.380 	3.290 	27.86M 	-2.35%
Jul 16, 2013 	3.400 	3.370 	3.440 	3.350 	77.95M 	1.49%
Jul 15, 2013 	3.350 	3.270 	3.370 	3.260 	110.01M 	3.40%
Jul 12, 2013 	3.240 	3.250 	3.320 	3.210 	101.76M 	0.00%
Jul 11, 2013 	3.240 	3.190 	3.270 	3.170 	52.33M 	3.18%
Jul 10, 2013 	3.140 	3.280 	3.280 	3.080 	56.18M 	-3.98%
Jul 09, 2013 	3.270 	3.300 	3.320 	3.180 	33.44M 	-0.30%
Jul 08, 2013 	3.280 	3.350 	3.380 	3.210 	65.06M 	-1.80%
Jul 05, 2013 	3.340 	3.310 	3.350 	3.250 	32.88M 	1.21%
Jul 04, 2013 	3.300 	3.190 	3.300 	3.170 	39.07M 	4.76%
Jul 03, 2013 	3.150 	3.200 	3.240 	3.150 	112.73M 	-1.87%
Jul 02, 2013 	3.210 	3.350 	3.380 	3.210 	89.14M 	-3.60%
Jul 01, 2013 	3.330 	3.250 	3.440 	3.200 	80.37M 	0.91%
Jun 28, 2013 	3.300 	3.330 	3.370 	3.230 	75.16M 	1.54%
Jun 27, 2013 	3.250 	3.170 	3.290 	3.170 	192.84M 	6.21%
Jun 26, 2013 	3.060 	3.010 	3.100 	2.990 	106.85M 	5.52%
Jun 25, 2013 	2.900 	3.020 	3.090 	2.750 	178.17M 	-6.45%
Jun 24, 2013 	3.100 	3.340 	3.390 	3.030 	83.12M 	-6.91%
Jun 21, 2013 	3.330 	3.400 	3.450 	3.330 	112.23M 	-5.93%
Jun 20, 2013 	3.540 	3.540 	3.560 	3.490 	46.87M 	-3.01%
Jun 19, 2013 	3.650 	3.600 	3.650 	3.540 	66.50M 	2.24%
Jun 18, 2013 	3.570 	3.580 	3.620 	3.530 	56.26M 	0.28%
Jun 17, 2013 	3.560 	3.470 	3.570 	3.400 	38.34M 	2.59%
Jun 14, 2013 	3.470 	3.410 	3.550 	3.410 	115.00M 	3.27%
Jun 13, 2013 	3.360 	3.620 	3.620 	3.330 	128.81M 	-8.45%
Jun 11, 2013 	3.670 	3.830 	3.870 	3.640 	106.63M 	-4.43%
Jun 10, 2013 	3.840 	3.810 	3.870 	3.800 	88.26M 	2.13%
Jun 07, 2013 	3.760 	3.680 	3.790 	3.670 	66.80M 	2.45%
Jun 06, 2013 	3.670 	3.640 	3.700 	3.520 	135.44M 	-0.27%
Jun 05, 2013 	3.680 	3.740 	3.740 	3.620 	99.23M 	-2.65%
Jun 04, 2013 	3.780 	3.690 	3.800 	3.660 	99.54M 	3.56%
Jun 03, 2013 	3.650 	3.710 	3.730 	3.590 	80.77M 	-0.54%
May 31, 2013 	3.670 	3.860 	3.860 	3.670 	345.84M 	-5.17%
May 30, 2013 	3.870 	3.930 	4.020 	3.840 	122.73M 	-2.52%
May 29, 2013 	3.970 	3.960 	4.000 	3.920 	64.54M 	0.51%
May 28, 2013 	3.950 	3.920 	3.960 	3.890 	44.41M 	1.28%
May 27, 2013 	3.900 	4.040 	4.040 	3.880 	80.59M 	-3.47%
May 24, 2013 	4.040 	4.040 	4.090 	3.990 	71.82M 	1.51%
May 23, 2013 	3.980 	4.060 	4.060 	3.920 	31.87M 	-2.21%
May 22, 2013 	4.070 	4.010 	4.070 	4.000 	55.76M 	2.26%
May 21, 2013 	3.980 	3.910 	3.990 	3.850 	92.67M 	2.05%
May 20, 2013 	3.900 	4.060 	4.080 	3.860 	185.85M 	-3.70%
May 17, 2013 	4.050 	4.060 	4.080 	4.030 	55.31M 	-0.25%
May 16, 2013 	4.060 	4.180 	4.180 	4.010 	159.16M 	-3.10%
May 15, 2013 	4.190 	4.240 	4.290 	4.160 	86.65M 	-0.95%
May 14, 2013 	4.230 	4.230 	4.260 	4.220 	56.95M 	0.95%
May 10, 2013 	4.190 	4.150 	4.240 	4.150 	27.78M 	1.21%
May 09, 2013 	4.140 	4.140 	4.160 	4.060 	21.52M 	0.49%
May 08, 2013 	4.120 	4.100 	4.190 	4.100 	44.55M 	0.73%
May 07, 2013 	4.090 	4.120 	4.150 	4.090 	37.23M 	-0.49%
May 06, 2013 	4.110 	4.180 	4.260 	4.090 	81.10M 	-2.14%
May 03, 2013 	4.200 	4.220 	4.250 	4.170 	59.95M 	0.72%
May 02, 2013 	4.170 	4.150 	4.170 	4.090 	33.69M 	0.48%
Apr 30, 2013 	4.150 	4.160 	4.200 	4.150 	46.71M 	0.00%
Apr 29, 2013 	4.150 	4.120 	4.250 	4.120 	47.26M 	0.73%
Apr 26, 2013 	4.120 	4.020 	4.160 	4.020 	41.08M 	2.49%
Apr 25, 2013 	4.020 	4.150 	4.150 	4.000 	91.74M 	-2.66%
Apr 24, 2013 	4.130 	4.250 	4.270 	4.100 	53.45M 	-1.67%
Apr 23, 2013 	4.200 	4.120 	4.310 	4.090 	90.54M 	1.94%
Apr 22, 2013 	4.120 	4.130 	4.170 	4.070 	46.84M 	0.49%
Apr 19, 2013 	4.100 	4.100 	4.160 	4.000 	74.70M 	0.00%
Apr 18, 2013 	4.100 	3.910 	4.150 	3.880 	197.57M 	4.33%
Apr 17, 2013 	3.930 	3.870 	3.930 	3.870 	77.86M 	1.55%
Apr 16, 2013 	3.870 	3.740 	3.890 	3.730 	52.05M 	0.00%
Apr 15, 2013 	3.870 	3.860 	3.920 	3.820 	58.67M 	0.26%
Apr 12, 2013 	3.860 	3.900 	3.920 	3.840 	43.11M 	0.00%
Apr 11, 2013 	3.860 	3.880 	3.930 	3.820 	46.76M 	0.78%
Apr 10, 2013 	3.830 	3.730 	3.850 	3.730 	42.67M 	2.68%
Apr 08, 2013 	3.730 	3.730 	3.760 	3.670 	34.53M 	0.00%
Apr 05, 2013 	3.730 	3.770 	3.790 	3.730 	20.95M 	-1.32%
Apr 04, 2013 	3.780 	3.820 	3.820 	3.750 	41.69M 	-0.53%
Apr 03, 2013 	3.800 	3.830 	3.910 	3.800 	52.39M 	0.00%
Apr 02, 2013 	3.800 	3.880 	3.880 	3.740 	21.74M 	-2.06%
Apr 01, 2013 	3.880 	3.950 	3.990 	3.840 	76.42M 	-0.26%
Mar 27, 2013 	3.890 	3.760 	3.900 	3.750 	109.81M 	3.18%
Mar 26, 2013 	3.770 	3.750 	3.840 	3.730 	74.02M 	0.80%
Mar 25, 2013 	3.740 	3.680 	3.740 	3.660 	64.59M 	2.19%
Mar 22, 2013 	3.660 	3.700 	3.700 	3.630 	42.00M 	-0.81%
Mar 21, 2013 	3.690 	3.670 	3.750 	3.670 	64.81M 	2.22%
Mar 20, 2013 	3.610 	3.570 	3.740 	3.510 	93.78M 	1.12%
Mar 19, 2013 	3.570 	3.560 	3.650 	3.470 	122.47M 	-0.28%
Mar 18, 2013 	3.580 	3.770 	3.780 	3.550 	89.75M 	-5.29%
Mar 15, 2013 	3.780 	3.800 	3.840 	3.730 	78.59M 	-0.53%
Mar 14, 2013 	3.800 	3.780 	3.840 	3.730 	78.97M 	0.26%
Mar 13, 2013 	3.790 	3.830 	3.840 	3.760 	58.31M 	-0.26%
Mar 12, 2013 	3.800 	3.930 	3.940 	3.790 	88.03M 	-2.56%
Mar 11, 2013 	3.900 	3.960 	4.010 	3.900 	56.06M 	-2.01%
Mar 08, 2013 	3.980 	3.990 	4.050 	3.970 	43.73M 	1.02%
Mar 07, 2013 	3.940 	3.990 	4.000 	3.880 	33.25M 	-1.50%
Mar 06, 2013 	4.000 	3.900 	4.040 	3.900 	114.68M 	2.56%
Mar 05, 2013 	3.900 	3.780 	3.930 	3.760 	98.70M 	3.17%
Mar 04, 2013 	3.780 	3.800 	3.830 	3.710 	39.82M 	0.00%
Mar 01, 2013 	3.780 	3.920 	3.920 	3.780 	119.27M 	-3.82%
Feb 28, 2013 	3.930 	3.880 	3.930 	3.820 	65.45M 	2.88%
Feb 27, 2013 	3.820 	3.930 	3.940 	3.790 	118.80M 	-2.05%
Feb 26, 2013 	3.900 	3.930 	3.930 	3.870 	72.76M 	-2.50%
Feb 25, 2013 	4.000 	3.850 	4.000 	3.850 	52.21M 	4.17%
Feb 22, 2013 	3.840 	3.840 	3.890 	3.750 	98.78M 	0.26%
Feb 21, 2013 	3.830 	3.870 	3.900 	3.770 	150.27M 	-1.79%
Feb 20, 2013 	3.900 	3.900 	4.050 	3.850 	156.34M 	0.26%
Feb 19, 2013 	3.890 	3.770 	3.900 	3.720 	124.21M 	2.91%
Feb 18, 2013 	3.780 	3.690 	3.790 	3.670 	130.82M 	2.72%
Feb 15, 2013 	3.680 	3.550 	3.700 	3.550 	71.27M 	3.66%
Feb 14, 2013 	3.550 	3.510 	3.650 	3.510 	86.66M 	1.43%
Feb 13, 2013 	3.500 	3.370 	3.510 	3.370 	84.94M 	3.86%
Feb 12, 2013 	3.370 	3.390 	3.400 	3.370 	16.60M 	-0.30%
Feb 11, 2013 	3.380 	3.390 	3.400 	3.350 	40.22M 	0.00%
Feb 08, 2013 	3.380 	3.370 	3.430 	3.350 	44.09M 	0.30%
Feb 07, 2013 	3.370 	3.350 	3.420 	3.330 	30.37M 	1.20%
Feb 06, 2013 	3.330 	3.440 	3.450 	3.330 	56.65M 	-1.19%
Feb 05, 2013 	3.370 	3.470 	3.510 	3.370 	101.90M 	-3.71%
Feb 04, 2013 	3.500 	3.420 	3.520 	3.420 	57.70M 	2.34%
Feb 01, 2013 	3.420 	3.390 	3.450 	3.360 	50.77M 	1.48%
Jan 31, 2013 	3.370 	3.490 	3.490 	3.350 	74.11M 	-3.44%
Jan 30, 2013 	3.490 	3.340 	3.490 	3.340 	144.70M 	5.76%
Jan 29, 2013 	3.300 	3.200 	3.340 	3.150 	172.74M 	3.12%
Jan 28, 2013 	3.200 	3.180 	3.230 	3.180 	46.30M 	0.63%
Jan 25, 2013 	3.180 	3.120 	3.180 	3.120 	36.62M 	2.25%
Jan 24, 2013 	3.110 	3.100 	3.160 	3.100 	24.31M 	0.32%
Jan 23, 2013 	3.100 	3.130 	3.140 	3.100 	59.10M 	-0.96%
Jan 22, 2013 	3.130 	3.200 	3.200 	3.130 	71.95M 	-2.19%
Jan 21, 2013 	3.200 	3.190 	3.220 	3.190 	22.31M 	0.31%
Jan 18, 2013 	3.190 	3.220 	3.230 	3.190 	16.69M 	-0.93%
Jan 17, 2013 	3.220 	3.180 	3.270 	3.170 	84.12M 	1.26%
Jan 16, 2013 	3.180 	3.190 	3.220 	3.160 	57.80M 	0.00%
Jan 15, 2013 	3.180 	3.190 	3.250 	3.160 	62.14M 	0.00%
Jan 14, 2013 	3.180 	3.190 	3.250 	3.170 	42.25M 	0.63%
Jan 11, 2013 	3.160 	3.080 	3.160 	3.070 	43.42M 	1.61%
Jan 10, 2013 	3.110 	3.180 	3.200 	3.090 	72.11M 	-2.20%
Jan 09, 2013 	3.180 	3.130 	3.280 	3.130 	142.47M 	0.63%
Jan 08, 2013 	3.160 	3.250 	3.290 	3.140 	136.91M 	-5.11%
Jan 07, 2013 	3.330 	3.070 	3.330 	3.070 	196.72M 	8.82%
Jan 04, 2013 	3.060 	2.890 	3.060 	2.890 	140.18M 	6.25%
Jan 03, 2013 	2.880 	2.810 	2.910 	2.810 	106.05M 	3.23%
Jan 02, 2013 	2.790 	2.780 	2.810 	2.780 	20.95M 	0.72%
Dec 28, 2012 	2.770 	2.780 	2.800 	2.770 	31.74M 	-0.36%
Dec 27, 2012 	2.780 	2.770 	2.790 	2.760 	31.98M 	0.36%
Dec 26, 2012 	2.770 	2.770 	2.800 	2.770 	22.15M 	0.36%
Dec 21, 2012 	2.760 	2.760 	2.770 	2.750 	73.45M 	0.00%
Dec 20, 2012 	2.760 	2.760 	2.770 	2.700 	37.87M 	0.36%
Dec 19, 2012 	2.750 	2.720 	2.760 	2.690 	70.21M 	1.10%
Dec 18, 2012 	2.720 	2.790 	2.830 	2.720 	67.01M 	-2.51%
Dec 17, 2012 	2.790 	2.790 	2.800 	2.750 	40.83M 	-0.36%
Dec 14, 2012 	2.800 	2.850 	2.850 	2.780 	37.75M 	-1.75%
Dec 13, 2012 	2.850 	2.850 	2.890 	2.830 	107.09M 	0.71%
Dec 12, 2012 	2.830 	2.790 	2.910 	2.790 	105.27M 	2.17%
Dec 11, 2012 	2.770 	2.720 	2.800 	2.720 	86.19M 	2.21%
Dec 10, 2012 	2.710 	2.790 	2.790 	2.710 	59.17M 	-2.87%
Dec 07, 2012 	2.790 	2.810 	2.830 	2.760 	112.30M 	-0.71%
Dec 06, 2012 	2.810 	2.700 	2.820 	2.700 	193.00M 	4.85%
Dec 05, 2012 	2.680 	2.610 	2.720 	2.610 	139.68M 	2.29%
Dec 04, 2012 	2.620 	2.610 	2.640 	2.590 	40.34M 	0.00%
Dec 03, 2012 	2.620 	2.510 	2.640 	2.500 	171.82M 	4.38%
Nov 29, 2012 	2.510 	2.500 	2.540 	2.480 	72.56M 	1.62%
Nov 28, 2012 	2.470 	2.460 	2.510 	2.450 	39.49M 	1.23%
Nov 27, 2012 	2.440 	2.450 	2.480 	2.440 	30.24M 	-0.41%
Nov 26, 2012 	2.450 	2.470 	2.490 	2.430 	58.25M 	0.00%
Nov 23, 2012 	2.450 	2.460 	2.480 	2.440 	37.99M 	0.41%
Nov 22, 2012 	2.440 	2.470 	2.500 	2.440 	80.59M 	-1.21%
Nov 21, 2012 	2.470 	2.470 	2.510 	2.470 	33.48M 	0.00%
Nov 20, 2012 	2.470 	2.510 	2.530 	2.470 	69.86M 	-1.20%
Nov 19, 2012 	2.500 	2.480 	2.510 	2.480 	21.55M 	1.21%
Nov 16, 2012 	2.470 	2.500 	2.500 	2.470 	38.23M 	-0.80%
Nov 15, 2012 	2.490 	2.500 	2.510 	2.470 	45.32M 	-0.40%
Nov 14, 2012 	2.500 	2.510 	2.530 	2.480 	58.61M 	-0.79%
Nov 13, 2012 	2.520 	2.510 	2.550 	2.510 	41.38M 	0.40%
Nov 12, 2012 	2.510 	2.500 	2.570 	2.500 	90.74M 	0.40%
Nov 09, 2012 	2.500 	2.490 	2.520 	2.470 	40.63M 	0.00%
Nov 08, 2012 	2.500 	2.480 	2.500 	2.450 	46.29M 	0.40%
Nov 07, 2012 	2.490 	2.540 	2.540 	2.470 	30.89M 	-1.97%
Nov 06, 2012 	2.540 	2.490 	2.540 	2.470 	103.14M 	2.42%
Nov 05, 2012 	2.480 	2.460 	2.490 	2.450 	113.60M 	1.22%
Oct 31, 2012 	2.450 	2.410 	2.450 	2.390 	75.77M 	2.08%
Oct 30, 2012 	2.400 	2.420 	2.420 	2.380 	38.01M 	-0.83%
Oct 29, 2012 	2.420 	2.410 	2.450 	2.390 	53.71M 	0.83%
Oct 25, 2012 	2.400 	2.400 	2.500 	2.390 	62.59M 	0.00%
Oct 24, 2012 	2.400 	2.450 	2.450 	2.390 	99.15M 	-2.04%
Oct 23, 2012 	2.450 	2.460 	2.490 	2.450 	29.92M 	0.00%
Oct 22, 2012 	2.450 	2.470 	2.490 	2.420 	48.81M 	-0.41%
Oct 19, 2012 	2.460 	2.490 	2.510 	2.460 	49.35M 	-1.20%
Oct 18, 2012 	2.490 	2.460 	2.500 	2.450 	89.01M 	1.22%
Oct 17, 2012 	2.460 	2.410 	2.470 	2.400 	123.26M 	2.50%
Oct 16, 2012 	2.400 	2.400 	2.440 	2.390 	99.25M 	0.84%
Oct 15, 2012 	2.380 	2.340 	2.390 	2.330 	53.65M 	1.71%
Oct 12, 2012 	2.340 	2.350 	2.380 	2.320 	45.03M 	-0.43%
Oct 11, 2012 	2.350 	2.330 	2.360 	2.330 	36.09M 	0.86%
Oct 10, 2012 	2.330 	2.370 	2.380 	2.330 	87.77M 	-1.69%
Oct 09, 2012 	2.370 	2.430 	2.440 	2.350 	55.63M 	-1.66%
Oct 08, 2012 	2.410 	2.370 	2.450 	2.340 	115.54M 	2.12%
Oct 05, 2012 	2.360 	2.300 	2.400 	2.290 	363.39M 	3.06%
Oct 04, 2012 	2.290 	2.280 	2.320 	2.280 	120.47M 	0.44%
Oct 03, 2012 	2.280 	2.260 	2.300 	2.260 	117.21M 	1.33%
Oct 02, 2012 	2.250 	2.230 	2.260 	2.230 	38.52M 	0.90%
Oct 01, 2012 	2.230 	2.230 	2.260 	2.220 	33.93M 	0.00%
Sep 28, 2012 	2.230 	2.240 	2.260 	2.220 	96.07M 	0.90%
Sep 27, 2012 	2.210 	2.190 	2.220 	2.190 	8.97M 	0.91%
Sep 26, 2012 	2.190 	2.210 	2.230 	2.180 	75.64M 	-1.79%
Sep 25, 2012 	2.230 	2.230 	2.250 	2.220 	18.25M 	0.00%
Sep 24, 2012 	2.230 	2.230 	2.250 	2.220 	24.99M 	0.90%
Sep 21, 2012 	2.210 	2.250 	2.260 	2.210 	37.48M 	-1.34%
Sep 20, 2012 	2.240 	2.280 	2.300 	2.240 	42.58M 	-1.75%
Sep 19, 2012 	2.280 	2.280 	2.320 	2.260 	101.59M 	0.00%
Sep 18, 2012 	2.280 	2.270 	2.290 	2.230 	49.87M 	0.88%
Sep 17, 2012 	2.260 	2.240 	2.270 	2.240 	42.45M 	0.89%
Sep 14, 2012 	2.240 	2.220 	2.260 	2.210 	110.96M 	1.82%
Sep 13, 2012 	2.200 	2.190 	2.210 	2.190 	47.61M 	0.92%
Sep 12, 2012 	2.180 	2.170 	2.200 	2.160 	16.10M 	0.93%
Sep 11, 2012 	2.160 	2.190 	2.210 	2.150 	98.42M 	-1.37%
Sep 10, 2012 	2.190 	2.230 	2.230 	2.190 	83.71M 	-1.79%
Sep 07, 2012 	2.230 	2.200 	2.250 	2.200 	64.72M 	1.83%
Sep 06, 2012 	2.190 	2.190 	2.200 	2.170 	35.04M 	0.92%
Sep 05, 2012 	2.170 	2.220 	2.240 	2.160 	103.77M 	-2.25%
Sep 04, 2012 	2.220 	2.220 	2.230 	2.210 	32.75M 	0.00%
Sep 03, 2012 	2.220 	2.190 	2.240 	2.190 	11.08M 	1.83%
Aug 31, 2012 	2.180 	2.240 	2.270 	2.180 	108.18M 	-2.68%
Aug 30, 2012 	2.240 	2.280 	2.280 	2.220 	95.90M 	-1.75%
Aug 29, 2012 	2.280 	2.290 	2.290 	2.270 	22.77M 	0.88%
Aug 28, 2012 	2.260 	2.270 	2.290 	2.250 	63.94M 	0.00%
Aug 24, 2012 	2.260 	2.330 	2.330 	2.260 	52.71M 	-3.00%
Aug 23, 2012 	2.330 	2.280 	2.340 	2.260 	107.85M 	2.64%
Aug 22, 2012 	2.270 	2.250 	2.270 	2.220 	40.51M 	0.89%
Aug 17, 2012 	2.250 	2.230 	2.260 	2.230 	30.39M 	0.90%
Aug 16, 2012 	2.230 	2.290 	2.290 	2.230 	57.21M 	-1.33%
Aug 15, 2012 	2.260 	2.300 	2.300 	2.240 	30.15M 	-1.74%
Aug 14, 2012 	2.300 	2.260 	2.300 	2.260 	53.90M 	1.77%
Aug 13, 2012 	2.260 	2.260 	2.280 	2.240 	29.32M 	0.00%
Aug 10, 2012 	2.260 	2.260 	2.290 	2.220 	46.39M 	0.00%
Aug 09, 2012 	2.260 	2.300 	2.300 	2.250 	26.15M 	-2.59%
Aug 08, 2012 	2.320 	2.240 	2.320 	2.240 	210.26M 	3.57%
Aug 06, 2012 	2.240 	2.240 	2.270 	2.220 	29.68M 	0.45%
Aug 03, 2012 	2.230 	2.230 	2.240 	2.210 	42.72M 	0.00%
Aug 02, 2012 	2.230 	2.260 	2.260 	2.220 	27.67M 	-0.89%
Aug 01, 2012 	2.250 	2.250 	2.290 	2.220 	26.42M 	-0.44%
Jul 31, 2012 	2.260 	2.250 	2.290 	2.230 	49.41M 	0.89%
Jul 30, 2012 	2.240 	2.210 	2.270 	2.210 	30.01M 	0.00%
Jul 27, 2012 	2.240 	2.250 	2.250 	2.220 	45.93M 	2.28%
Jul 26, 2012 	2.190 	2.230 	2.260 	2.190 	60.54M 	-1.79%
Jul 25, 2012 	2.230 	2.160 	2.230 	2.140 	146.06M 	4.69%
Jul 24, 2012 	2.130 	2.110 	2.170 	2.100 	45.40M 	0.47%
Jul 23, 2012 	2.120 	2.150 	2.150 	2.090 	42.61M 	-1.40%
Jul 20, 2012 	2.150 	2.110 	2.170 	2.110 	32.14M 	1.90%
Jul 19, 2012 	2.110 	2.180 	2.200 	2.110 	87.79M 	-1.86%
Jul 18, 2012 	2.150 	2.270 	2.270 	2.150 	112.32M 	-4.87%
Jul 17, 2012 	2.260 	2.260 	2.270 	2.240 	27.21M 	0.00%
Jul 16, 2012 	2.260 	2.250 	2.280 	2.240 	73.99M 	1.80%
Jul 13, 2012 	2.220 	2.180 	2.240 	2.180 	88.37M 	1.83%
Jul 12, 2012 	2.180 	2.210 	2.230 	2.170 	40.02M 	-0.91%
Jul 11, 2012 	2.200 	2.220 	2.230 	2.190 	78.49M 	-0.45%
Jul 10, 2012 	2.210 	2.240 	2.250 	2.210 	41.61M 	0.00%
Jul 09, 2012 	2.210 	2.240 	2.260 	2.200 	76.68M 	-2.21%
Jul 06, 2012 	2.260 	2.290 	2.290 	2.250 	70.87M 	-1.31%
Jul 05, 2012 	2.290 	2.300 	2.330 	2.280 	168.65M 	0.44%
Jul 04, 2012 	2.280 	2.250 	2.310 	2.240 	173.94M 	1.33%
Jul 03, 2012 	2.250 	2.230 	2.280 	2.230 	141.49M 	0.90%
Jul 02, 2012 	2.230 	2.210 	2.260 	2.200 	179.42M 	1.83%
Jun 29, 2012 	2.190 	2.150 	2.240 	2.140 	247.41M 	1.86%
Jun 28, 2012 	2.150 	2.190 	2.200 	2.130 	130.93M 	-0.46%
Jun 27, 2012 	2.160 	2.100 	2.170 	2.080 	289.26M 	3.85%
Jun 26, 2012 	2.080 	2.070 	2.100 	2.070 	58.63M 	-0.48%
Jun 25, 2012 	2.090 	2.100 	2.130 	2.060 	103.94M 	-0.48%
Jun 22, 2012 	2.100 	2.090 	2.130 	2.080 	105.01M 	-1.87%
Jun 21, 2012 	2.140 	2.070 	2.160 	2.060 	219.46M 	2.88%
Jun 20, 2012 	2.080 	2.030 	2.100 	2.030 	170.45M 	2.97%
Jun 19, 2012 	2.020 	2.000 	2.040 	1.980 	58.45M 	2.02%
Jun 18, 2012 	1.980 	1.970 	2.000 	1.960 	44.51M 	0.51%
Jun 15, 2012 	1.970 	1.950 	1.970 	1.930 	50.84M 	2.07%
Jun 14, 2012 	1.930 	1.960 	1.980 	1.930 	104.34M 	-1.53%
Jun 13, 2012 	1.960 	1.950 	1.970 	1.940 	86.53M 	0.51%
Jun 11, 2012 	1.950 	1.940 	1.970 	1.940 	40.28M 	2.09%
Jun 08, 2012 	1.910 	1.950 	1.950 	1.910 	51.52M 	-1.55%
Jun 07, 2012 	1.940 	1.980 	1.990 	1.930 	29.81M 	-1.02%
Jun 06, 2012 	1.960 	1.960 	1.980 	1.940 	38.68M 	1.55%
Jun 05, 2012 	1.930 	1.940 	1.960 	1.920 	65.25M 	-0.52%
Jun 04, 2012 	1.940 	1.970 	1.980 	1.920 	73.62M 	-2.51%
Jun 01, 2012 	1.990 	2.010 	2.010 	1.970 	51.51M 	-1.97%
May 31, 2012 	2.030 	1.960 	2.030 	1.940 	72.92M 	3.57%
May 30, 2012 	1.960 	2.010 	2.020 	1.950 	52.62M 	-1.51%
May 29, 2012 	1.990 	1.930 	1.990 	1.920 	40.87M 	4.19%
May 28, 2012 	1.910 	1.940 	1.950 	1.900 	75.79M 	-0.52%
May 25, 2012 	1.920 	1.990 	2.010 	1.910 	91.85M 	-3.03%
May 24, 2012 	1.980 	2.010 	2.010 	1.970 	29.77M 	-1.98%
May 23, 2012 	2.020 	2.030 	2.030 	1.980 	23.03M 	-0.49%
May 22, 2012 	2.030 	2.050 	2.070 	2.000 	88.56M 	-0.49%
May 21, 2012 	2.040 	1.980 	2.050 	1.970 	61.60M 	5.15%
May 18, 2012 	1.940 	1.940 	2.000 	1.920 	80.04M 	-3.00%
May 17, 2012 	2.000 	1.920 	2.020 	1.920 	103.57M 	5.26%
May 16, 2012 	1.900 	2.070 	2.090 	1.880 	188.80M 	-8.21%
May 15, 2012 	2.070 	2.050 	2.110 	2.040 	81.36M 	-0.96%
May 14, 2012 	2.090 	2.150 	2.150 	2.040 	113.50M 	-1.42%
May 11, 2012 	2.120 	2.180 	2.190 	2.110 	58.21M 	-2.75%
May 10, 2012 	2.180 	2.250 	2.260 	2.160 	145.74M 	-3.54%
May 09, 2012 	2.260 	2.190 	2.260 	2.180 	209.49M 	2.73%
May 08, 2012 	2.200 	2.150 	2.230 	2.140 	136.42M 	2.80%
May 07, 2012 	2.140 	2.160 	2.160 	2.130 	175.24M 	-1.38%