Feb 07, 2018 	9.350 	9.600 	9.610 	9.350 	3.06M 	-2.60%
Feb 06, 2018 	9.600 	9.380 	9.600 	9.320 	2.86M 	-0.52%
Feb 05, 2018 	9.650 	9.800 	9.800 	9.500 	2.60M 	-1.53%
Feb 02, 2018 	9.800 	9.750 	9.820 	9.640 	4.91M 	0.51%
Feb 01, 2018 	9.750 	9.610 	9.840 	9.560 	5.58M 	1.56%
Jan 31, 2018 	9.600 	9.600 	9.600 	9.450 	2.21M 	0.00%
Jan 30, 2018 	9.600 	9.700 	9.710 	9.480 	4.09M 	-0.83%
Jan 29, 2018 	9.680 	9.210 	9.700 	9.210 	7.88M 	5.10%
Jan 26, 2018 	9.210 	9.200 	9.300 	9.180 	2.30M 	0.11%
Jan 25, 2018 	9.200 	9.200 	9.200 	9.150 	2.90M 	1.10%
Jan 24, 2018 	9.100 	9.160 	9.280 	9.100 	5.27M 	-0.55%
Jan 23, 2018 	9.150 	9.280 	9.280 	9.150 	1.96M 	-1.40%
Jan 22, 2018 	9.280 	9.130 	9.290 	9.110 	1.93M 	1.64%
Jan 19, 2018 	9.130 	9.100 	9.200 	9.100 	1.85M 	0.44%
Jan 18, 2018 	9.090 	9.250 	9.250 	9.070 	2.54M 	-0.11%
Jan 17, 2018 	9.100 	9.350 	9.350 	9.100 	6.79M 	-1.73%
Jan 16, 2018 	9.260 	9.200 	9.340 	9.200 	2.51M 	0.65%
Jan 15, 2018 	9.200 	9.350 	9.400 	9.190 	5.70M 	-0.54%
Jan 12, 2018 	9.250 	9.270 	9.420 	9.230 	4.59M 	-0.54%
Jan 11, 2018 	9.300 	9.170 	9.300 	9.160 	2.61M 	0.98%
Jan 10, 2018 	9.210 	9.300 	9.300 	9.200 	3.18M 	-0.65%
Jan 09, 2018 	9.270 	9.400 	9.400 	9.220 	2.36M 	-0.86%
Jan 08, 2018 	9.350 	9.340 	9.400 	9.340 	1.96M 	0.11%
Jan 05, 2018 	9.340 	9.300 	9.370 	9.200 	2.36M 	1.74%
Jan 04, 2018 	9.180 	9.300 	9.400 	9.180 	2.67M 	-0.54%
Jan 03, 2018 	9.230 	9.210 	9.330 	9.170 	4.36M 	0.65%
Dec 29, 2017 	9.170 	9.300 	9.320 	9.170 	7.70M 	-1.19%
Dec 28, 2017 	9.280 	9.350 	9.410 	9.240 	4.13M 	-0.22%
Dec 27, 2017 	9.300 	9.440 	9.440 	9.260 	2.47M 	-0.85%
Dec 22, 2017 	9.380 	9.400 	9.400 	9.340 	937.10K 	-0.21%
Dec 21, 2017 	9.400 	9.400 	9.430 	9.300 	1.34M 	0.97%
Dec 20, 2017 	9.310 	9.310 	9.420 	9.310 	986.40K 	0.00%
Dec 19, 2017 	9.310 	9.420 	9.480 	9.310 	1.79M 	-0.85%
Dec 18, 2017 	9.390 	9.300 	9.490 	9.300 	1.45M 	0.97%
Dec 15, 2017 	9.300 	9.350 	9.380 	9.220 	4.70M 	-0.32%
Dec 14, 2017 	9.330 	9.280 	9.350 	9.280 	738.40K 	0.54%
Dec 13, 2017 	9.280 	9.370 	9.370 	9.260 	1.26M 	0.11%
Dec 12, 2017 	9.270 	9.500 	9.500 	9.240 	4.34M 	-2.42%
Dec 11, 2017 	9.500 	9.500 	9.500 	9.380 	395.90K 	0.00%
Dec 08, 2017 	9.500 	9.400 	9.500 	9.370 	198.30K 	1.39%
Dec 07, 2017 	9.370 	9.480 	9.490 	9.300 	4.03M 	0.75%
Dec 06, 2017 	9.300 	9.550 	9.560 	9.300 	3.88M 	-2.62%
Dec 05, 2017 	9.550 	9.400 	9.550 	9.400 	537.80K 	2.14%
Dec 04, 2017 	9.350 	9.590 	9.590 	9.350 	1.23M 	-2.60%
Dec 01, 2017 	9.600 	9.600 	9.600 	9.540 	2.47M 	0.00%
Nov 29, 2017 	9.600 	9.440 	9.600 	9.330 	4.01M 	2.89%
Nov 28, 2017 	9.330 	9.230 	9.400 	9.220 	3.57M 	1.19%
Nov 27, 2017 	9.220 	9.160 	9.370 	9.160 	5.00M 	0.66%
Nov 24, 2017 	9.160 	9.410 	9.420 	9.160 	7.72M 	-2.55%
Nov 23, 2017 	9.400 	9.370 	9.500 	9.370 	2.75M 	0.53%
Nov 22, 2017 	9.350 	9.640 	9.640 	9.350 	5.81M 	-2.60%
Nov 21, 2017 	9.600 	9.640 	9.860 	9.570 	3.94M 	-0.41%
Nov 20, 2017 	9.640 	9.690 	9.750 	9.640 	1.76M 	-0.52%
Nov 17, 2017 	9.690 	9.710 	9.800 	9.680 	2.66M 	-0.10%
Nov 16, 2017 	9.700 	9.920 	10.000 	9.700 	1.71M 	-2.02%
Nov 15, 2017 	9.900 	9.900 	10.000 	9.840 	2.44M 	0.00%
Nov 14, 2017 	9.900 	9.960 	10.060 	9.900 	3.46M 	-0.40%
Nov 13, 2017 	9.940 	10.080 	10.220 	9.900 	1.24M 	0.40%
Nov 10, 2017 	9.900 	10.200 	10.280 	9.900 	3.07M 	-2.94%
Nov 09, 2017 	10.200 	10.220 	10.300 	10.100 	2.89M 	-0.20%
Nov 08, 2017 	10.220 	10.200 	10.340 	10.040 	4.14M 	2.20%
Nov 07, 2017 	10.000 	9.900 	10.040 	9.800 	5.02M 	1.01%
Nov 06, 2017 	9.900 	9.650 	9.900 	9.650 	741.40K 	2.59%
Nov 03, 2017 	9.650 	9.850 	9.900 	9.650 	3.28M 	-1.63%
Nov 02, 2017 	9.810 	9.780 	9.930 	9.780 	1.32M 	0.72%
Oct 30, 2017 	9.740 	9.950 	10.000 	9.720 	3.75M 	-2.11%
Oct 27, 2017 	9.950 	9.990 	9.990 	9.880 	862.70K 	-0.40%
Oct 26, 2017 	9.990 	9.860 	9.990 	9.860 	1.48M 	0.60%
Oct 25, 2017 	9.930 	9.940 	9.940 	9.860 	678.90K 	0.81%
Oct 24, 2017 	9.850 	9.850 	9.940 	9.830 	1.08M 	0.00%
Oct 23, 2017 	9.850 	9.840 	9.980 	9.840 	1.20M 	0.10%
Oct 20, 2017 	9.840 	10.080 	10.100 	9.750 	3.95M 	-2.38%
Oct 19, 2017 	10.080 	9.890 	10.080 	9.850 	411.50K 	1.92%
Oct 18, 2017 	9.890 	10.000 	10.000 	9.780 	3.89M 	-0.60%
Oct 17, 2017 	9.950 	9.990 	10.040 	9.950 	3.94M 	-0.40%
Oct 13, 2017 	9.990 	10.040 	10.040 	9.960 	2.81M 	-0.50%
Oct 12, 2017 	10.040 	10.040 	10.100 	10.020 	1.34M 	-0.59%
Oct 11, 2017 	10.100 	10.140 	10.200 	9.980 	3.62M 	-0.39%
Oct 10, 2017 	10.140 	10.140 	10.220 	10.100 	754.30K 	0.20%
Oct 09, 2017 	10.120 	10.180 	10.220 	10.100 	991.00K 	-1.17%
Oct 06, 2017 	10.240 	10.140 	10.380 	10.140 	1.37M 	1.39%
Oct 05, 2017 	10.100 	10.380 	10.380 	10.100 	776.60K 	-2.70%
Oct 04, 2017 	10.380 	10.460 	10.460 	10.300 	873.30K 	-0.76%
Oct 03, 2017 	10.460 	10.400 	10.460 	10.320 	1.20M 	0.58%
Oct 02, 2017 	10.400 	10.480 	10.500 	10.400 	1.00M 	-0.76%
Sep 29, 2017 	10.480 	10.480 	10.500 	10.360 	4.21M 	0.19%
Sep 28, 2017 	10.460 	10.220 	10.460 	10.140 	2.73M 	2.55%
Sep 27, 2017 	10.200 	10.200 	10.300 	10.100 	2.02M 	0.20%
Sep 26, 2017 	10.180 	10.160 	10.260 	10.100 	873.10K 	0.79%
Sep 25, 2017 	10.100 	10.260 	10.260 	10.100 	2.15M 	-1.94%
Sep 22, 2017 	10.300 	10.520 	10.520 	10.240 	5.85M 	-2.46%
Sep 21, 2017 	10.560 	10.600 	10.600 	10.460 	1.00M 	-0.38%
Sep 20, 2017 	10.600 	10.500 	10.600 	10.500 	3.54M 	1.73%
Sep 19, 2017 	10.420 	10.720 	10.740 	10.420 	2.62M 	-2.43%
Sep 18, 2017 	10.680 	10.620 	10.740 	10.460 	5.60M 	0.56%
Sep 15, 2017 	10.620 	10.440 	10.620 	10.360 	5.69M 	2.12%
Sep 14, 2017 	10.400 	10.480 	10.520 	10.400 	3.33M 	-0.76%
Sep 13, 2017 	10.480 	10.360 	10.520 	10.360 	4.68M 	0.77%
Sep 11, 2017 	10.400 	10.360 	10.540 	10.360 	4.58M 	0.58%
Sep 08, 2017 	10.340 	10.560 	10.580 	10.220 	3.20M 	-1.90%
Sep 07, 2017 	10.540 	10.440 	10.600 	10.400 	7.70M 	1.35%
Sep 06, 2017 	10.400 	10.460 	10.460 	10.220 	4.01M 	-0.19%
Sep 05, 2017 	10.420 	10.200 	10.480 	10.200 	12.41M 	2.36%
Sep 04, 2017 	10.180 	9.880 	10.300 	9.800 	14.41M 	3.88%
Aug 31, 2017 	9.800 	9.690 	9.920 	9.590 	21.40M 	1.14%
Aug 30, 2017 	9.690 	9.480 	9.700 	9.480 	4.97M 	2.00%
Aug 29, 2017 	9.500 	9.480 	9.530 	9.430 	2.85M 	0.96%
Aug 25, 2017 	9.410 	9.510 	9.510 	9.410 	2.49M 	-1.05%
Aug 24, 2017 	9.510 	9.600 	9.700 	9.510 	1.11M 	-0.11%
Aug 23, 2017 	9.520 	9.750 	9.750 	9.520 	1.24M 	-1.86%
Aug 22, 2017 	9.700 	9.530 	9.750 	9.530 	2.50M 	1.78%
Aug 18, 2017 	9.530 	9.700 	9.700 	9.510 	1.42M 	0.00%
Aug 17, 2017 	9.530 	9.650 	9.740 	9.530 	2.40M 	-0.73%
Aug 16, 2017 	9.600 	9.540 	9.640 	9.520 	1.58M 	0.63%
Aug 15, 2017 	9.540 	9.560 	9.580 	9.530 	785.70K 	-0.10%
Aug 14, 2017 	9.550 	9.590 	9.650 	9.450 	253.40K 	-0.42%
Aug 11, 2017 	9.590 	9.650 	9.650 	9.470 	1.76M 	-0.93%
Aug 10, 2017 	9.680 	9.960 	9.960 	9.670 	4.24M 	-2.52%
Aug 09, 2017 	9.930 	9.690 	9.960 	9.690 	15.96M 	2.90%
Aug 08, 2017 	9.650 	9.650 	9.680 	9.570 	7.60M 	0.31%
Aug 07, 2017 	9.620 	9.600 	9.690 	9.550 	1.16M 	0.21%
Aug 04, 2017 	9.600 	9.400 	9.620 	9.400 	1.80M 	2.13%
Aug 03, 2017 	9.400 	9.360 	9.450 	9.360 	2.07M 	0.53%
Aug 02, 2017 	9.350 	9.600 	9.650 	9.350 	3.17M 	-1.37%
Aug 01, 2017 	9.480 	9.470 	9.690 	9.470 	2.87M 	0.21%
Jul 31, 2017 	9.460 	9.420 	9.500 	9.420 	1.88M 	0.53%
Jul 28, 2017 	9.410 	9.520 	9.560 	9.410 	3.68M 	-1.16%
Jul 27, 2017 	9.520 	9.530 	9.650 	9.520 	1.22M 	-0.10%
Jul 26, 2017 	9.530 	9.670 	9.670 	9.490 	4.38M 	-0.21%
Jul 25, 2017 	9.550 	9.680 	9.700 	9.540 	1.72M 	-0.73%
Jul 24, 2017 	9.620 	9.770 	9.770 	9.620 	588.00K 	-1.13%
Jul 21, 2017 	9.730 	9.680 	9.800 	9.600 	3.17M 	0.62%
Jul 20, 2017 	9.670 	9.770 	9.820 	9.660 	3.39M 	0.10%
Jul 19, 2017 	9.660 	9.660 	9.770 	9.660 	1.27M 	0.00%
Jul 18, 2017 	9.660 	9.620 	9.770 	9.620 	2.78M 	0.52%
Jul 17, 2017 	9.610 	9.580 	9.660 	9.560 	2.56M 	0.31%
Jul 14, 2017 	9.580 	9.600 	9.690 	9.530 	2.25M 	-0.21%
Jul 13, 2017 	9.600 	9.620 	9.750 	9.600 	987.00K 	0.10%
Jul 12, 2017 	9.590 	9.660 	9.760 	9.590 	4.95M 	-0.10%
Jul 11, 2017 	9.600 	9.750 	9.800 	9.600 	3.06M 	-1.44%
Jul 10, 2017 	9.740 	9.780 	10.100 	9.720 	1.91M 	-0.31%
Jul 07, 2017 	9.770 	9.820 	9.960 	9.760 	1.51M 	-0.31%
Jul 06, 2017 	9.800 	9.940 	10.240 	9.800 	11.52M 	-1.31%
Jul 05, 2017 	9.930 	9.900 	9.930 	9.850 	1.15M 	0.30%
Jul 04, 2017 	9.900 	9.780 	9.930 	9.710 	1.63M 	1.54%
Jul 03, 2017 	9.750 	9.740 	9.800 	9.710 	396.20K 	0.72%
Jun 30, 2017 	9.680 	9.810 	9.990 	9.650 	7.32M 	-1.22%
Jun 29, 2017 	9.800 	9.920 	9.920 	9.770 	4.16M 	-0.41%
Jun 28, 2017 	9.840 	9.800 	10.000 	9.700 	5.67M 	0.61%
Jun 27, 2017 	9.780 	9.650 	9.860 	9.650 	1.86M 	1.66%
Jun 23, 2017 	9.620 	9.560 	9.700 	9.540 	1.26M 	0.63%
Jun 22, 2017 	9.560 	9.600 	9.620 	9.550 	2.39M 	-0.93%
Jun 21, 2017 	9.650 	9.680 	9.700 	9.520 	5.07M 	-0.31%
Jun 20, 2017 	9.680 	9.660 	9.770 	9.660 	3.08M 	0.21%
Jun 19, 2017 	9.660 	9.700 	9.790 	9.650 	3.94M 	-0.41%
Jun 16, 2017 	9.700 	9.660 	9.800 	9.650 	7.83M 	0.41%
Jun 15, 2017 	9.660 	9.680 	9.720 	9.630 	4.82M 	-0.31%
Jun 14, 2017 	9.690 	9.650 	9.780 	9.640 	11.88M 	1.04%
Jun 13, 2017 	9.590 	10.100 	10.120 	9.590 	16.72M 	-5.05%
Jun 09, 2017 	10.100 	10.240 	10.420 	10.100 	6.18M 	-1.37%
Jun 08, 2017 	10.240 	10.620 	10.780 	10.200 	6.84M 	-4.12%
Jun 07, 2017 	10.680 	10.520 	10.840 	10.520 	5.69M 	1.52%
Jun 06, 2017 	10.520 	10.860 	10.860 	10.520 	2.77M 	-1.87%
Jun 05, 2017 	10.720 	10.620 	10.980 	10.500 	10.11M 	0.37%
Jun 02, 2017 	10.680 	11.080 	11.100 	10.680 	4.73M 	-3.61%
Jun 01, 2017 	11.080 	10.800 	11.180 	10.660 	15.60M 	0.91%
May 31, 2017 	10.980 	11.300 	11.420 	10.800 	30.16M 	-2.49%
May 30, 2017 	11.260 	10.980 	11.320 	10.940 	25.84M 	2.55%
May 29, 2017 	10.980 	10.800 	11.000 	10.780 	18.20M 	2.04%
May 26, 2017 	10.760 	10.660 	10.800 	10.500 	5.07M 	0.56%
May 25, 2017 	10.700 	10.520 	10.860 	10.480 	13.76M 	1.71%
May 24, 2017 	10.520 	10.420 	10.580 	10.260 	9.24M 	0.96%
May 23, 2017 	10.420 	10.680 	10.700 	10.400 	7.21M 	-2.25%
May 22, 2017 	10.660 	10.700 	10.720 	10.560 	11.16M 	-0.19%
May 19, 2017 	10.680 	10.440 	10.700 	10.400 	16.31M 	2.69%
May 18, 2017 	10.400 	10.520 	10.520 	10.160 	12.52M 	-0.95%
May 17, 2017 	10.500 	10.400 	10.520 	10.320 	18.55M 	1.74%
May 16, 2017 	10.320 	10.320 	10.440 	10.280 	21.63M 	3.20%
May 15, 2017 	10.000 	9.970 	10.080 	9.970 	7.53M 	0.20%
May 12, 2017 	9.980 	9.980 	9.980 	9.710 	4.43M 	0.40%
May 11, 2017 	9.940 	9.480 	10.080 	9.480 	19.77M 	4.96%
May 10, 2017 	9.470 	9.740 	9.860 	9.460 	12.03M 	-2.57%
May 09, 2017 	9.720 	9.900 	10.100 	9.700 	21.76M 	0.73%
May 08, 2017 	9.650 	9.040 	9.650 	9.010 	20.12M 	7.22%
May 05, 2017 	9.000 	9.120 	9.120 	8.950 	8.31M 	-2.07%
May 04, 2017 	9.190 	9.140 	9.200 	9.090 	4.17M 	0.55%
May 03, 2017 	9.140 	9.250 	9.250 	9.100 	6.70M 	-1.30%
May 02, 2017 	9.260 	9.150 	9.270 	9.150 	10.72M 	1.65%
Apr 27, 2017 	9.110 	9.020 	9.180 	8.950 	18.53M 	1.79%
Apr 26, 2017 	8.950 	8.910 	9.000 	8.910 	4.89M 	1.70%
Apr 25, 2017 	8.800 	8.800 	8.870 	8.790 	6.67M 	0.00%
Apr 24, 2017 	8.800 	8.940 	8.940 	8.780 	7.77M 	-1.68%
Apr 21, 2017 	8.950 	8.960 	9.050 	8.940 	9.76M 	-0.11%
Apr 20, 2017 	8.960 	8.980 	9.000 	8.950 	4.15M 	-0.44%
Apr 19, 2017 	9.000 	9.080 	9.080 	8.950 	6.26M 	-0.66%
Apr 18, 2017 	9.060 	9.060 	9.250 	9.050 	1.49M 	0.00%
Apr 17, 2017 	9.060 	9.280 	9.300 	9.020 	1.33M 	-2.05%
Apr 12, 2017 	9.250 	9.100 	9.250 	9.050 	6.25M 	2.21%
Apr 11, 2017 	9.050 	9.000 	9.140 	9.000 	2.89M 	0.89%
Apr 10, 2017 	8.970 	8.850 	9.000 	8.810 	950.80K 	2.28%
Apr 07, 2017 	8.770 	8.810 	8.850 	8.740 	4.46M 	1.74%
Apr 06, 2017 	8.620 	8.840 	8.900 	8.620 	4.31M 	-2.49%
Apr 05, 2017 	8.840 	8.750 	9.030 	8.750 	4.05M 	1.14%
Apr 04, 2017 	8.740 	8.630 	8.790 	8.630 	2.76M 	1.39%
Apr 03, 2017 	8.620 	8.900 	8.900 	8.590 	7.49M 	-3.15%
Mar 31, 2017 	8.900 	8.900 	8.900 	8.720 	353.70K 	1.37%
Mar 30, 2017 	8.780 	8.800 	8.910 	8.750 	2.19M 	-0.23%
Mar 29, 2017 	8.800 	9.000 	9.000 	8.800 	3.67M 	-2.22%
Mar 28, 2017 	9.000 	9.000 	9.080 	8.980 	2.16M 	0.00%
Mar 27, 2017 	9.000 	9.060 	9.060 	8.960 	1.09M 	0.00%
Mar 24, 2017 	9.000 	9.000 	9.070 	8.990 	2.30M 	0.00%
Mar 23, 2017 	9.000 	8.900 	9.080 	8.830 	2.51M 	1.12%
Mar 22, 2017 	8.900 	9.100 	9.100 	8.870 	3.40M 	-2.52%
Mar 21, 2017 	9.130 	9.160 	9.300 	9.120 	2.29M 	0.00%
Mar 20, 2017 	9.130 	9.100 	9.160 	9.060 	6.25M 	0.33%
Mar 17, 2017 	9.100 	9.000 	9.140 	9.000 	4.34M 	1.56%
Mar 16, 2017 	8.960 	8.870 	9.060 	8.870 	5.34M 	1.82%
Mar 15, 2017 	8.800 	8.760 	9.080 	8.760 	21.23M 	1.15%
Mar 14, 2017 	8.700 	8.650 	8.830 	8.640 	9.87M 	0.58%
Mar 13, 2017 	8.650 	8.630 	8.700 	8.580 	2.78M 	0.93%
Mar 10, 2017 	8.570 	8.700 	8.710 	8.570 	3.22M 	-1.27%
Mar 09, 2017 	8.680 	8.960 	8.960 	8.650 	5.29M 	-0.23%
Mar 08, 2017 	8.700 	9.020 	9.020 	8.700 	1.15M 	-3.33%
Mar 07, 2017 	9.000 	9.000 	9.060 	8.990 	1.52M 	0.22%
Mar 06, 2017 	8.980 	8.880 	9.020 	8.880 	3.84M 	1.24%
Mar 03, 2017 	8.870 	8.780 	8.870 	8.780 	1.50M 	1.03%
Mar 02, 2017 	8.780 	8.800 	8.800 	8.730 	1.80M 	1.39%
Mar 01, 2017 	8.660 	8.820 	8.820 	8.660 	1.35M 	-0.46%
Feb 28, 2017 	8.700 	8.770 	8.890 	8.700 	2.71M 	-0.80%
Feb 27, 2017 	8.770 	9.000 	9.030 	8.690 	4.49M 	-2.56%
Feb 24, 2017 	9.000 	9.000 	9.030 	8.990 	4.91M 	1.47%
Feb 23, 2017 	8.870 	9.100 	9.150 	8.870 	4.75M 	-0.34%
Feb 22, 2017 	8.900 	9.160 	9.440 	8.900 	11.34M 	-2.20%
Feb 21, 2017 	9.100 	9.200 	9.200 	9.100 	1.96M 	-1.09%
Feb 20, 2017 	9.200 	9.200 	9.200 	9.150 	631.40K 	0.55%
Feb 17, 2017 	9.150 	9.290 	9.390 	9.110 	3.10M 	-1.51%
Feb 16, 2017 	9.290 	9.300 	9.300 	9.280 	1.76M 	0.98%
Feb 15, 2017 	9.200 	9.300 	9.330 	9.200 	3.19M 	-1.08%
Feb 14, 2017 	9.300 	9.270 	9.320 	9.270 	1.83M 	0.43%
Feb 13, 2017 	9.260 	9.450 	9.510 	9.250 	2.93M 	-2.53%
Feb 10, 2017 	9.500 	9.460 	9.500 	9.450 	572.60K 	0.21%
Feb 09, 2017 	9.480 	9.480 	9.490 	9.430 	1.73M 	0.32%
Feb 08, 2017 	9.450 	9.500 	9.500 	9.350 	1.66M 	0.00%
Feb 07, 2017 	9.450 	9.500 	9.620 	9.400 	2.47M 	-0.42%
Feb 06, 2017 	9.490 	9.410 	9.550 	9.410 	3.25M 	1.39%
Feb 03, 2017 	9.360 	9.300 	9.410 	9.300 	1.67M 	0.75%
Feb 02, 2017 	9.290 	9.300 	9.440 	9.290 	7.85M 	0.43%
Feb 01, 2017 	9.250 	9.300 	9.380 	9.250 	3.57M 	-0.43%
Jan 31, 2017 	9.290 	9.500 	9.500 	9.290 	6.05M 	-1.38%
Jan 30, 2017 	9.420 	9.500 	9.620 	9.390 	3.54M 	0.00%
Jan 27, 2017 	9.420 	9.680 	9.680 	9.410 	6.38M 	-2.69%
Jan 26, 2017 	9.680 	9.690 	9.750 	9.630 	1.29M 	-0.10%
Jan 25, 2017 	9.690 	9.780 	9.780 	9.680 	1.05M 	1.04%
Jan 24, 2017 	9.590 	9.740 	9.740 	9.590 	5.95M 	-1.13%
Jan 23, 2017 	9.700 	9.590 	9.800 	9.590 	3.53M 	1.46%
Jan 20, 2017 	9.560 	9.600 	9.600 	9.540 	6.28M 	0.00%
Jan 19, 2017 	9.560 	9.520 	9.630 	9.500 	983.00K 	1.06%
Jan 18, 2017 	9.460 	9.730 	9.730 	9.460 	3.27M 	-1.97%
Jan 17, 2017 	9.650 	9.740 	9.740 	9.650 	2.16M 	-0.92%
Jan 16, 2017 	9.740 	9.730 	9.800 	9.680 	3.22M 	0.41%
Jan 13, 2017 	9.700 	9.840 	9.900 	9.700 	4.55M 	-1.62%
Jan 12, 2017 	9.860 	9.820 	9.920 	9.820 	7.01M 	1.23%
Jan 11, 2017 	9.740 	9.710 	9.880 	9.710 	4.39M 	-0.71%
Jan 10, 2017 	9.810 	9.780 	9.940 	9.700 	8.52M 	0.31%
Jan 09, 2017 	9.780 	9.690 	9.900 	9.650 	5.69M 	0.31%
Jan 06, 2017 	9.750 	10.200 	10.260 	9.680 	24.48M 	-5.34%
Jan 05, 2017 	10.300 	10.220 	10.320 	10.200 	5.86M 	0.98%
Jan 04, 2017 	10.200 	10.100 	10.300 	10.000 	7.49M 	0.99%
Jan 03, 2017 	10.100 	9.950 	10.200 	9.950 	846.70K 	1.51%
Dec 29, 2016 	9.950 	10.000 	10.000 	9.820 	628.20K 	1.53%
Dec 28, 2016 	9.800 	9.940 	10.200 	9.800 	1.37M 	-2.00%
Dec 27, 2016 	10.000 	9.580 	10.000 	9.580 	894.00K 	4.38%
Dec 23, 2016 	9.580 	9.600 	9.600 	9.560 	2.77M 	-0.21%
Dec 22, 2016 	9.600 	9.900 	9.940 	9.580 	3.76M 	-3.03%
Dec 21, 2016 	9.900 	9.840 	10.120 	9.840 	3.57M 	0.61%
Dec 20, 2016 	9.840 	10.260 	10.260 	9.830 	2.80M 	-4.09%
Dec 19, 2016 	10.260 	10.280 	10.280 	10.100 	758.00K 	-0.19%
Dec 16, 2016 	10.280 	10.200 	10.280 	10.120 	1.72M 	0.78%
Dec 15, 2016 	10.200 	10.380 	10.380 	9.960 	1.05M 	-1.92%
Dec 14, 2016 	10.400 	10.460 	10.500 	10.320 	3.71M 	-0.95%
Dec 13, 2016 	10.500 	10.300 	10.580 	10.100 	6.07M 	1.94%
Dec 12, 2016 	10.300 	10.000 	10.400 	9.940 	10.36M 	5.32%
Dec 09, 2016 	9.780 	9.960 	9.960 	9.660 	612.40K 	-1.81%
Dec 08, 2016 	9.960 	9.390 	9.960 	9.390 	6.04M 	6.07%
Dec 07, 2016 	9.390 	9.670 	9.670 	9.390 	2.27M 	-1.16%
Dec 06, 2016 	9.500 	9.530 	9.770 	9.500 	1.33M 	0.00%
Dec 05, 2016 	9.500 	10.120 	10.120 	9.500 	9.72M 	-6.13%
Dec 02, 2016 	10.120 	9.970 	10.180 	9.970 	12.75M 	2.74%
Dec 01, 2016 	9.850 	9.550 	9.910 	9.440 	11.60M 	5.91%
Nov 29, 2016 	9.300 	9.120 	9.300 	9.120 	645.30K 	2.09%
Nov 28, 2016 	9.110 	9.220 	9.320 	9.070 	1.95M 	-0.55%
Nov 25, 2016 	9.160 	9.190 	9.250 	9.150 	522.40K 	-0.33%
Nov 24, 2016 	9.190 	9.150 	9.200 	9.100 	1.79M 	0.99%
Nov 23, 2016 	9.100 	9.290 	9.300 	9.000 	5.90M 	-2.05%
Nov 22, 2016 	9.290 	9.400 	9.500 	9.290 	3.86M 	-1.17%
Nov 21, 2016 	9.400 	9.680 	9.700 	9.400 	1.14M 	-3.09%
Nov 18, 2016 	9.700 	9.420 	9.700 	9.420 	1.35M 	3.19%
Nov 17, 2016 	9.400 	9.420 	9.680 	9.380 	2.14M 	0.21%
Nov 16, 2016 	9.380 	9.400 	9.800 	9.360 	3.92M 	0.64%
Nov 15, 2016 	9.320 	9.600 	9.600 	9.320 	1.40M 	-1.48%
Nov 14, 2016 	9.460 	9.540 	9.580 	9.460 	1.05M 	-0.84%
Nov 11, 2016 	9.540 	9.650 	9.890 	9.510 	1.69M 	-0.63%
Nov 10, 2016 	9.600 	9.770 	10.020 	9.600 	2.81M 	-1.03%
Nov 09, 2016 	9.700 	10.100 	10.220 	9.690 	4.57M 	-3.96%
Nov 08, 2016 	10.100 	10.100 	10.300 	10.080 	1.26M 	0.00%
Nov 07, 2016 	10.100 	10.240 	10.240 	10.020 	1.42M 	-1.37%
Nov 04, 2016 	10.240 	10.240 	10.280 	10.100 	1.15M 	0.00%
Nov 03, 2016 	10.240 	10.280 	10.300 	10.160 	1.45M 	-0.39%
Nov 02, 2016 	10.280 	10.360 	10.360 	10.180 	685.80K 	-0.96%
Oct 28, 2016 	10.380 	10.500 	10.620 	10.280 	1.66M 	-1.14%
Oct 27, 2016 	10.500 	10.280 	10.700 	10.220 	10.39M 	2.94%
Oct 26, 2016 	10.200 	10.500 	10.540 	10.200 	1.65M 	-3.04%
Oct 25, 2016 	10.520 	10.560 	10.660 	10.520 	1.49M 	-0.38%
Oct 24, 2016 	10.560 	10.600 	10.740 	10.560 	507.60K 	-1.68%
Oct 21, 2016 	10.740 	10.560 	10.740 	10.520 	2.40M 	1.70%
Oct 20, 2016 	10.560 	10.580 	10.780 	10.540 	4.43M 	0.57%
Oct 19, 2016 	10.500 	10.600 	10.700 	10.500 	5.85M 	-0.94%
Oct 18, 2016 	10.600 	10.500 	10.680 	10.500 	2.12M 	0.95%
Oct 17, 2016 	10.500 	10.600 	10.600 	10.440 	1.52M 	-1.69%
Oct 14, 2016 	10.680 	10.200 	10.700 	10.180 	3.42M 	3.09%
Oct 13, 2016 	10.360 	10.300 	10.360 	10.140 	1.26M 	-0.38%
Oct 12, 2016 	10.400 	10.640 	10.640 	10.400 	3.98M 	-3.70%
Oct 11, 2016 	10.800 	10.580 	10.920 	10.580 	6.62M 	2.86%
Oct 10, 2016 	10.500 	10.560 	10.560 	10.320 	2.18M 	-0.94%
Oct 07, 2016 	10.600 	10.600 	10.820 	10.540 	10.51M 	0.95%
Oct 06, 2016 	10.500 	10.380 	10.860 	10.360 	18.76M 	1.55%
Oct 05, 2016 	10.340 	10.200 	10.360 	10.180 	4.37M 	1.37%
Oct 04, 2016 	10.200 	10.240 	10.260 	10.140 	771.20K 	-0.39%
Oct 03, 2016 	10.240 	10.200 	10.300 	10.140 	2.80M 	0.59%
Sep 30, 2016 	10.180 	10.240 	10.360 	10.120 	4.71M 	0.20%
Sep 29, 2016 	10.160 	10.000 	10.380 	10.000 	12.19M 	3.89%
Sep 28, 2016 	9.780 	9.800 	9.960 	9.730 	4.19M 	-0.20%
Sep 27, 2016 	9.800 	9.980 	9.980 	9.760 	1.39M 	-1.80%
Sep 26, 2016 	9.980 	10.200 	10.200 	9.960 	1.86M 	-2.54%
Sep 23, 2016 	10.240 	10.300 	10.460 	10.220 	2.47M 	-0.58%
Sep 22, 2016 	10.300 	10.460 	10.460 	10.260 	5.07M 	-1.53%
Sep 21, 2016 	10.460 	10.400 	10.520 	10.120 	6.08M 	0.58%
Sep 20, 2016 	10.400 	10.300 	10.460 	10.260 	2.32M 	1.17%
Sep 19, 2016 	10.280 	10.220 	10.400 	9.960 	5.91M 	0.78%
Sep 16, 2016 	10.200 	9.950 	10.300 	9.950 	15.04M 	2.93%
Sep 15, 2016 	9.910 	9.400 	9.910 	9.400 	3.70M 	5.43%
Sep 14, 2016 	9.400 	9.450 	9.470 	9.240 	2.99M 	-0.53%
Sep 13, 2016 	9.450 	9.610 	9.720 	9.450 	4.65M 	-1.56%
Sep 09, 2016 	9.600 	9.790 	9.820 	9.600 	3.70M 	-0.52%
Sep 08, 2016 	9.650 	9.680 	10.000 	9.600 	7.45M 	-0.41%
Sep 07, 2016 	9.690 	10.040 	10.040 	9.670 	9.03M 	-2.12%
Sep 06, 2016 	9.900 	10.240 	10.240 	9.890 	7.73M 	-1.98%
Sep 05, 2016 	10.100 	10.080 	10.240 	9.940 	8.17M 	1.81%
Sep 02, 2016 	9.920 	10.120 	10.240 	9.920 	9.44M 	-1.59%
Sep 01, 2016 	10.080 	10.100 	10.260 	9.950 	15.79M 	0.20%
Aug 31, 2016 	10.060 	10.480 	10.580 	10.060 	17.08M 	-4.01%
Aug 30, 2016 	10.480 	10.880 	10.900 	10.460 	4.18M 	-4.55%
Aug 26, 2016 	10.980 	10.980 	10.980 	10.800 	3.12M 	0.00%
Aug 25, 2016 	10.980 	11.000 	11.000 	10.880 	1.39M 	-0.90%
Aug 24, 2016 	11.080 	11.080 	11.200 	11.020 	3.86M 	0.00%
Aug 23, 2016 	11.080 	11.280 	11.280 	11.060 	1.74M 	-1.95%
Aug 22, 2016 	11.300 	11.360 	11.360 	11.300 	4.73M 	-0.53%
Aug 19, 2016 	11.360 	11.360 	11.460 	11.340 	7.20M 	0.35%
Aug 18, 2016 	11.320 	11.220 	11.320 	11.100 	1.20M 	0.89%
Aug 17, 2016 	11.220 	11.380 	11.380 	10.900 	4.55M 	-1.58%
Aug 16, 2016 	11.400 	11.300 	11.460 	11.260 	5.75M 	0.88%
Aug 15, 2016 	11.300 	11.320 	11.320 	11.120 	2.83M 	-0.18%
Aug 12, 2016 	11.320 	11.200 	11.320 	11.020 	2.78M 	1.98%
Aug 11, 2016 	11.100 	11.400 	11.400 	11.000 	2.81M 	-3.14%
Aug 10, 2016 	11.460 	11.200 	11.600 	11.160 	9.10M 	2.32%
Aug 09, 2016 	11.200 	10.720 	11.200 	10.720 	8.69M 	4.87%
Aug 08, 2016 	10.680 	10.720 	10.780 	10.500 	3.01M 	-0.37%
Aug 05, 2016 	10.720 	10.600 	10.760 	10.500 	1.84M 	1.52%
Aug 04, 2016 	10.560 	10.580 	10.620 	10.460 	4.27M 	3.73%
Aug 03, 2016 	10.180 	10.340 	10.500 	10.180 	2.73M 	-1.55%
Aug 02, 2016 	10.340 	10.720 	10.720 	10.300 	6.14M 	-3.54%
Aug 01, 2016 	10.720 	10.680 	10.840 	10.660 	2.33M 	0.37%
Jul 29, 2016 	10.680 	10.780 	10.860 	10.680 	3.49M 	-0.93%
Jul 28, 2016 	10.780 	10.940 	10.940 	10.600 	6.32M 	-1.46%
Jul 27, 2016 	10.940 	11.080 	11.080 	10.840 	3.26M 	-1.26%
Jul 26, 2016 	11.080 	11.200 	11.220 	11.040 	3.32M 	-1.77%
Jul 25, 2016 	11.280 	11.300 	11.300 	11.200 	2.96M 	-0.18%
Jul 22, 2016 	11.300 	11.300 	11.320 	11.260 	2.30M 	0.00%
Jul 21, 2016 	11.300 	11.100 	11.380 	11.000 	2.54M 	1.80%
Jul 20, 2016 	11.100 	11.040 	11.100 	10.980 	2.58M 	0.18%
Jul 19, 2016 	11.080 	11.040 	11.080 	10.960 	1.22M 	0.54%
Jul 18, 2016 	11.020 	11.200 	11.200 	11.000 	1.87M 	-1.78%
Jul 15, 2016 	11.220 	11.020 	11.260 	11.000 	6.62M 	1.08%
Jul 14, 2016 	11.100 	11.000 	11.100 	10.780 	2.38M 	0.00%
Jul 13, 2016 	11.100 	10.800 	11.100 	10.760 	11.54M 	3.16%
Jul 12, 2016 	10.760 	10.140 	10.800 	10.140 	18.16M 	6.53%
Jul 11, 2016 	10.100 	10.340 	10.360 	10.000 	10.00M 	-1.75%
Jul 08, 2016 	10.280 	10.500 	10.660 	10.200 	7.11M 	-1.72%
Jul 07, 2016 	10.460 	10.700 	10.840 	10.460 	8.64M 	-1.88%
Jul 05, 2016 	10.660 	10.800 	10.960 	10.640 	15.20M 	-1.11%
Jul 04, 2016 	10.780 	11.020 	11.020 	10.780 	7.89M 	-2.00%
Jul 01, 2016 	11.000 	11.020 	11.100 	10.980 	1.14M 	-1.26%
Jun 30, 2016 	11.140 	11.080 	11.360 	10.840 	6.48M 	1.83%
Jun 29, 2016 	10.940 	10.920 	11.100 	10.920 	4.15M 	1.30%
Jun 28, 2016 	10.800 	11.060 	11.080 	10.800 	1.82M 	-2.35%
Jun 27, 2016 	11.060 	10.880 	11.140 	10.700 	6.65M 	1.28%
Jun 24, 2016 	10.920 	11.380 	11.380 	10.780 	10.25M 	-3.53%
Jun 23, 2016 	11.320 	11.400 	11.480 	11.320 	1.58M 	-0.53%
Jun 22, 2016 	11.380 	11.500 	11.520 	11.380 	1.99M 	-1.22%
Jun 21, 2016 	11.520 	11.600 	11.640 	11.480 	2.16M 	-0.69%
Jun 20, 2016 	11.600 	11.640 	11.640 	11.420 	1.78M 	-0.51%
Jun 17, 2016 	11.660 	11.100 	11.700 	11.080 	5.33M 	4.86%
Jun 16, 2016 	11.120 	11.000 	11.340 	11.000 	2.31M 	1.09%
Jun 15, 2016 	11.000 	11.100 	11.140 	10.900 	12.11M 	-1.61%
Jun 14, 2016 	11.180 	11.240 	11.260 	10.780 	5.75M 	1.08%
Jun 13, 2016 	11.060 	11.600 	11.600 	11.040 	14.69M 	-4.66%
Jun 10, 2016 	11.600 	11.800 	11.960 	11.600 	11.22M 	-1.69%
Jun 09, 2016 	11.800 	11.860 	11.900 	11.780 	7.67M 	-0.51%
Jun 08, 2016 	11.860 	11.820 	11.900 	11.740 	5.22M 	0.34%
Jun 07, 2016 	11.820 	11.700 	11.920 	11.700 	10.13M 	1.03%
Jun 06, 2016 	11.700 	11.800 	11.860 	11.700 	3.89M 	-0.85%
Jun 03, 2016 	11.800 	11.800 	11.860 	11.500 	9.17M 	0.00%
Jun 02, 2016 	11.800 	11.880 	11.940 	11.500 	4.21M 	-0.67%
Jun 01, 2016 	11.880 	11.700 	11.920 	11.500 	3.95M 	1.54%
May 31, 2016 	11.700 	11.420 	11.800 	11.400 	14.63M 	1.74%
May 30, 2016 	11.500 	11.500 	11.500 	11.400 	1.97M 	0.00%
May 27, 2016 	11.500 	11.480 	11.500 	11.420 	1.67M 	0.17%
May 26, 2016 	11.480 	11.500 	11.540 	11.380 	5.03M 	0.17%
May 25, 2016 	11.460 	11.220 	11.500 	11.220 	5.09M 	2.32%
May 24, 2016 	11.200 	11.300 	11.300 	10.980 	3.11M 	-0.18%
May 23, 2016 	11.220 	11.120 	11.400 	10.900 	4.66M 	1.08%
May 20, 2016 	11.100 	11.400 	11.500 	11.100 	3.16M 	-3.48%
May 19, 2016 	11.500 	11.600 	11.600 	11.300 	3.72M 	-0.86%
May 18, 2016 	11.600 	11.600 	11.800 	11.540 	11.17M 	0.35%
May 17, 2016 	11.560 	11.500 	11.640 	11.280 	8.44M 	0.52%
May 16, 2016 	11.500 	11.460 	11.700 	11.400 	7.24M 	0.35%
May 13, 2016 	11.460 	10.940 	11.740 	10.860 	27.06M 	4.56%
May 12, 2016 	10.960 	10.940 	11.000 	10.800 	4.67M 	-0.18%
May 11, 2016 	10.980 	10.780 	10.980 	10.620 	4.99M 	1.86%
May 10, 2016 	10.780 	10.500 	10.780 	10.380 	3.20M 	2.67%
May 06, 2016 	10.500 	10.700 	10.760 	10.300 	7.12M 	-1.32%
May 05, 2016 	10.640 	10.680 	10.720 	10.580 	4.02M 	-0.75%
May 04, 2016 	10.720 	10.620 	10.760 	10.400 	3.43M 	0.94%
May 03, 2016 	10.620 	10.640 	10.660 	10.360 	2.68M 	-0.19%
May 02, 2016 	10.640 	10.640 	10.640 	10.500 	2.08M 	-0.19%
Apr 29, 2016 	10.660 	10.680 	10.800 	10.600 	1.22M 	-0.19%
Apr 28, 2016 	10.680 	10.560 	10.800 	10.540 	5.78M 	1.33%
Apr 27, 2016 	10.540 	10.760 	10.800 	10.420 	3.15M 	-1.50%
Apr 26, 2016 	10.700 	10.740 	10.780 	10.660 	1.71M 	0.00%
Apr 25, 2016 	10.700 	10.660 	11.000 	10.660 	4.92M 	-0.93%
Apr 22, 2016 	10.800 	11.000 	11.000 	10.780 	20.81M 	-1.82%
Apr 21, 2016 	11.000 	11.040 	11.100 	10.960 	11.21M 	0.92%
Apr 20, 2016 	10.900 	10.960 	11.060 	10.680 	5.15M 	0.00%
Apr 19, 2016 	10.900 	10.280 	10.900 	10.280 	6.54M 	7.07%
Apr 18, 2016 	10.180 	10.700 	10.700 	10.180 	16.23M 	-7.45%
Apr 15, 2016 	11.000 	11.100 	11.100 	10.940 	3.19M 	-1.26%
Apr 14, 2016 	11.140 	10.860 	11.160 	10.840 	10.71M 	2.39%
Apr 13, 2016 	10.880 	10.840 	10.920 	10.740 	4.96M 	0.93%
Apr 12, 2016 	10.780 	10.780 	10.780 	10.680 	2.06M 	0.00%
Apr 11, 2016 	10.780 	10.700 	10.840 	10.700 	5.19M 	1.13%
Apr 08, 2016 	10.660 	10.520 	10.660 	10.300 	5.76M 	0.95%
Apr 07, 2016 	10.560 	10.300 	10.600 	10.200 	14.82M 	3.53%
Apr 06, 2016 	10.200 	9.980 	10.260 	9.900 	11.06M 	3.03%
Apr 05, 2016 	9.900 	9.810 	9.900 	9.610 	5.37M 	0.41%
Apr 04, 2016 	9.860 	10.300 	10.320 	9.860 	16.37M 	-4.83%
Apr 01, 2016 	10.360 	10.300 	10.480 	10.300 	2.30M 	0.58%
Mar 31, 2016 	10.300 	10.380 	10.560 	10.300 	6.67M 	-1.53%
Mar 30, 2016 	10.460 	10.520 	10.620 	10.300 	8.67M 	-0.57%
Mar 29, 2016 	10.520 	10.620 	10.700 	10.500 	1.39M 	-0.75%
Mar 28, 2016 	10.600 	10.860 	10.860 	10.380 	8.20M 	-3.28%
Mar 23, 2016 	10.960 	10.540 	10.960 	10.540 	16.54M 	3.59%
Mar 22, 2016 	10.580 	10.320 	10.620 	10.200 	14.19M 	2.72%
Mar 21, 2016 	10.300 	10.300 	10.400 	10.200 	9.94M 	0.00%
Mar 18, 2016 	10.300 	10.200 	10.360 	10.180 	10.09M 	1.38%
Mar 17, 2016 	10.160 	10.180 	10.260 	10.000 	8.34M 	1.80%
Mar 16, 2016 	9.980 	10.080 	10.400 	9.910 	12.65M 	-0.99%
Mar 15, 2016 	10.080 	10.240 	10.400 	9.950 	13.85M 	-1.95%
Mar 14, 2016 	10.280 	10.300 	10.480 	10.040 	7.84M 	-0.19%
Mar 11, 2016 	10.300 	10.440 	10.440 	10.280 	5.36M 	-1.53%
Mar 10, 2016 	10.460 	10.480 	10.520 	10.360 	3.94M 	0.19%
Mar 09, 2016 	10.440 	10.200 	10.540 	10.140 	12.45M 	1.36%
Mar 08, 2016 	10.300 	10.100 	10.480 	10.000 	18.10M 	3.00%
Mar 07, 2016 	10.000 	9.990 	10.180 	9.920 	6.26M 	1.01%
Mar 04, 2016 	9.900 	9.980 	10.000 	9.800 	8.17M 	0.00%
Mar 03, 2016 	9.900 	9.500 	9.970 	9.450 	20.68M 	5.21%
Mar 02, 2016 	9.410 	9.090 	9.500 	9.090 	18.72M 	3.52%
Mar 01, 2016 	9.090 	9.050 	9.160 	8.890 	3.00M 	0.44%
Feb 29, 2016 	9.050 	8.710 	9.150 	8.710 	12.06M 	4.02%
Feb 26, 2016 	8.700 	8.990 	8.990 	8.670 	11.27M 	-3.55%
Feb 24, 2016 	9.020 	9.220 	9.250 	8.860 	17.23M 	-3.01%
Feb 23, 2016 	9.300 	9.630 	9.630 	9.240 	12.06M 	-2.00%
Feb 22, 2016 	9.490 	9.180 	9.630 	9.040 	21.77M 	3.15%
Feb 19, 2016 	9.200 	8.940 	9.280 	8.850 	19.59M 	2.79%
Feb 18, 2016 	8.950 	8.580 	9.080 	8.580 	19.26M 	4.43%
Feb 17, 2016 	8.570 	8.510 	8.700 	8.400 	10.74M 	0.82%
Feb 16, 2016 	8.500 	8.420 	8.900 	8.310 	24.19M 	0.95%
Feb 15, 2016 	8.420 	7.820 	8.430 	7.820 	22.39M 	10.21%
Feb 12, 2016 	7.640 	7.050 	7.920 	6.890 	49.39M 	7.45%
Feb 11, 2016 	7.110 	6.700 	7.160 	6.700 	23.21M 	6.12%
Feb 10, 2016 	6.700 	6.650 	6.760 	6.600 	2.72M 	1.21%
Feb 09, 2016 	6.620 	6.690 	6.690 	6.500 	537.70K 	-1.05%
Feb 05, 2016 	6.690 	6.540 	6.820 	6.540 	9.97M 	2.45%
Feb 04, 2016 	6.530 	6.310 	6.600 	6.310 	6.39M 	4.15%
Feb 03, 2016 	6.270 	6.460 	6.460 	6.260 	3.41M 	-3.54%
Feb 02, 2016 	6.500 	6.690 	6.780 	6.500 	7.08M 	-2.84%
Feb 01, 2016 	6.690 	6.500 	6.780 	6.500 	3.48M 	2.92%
Jan 29, 2016 	6.500 	6.480 	6.790 	6.320 	4.88M 	3.17%
Jan 28, 2016 	6.300 	5.940 	6.550 	5.900 	14.42M 	6.78%
Jan 27, 2016 	5.900 	5.700 	5.930 	5.700 	1.83M 	3.69%
Jan 26, 2016 	5.690 	5.880 	5.880 	5.600 	1.25M 	-3.56%
Jan 25, 2016 	5.900 	5.710 	5.900 	5.580 	6.60M 	6.12%
Jan 22, 2016 	5.560 	5.460 	5.630 	5.450 	7.69M 	3.73%
Jan 21, 2016 	5.360 	5.490 	5.490 	5.220 	3.41M 	-2.37%
Jan 20, 2016 	5.490 	5.500 	5.570 	5.470 	1.71M 	-0.54%
Jan 19, 2016 	5.520 	5.480 	5.620 	5.480 	3.11M 	0.73%
Jan 18, 2016 	5.480 	5.700 	5.700 	5.400 	4.19M 	-4.36%
Jan 15, 2016 	5.730 	5.900 	5.930 	5.720 	4.08M 	-2.05%
Jan 14, 2016 	5.850 	5.900 	5.960 	5.800 	2.14M 	-0.85%
Jan 13, 2016 	5.900 	5.850 	6.100 	5.850 	2.99M 	0.85%
Jan 12, 2016 	5.850 	5.850 	6.000 	5.690 	3.00M 	0.00%
Jan 11, 2016 	5.850 	6.440 	6.440 	5.840 	2.61M 	-9.44%
Jan 08, 2016 	6.460 	6.450 	6.790 	6.410 	2.02M 	0.78%
Jan 07, 2016 	6.410 	6.840 	6.840 	6.410 	3.13M 	-6.15%
Jan 06, 2016 	6.830 	6.900 	6.920 	6.830 	1.33M 	-1.01%
Jan 05, 2016 	6.900 	6.970 	7.000 	6.870 	942.10K 	-1.00%
Jan 04, 2016 	6.970 	6.990 	7.020 	6.950 	1.41M 	-0.29%
Dec 29, 2015 	6.990 	7.150 	7.200 	6.990 	6.21M 	-1.69%
Dec 28, 2015 	7.110 	7.050 	7.150 	7.000 	8.37M 	1.86%
Dec 23, 2015 	6.980 	6.940 	7.050 	6.940 	1.02M 	0.58%
Dec 22, 2015 	6.940 	6.980 	7.120 	6.940 	1.19M 	-0.57%
Dec 21, 2015 	6.980 	7.000 	7.150 	6.970 	686.80K 	-0.29%
Dec 18, 2015 	7.000 	6.970 	7.060 	6.970 	1.49M 	0.00%
Dec 17, 2015 	7.000 	7.140 	7.140 	7.000 	628.20K 	-0.28%
Dec 16, 2015 	7.020 	7.000 	7.050 	6.980 	1.44M 	0.29%
Dec 15, 2015 	7.000 	7.120 	7.250 	6.990 	418.20K 	-1.69%
Dec 14, 2015 	7.120 	7.020 	7.120 	6.990 	650.30K 	1.42%
Dec 11, 2015 	7.020 	7.150 	7.150 	7.020 	630.40K 	-1.82%
Dec 10, 2015 	7.150 	7.300 	7.360 	7.150 	368.50K 	-0.83%
Dec 09, 2015 	7.210 	7.250 	7.390 	7.210 	91.50K 	-0.14%
Dec 08, 2015 	7.220 	7.240 	7.250 	7.180 	1.95M 	-0.82%
Dec 07, 2015 	7.280 	7.360 	7.450 	7.250 	631.20K 	-1.09%
Dec 04, 2015 	7.360 	7.370 	7.450 	7.310 	1.34M 	-0.14%
Dec 03, 2015 	7.370 	7.460 	7.460 	7.370 	926.60K 	-1.47%
Dec 02, 2015 	7.480 	7.470 	7.600 	7.430 	992.80K 	0.13%
Dec 01, 2015 	7.470 	7.600 	7.600 	7.410 	734.70K 	0.13%
Nov 27, 2015 	7.460 	7.720 	7.750 	7.460 	882.90K 	-2.48%
Nov 26, 2015 	7.650 	7.730 	7.840 	7.640 	882.60K 	-1.03%
Nov 25, 2015 	7.730 	7.520 	7.740 	7.520 	1.35M 	2.38%
Nov 24, 2015 	7.550 	7.690 	7.700 	7.520 	881.10K 	-1.82%
Nov 23, 2015 	7.690 	7.870 	7.940 	7.690 	762.60K 	-1.03%
Nov 20, 2015 	7.770 	7.850 	7.870 	7.700 	320.30K 	-0.38%
Nov 17, 2015 	7.800 	7.680 	7.970 	7.680 	715.20K 	4.00%
Nov 16, 2015 	7.500 	7.700 	7.700 	7.480 	1.28M 	-2.60%
Nov 13, 2015 	7.700 	7.900 	7.900 	7.630 	3.38M 	-3.63%
Nov 12, 2015 	7.990 	8.050 	8.180 	7.980 	656.10K 	-0.75%
Nov 11, 2015 	8.050 	8.140 	8.140 	8.000 	679.40K 	-0.62%
Nov 10, 2015 	8.100 	8.300 	8.300 	8.060 	1.42M 	-2.53%
Nov 09, 2015 	8.310 	8.350 	8.350 	8.220 	1.13M 	-0.48%
Nov 06, 2015 	8.350 	8.360 	8.420 	8.310 	1.46M 	-0.12%
Nov 05, 2015 	8.360 	8.290 	8.450 	8.290 	2.99M 	0.72%
Nov 04, 2015 	8.300 	8.300 	8.320 	8.270 	3.89M 	1.72%
Nov 03, 2015 	8.160 	8.120 	8.320 	8.120 	3.67M 	0.62%
Nov 02, 2015 	8.110 	8.090 	8.200 	7.950 	1.97M 	0.12%
Oct 30, 2015 	8.100 	8.120 	8.120 	7.940 	2.57M 	-1.10%
Oct 29, 2015 	8.190 	8.000 	8.330 	8.000 	6.26M 	2.89%
Oct 28, 2015 	7.960 	7.680 	8.030 	7.680 	7.83M 	5.29%
Oct 27, 2015 	7.560 	7.270 	7.690 	7.250 	5.13M 	4.28%
Oct 26, 2015 	7.250 	7.250 	7.390 	7.250 	940.30K 	0.00%
Oct 23, 2015 	7.250 	7.310 	7.330 	7.240 	1.11M 	-0.82%
Oct 22, 2015 	7.310 	7.360 	7.380 	7.280 	811.50K 	-0.68%
Oct 21, 2015 	7.360 	7.410 	7.410 	7.340 	356.90K 	-0.67%
Oct 20, 2015 	7.410 	7.420 	7.420 	7.350 	1.24M 	-0.13%
Oct 19, 2015 	7.420 	7.340 	7.420 	7.290 	1.50M 	1.09%
Oct 16, 2015 	7.340 	7.100 	7.340 	7.060 	5.66M 	4.56%
Oct 15, 2015 	7.020 	7.020 	7.090 	7.020 	711.60K 	0.14%
Oct 14, 2015 	7.010 	7.050 	7.240 	7.010 	1.57M 	-1.41%
Oct 13, 2015 	7.110 	7.300 	7.300 	7.010 	1.79M 	-3.13%
Oct 12, 2015 	7.340 	7.190 	7.490 	7.120 	1.13M 	3.38%
Oct 09, 2015 	7.100 	7.140 	7.350 	7.070 	1.58M 	1.43%
Oct 08, 2015 	7.000 	7.150 	7.200 	6.990 	2.60M 	1.45%
Oct 07, 2015 	6.900 	6.950 	7.110 	6.880 	4.90M 	2.22%
Oct 06, 2015 	6.750 	6.790 	6.940 	6.750 	1.17M 	-0.74%
Oct 05, 2015 	6.800 	6.840 	6.880 	6.800 	1.00M 	-0.58%
Oct 02, 2015 	6.840 	6.890 	6.890 	6.810 	1.07M 	-0.73%
Oct 01, 2015 	6.890 	6.940 	6.960 	6.880 	514.00K 	-0.86%
Sep 30, 2015 	6.950 	6.900 	7.000 	6.880 	3.16M 	0.72%
Sep 29, 2015 	6.900 	7.050 	7.050 	6.890 	1.18M 	-2.13%
Sep 28, 2015 	7.050 	6.900 	7.050 	6.880 	1.78M 	2.17%
Sep 24, 2015 	6.900 	6.900 	6.940 	6.860 	863.50K 	0.29%
Sep 23, 2015 	6.880 	6.920 	6.950 	6.870 	2.65M 	-0.58%
Sep 22, 2015 	6.920 	7.080 	7.080 	6.900 	4.33M 	-1.00%
Sep 21, 2015 	6.990 	7.000 	7.050 	6.900 	1.72M 	1.90%
Sep 18, 2015 	6.860 	7.000 	7.200 	6.860 	3.77M 	-0.58%
Sep 17, 2015 	6.900 	7.200 	7.250 	6.900 	4.33M 	-3.50%
Sep 16, 2015 	7.150 	7.200 	7.290 	7.150 	1.48M 	-0.42%
Sep 15, 2015 	7.180 	7.180 	7.290 	7.180 	1.09M 	-0.28%
Sep 14, 2015 	7.200 	7.150 	7.250 	7.150 	311.90K 	0.70%
Sep 11, 2015 	7.150 	7.280 	7.300 	7.150 	1.78M 	-1.79%
Sep 10, 2015 	7.280 	7.400 	7.450 	7.240 	806.30K 	-0.27%
Sep 09, 2015 	7.300 	7.510 	7.580 	7.300 	3.10M 	-1.35%
Sep 08, 2015 	7.400 	7.450 	7.580 	7.390 	1.61M 	-0.67%
Sep 07, 2015 	7.450 	7.590 	7.640 	7.450 	1.76M 	-0.67%
Sep 04, 2015 	7.500 	7.600 	7.620 	7.480 	1.91M 	-1.19%
Sep 03, 2015 	7.590 	7.640 	7.660 	7.560 	4.15M 	0.53%
Sep 02, 2015 	7.550 	7.650 	7.780 	7.500 	2.09M 	-2.08%
Sep 01, 2015 	7.710 	8.200 	8.340 	7.710 	6.48M 	-2.53%
Aug 28, 2015 	7.910 	7.800 	7.990 	7.800 	3.68M 	3.81%
Aug 27, 2015 	7.620 	7.800 	7.920 	7.600 	4.41M 	-2.31%
Aug 26, 2015 	7.800 	7.890 	7.890 	7.600 	1.53M 	-2.01%
Aug 25, 2015 	7.960 	7.410 	7.960 	7.400 	1.15M 	3.51%
Aug 24, 2015 	7.690 	8.000 	8.000 	7.400 	1.95M 	-6.11%
Aug 20, 2015 	8.190 	8.400 	8.400 	8.150 	636.40K 	-1.33%
Aug 19, 2015 	8.300 	8.150 	8.400 	8.080 	1.24M 	0.12%
Aug 18, 2015 	8.290 	8.300 	8.300 	8.030 	1.21M 	-0.72%
Aug 17, 2015 	8.350 	8.400 	8.400 	8.080 	1.34M 	-0.60%
Aug 14, 2015 	8.400 	8.500 	8.740 	8.310 	2.78M 	-1.18%
Aug 13, 2015 	8.500 	8.600 	8.620 	8.190 	5.14M 	-0.12%
Aug 12, 2015 	8.510 	8.880 	8.880 	8.470 	2.66M 	-5.34%
Aug 11, 2015 	8.990 	8.300 	9.000 	8.300 	13.55M 	10.99%
Aug 10, 2015 	8.100 	7.680 	8.400 	7.540 	11.15M 	5.47%
Aug 07, 2015 	7.680 	7.730 	7.770 	7.680 	4.80M 	-0.52%
Aug 06, 2015 	7.720 	7.720 	7.780 	7.700 	2.03M 	0.00%
Aug 05, 2015 	7.720 	7.750 	7.780 	7.690 	642.50K 	-0.39%
Aug 04, 2015 	7.750 	7.800 	7.840 	7.650 	4.04M 	-0.39%
Aug 03, 2015 	7.780 	7.650 	7.880 	7.480 	7.24M 	-22.20%
Jul 31, 2015 	10.000 	7.450 	10.000 	7.320 	9.28M 	34.23%
Jul 30, 2015 	7.450 	7.600 	7.810 	7.450 	3.56M 	-0.67%
Jul 29, 2015 	7.500 	7.810 	7.810 	7.430 	10.25M 	-3.97%
Jul 28, 2015 	7.810 	7.980 	7.980 	7.780 	2.56M 	-2.25%
Jul 27, 2015 	7.990 	8.100 	8.200 	7.990 	1.91M 	-1.36%
Jul 24, 2015 	8.100 	8.200 	8.200 	8.100 	2.39M 	-1.22%
Jul 23, 2015 	8.200 	8.240 	8.260 	8.140 	3.59M 	-0.49%
Jul 22, 2015 	8.240 	8.200 	8.300 	8.190 	2.03M 	0.49%
Jul 21, 2015 	8.200 	8.160 	8.300 	8.160 	3.45M 	0.61%
Jul 20, 2015 	8.150 	8.250 	8.270 	8.150 	812.00K 	-1.21%
Jul 16, 2015 	8.250 	8.200 	8.250 	8.130 	4.39M 	0.61%
Jul 15, 2015 	8.200 	8.290 	8.300 	8.170 	4.81M 	0.61%
Jul 14, 2015 	8.150 	8.360 	8.570 	8.140 	4.57M 	-2.51%
Jul 13, 2015 	8.360 	8.350 	8.380 	8.300 	559.10K 	-0.48%
Jul 10, 2015 	8.400 	8.250 	8.480 	8.250 	2.82M 	1.82%
Jul 09, 2015 	8.250 	8.360 	8.500 	8.130 	3.85M 	-1.20%
Jul 08, 2015 	8.350 	8.700 	8.800 	8.180 	5.07M 	-4.02%
Jul 07, 2015 	8.700 	8.990 	8.990 	8.700 	1.52M 	-3.23%
Jul 06, 2015 	8.990 	9.000 	9.000 	8.810 	587.30K 	-0.11%
Jul 03, 2015 	9.000 	8.900 	9.080 	8.860 	3.63M 	2.16%
Jul 02, 2015 	8.810 	8.880 	8.930 	8.810 	1.31M 	-0.79%
Jul 01, 2015 	8.880 	9.030 	9.030 	8.870 	746.50K 	0.34%
Jun 30, 2015 	8.850 	9.050 	9.050 	8.850 	949.00K 	-2.21%
Jun 29, 2015 	9.050 	8.880 	9.150 	8.800 	1.90M 	0.56%
Jun 26, 2015 	9.000 	9.080 	9.090 	8.900 	710.90K 	-0.66%
Jun 25, 2015 	9.060 	9.090 	9.120 	8.830 	2.21M 	-0.33%
Jun 24, 2015 	9.090 	9.100 	9.180 	9.020 	1.69M 	0.00%
Jun 23, 2015 	9.090 	8.950 	9.180 	8.950 	4.82M 	1.22%
Jun 22, 2015 	8.980 	8.630 	9.000 	8.620 	4.37M 	4.18%
Jun 19, 2015 	8.620 	8.650 	8.930 	8.590 	17.45M 	1.41%
Jun 18, 2015 	8.500 	8.640 	8.650 	8.490 	4.15M 	0.59%
Jun 17, 2015 	8.450 	8.990 	8.990 	8.450 	7.92M 	-4.74%
Jun 16, 2015 	8.870 	8.850 	9.150 	8.850 	2.51M 	-0.22%
Jun 15, 2015 	8.890 	9.100 	9.190 	8.870 	1.83M 	-1.22%
Jun 11, 2015 	9.000 	9.160 	9.320 	9.000 	8.28M 	-1.32%
Jun 10, 2015 	9.120 	9.300 	9.590 	9.100 	2.55M 	-1.94%
Jun 09, 2015 	9.300 	9.400 	9.420 	9.270 	1.26M 	-1.90%
Jun 08, 2015 	9.480 	9.630 	9.630 	9.430 	701.30K 	-1.66%
Jun 05, 2015 	9.640 	9.750 	9.750 	9.630 	170.80K 	-1.13%
Jun 04, 2015 	9.750 	9.690 	9.750 	9.600 	467.00K 	0.62%
Jun 03, 2015 	9.690 	9.820 	9.820 	9.500 	503.10K 	-1.12%
Jun 02, 2015 	9.800 	9.880 	9.880 	9.650 	246.30K 	-0.81%
Jun 01, 2015 	9.880 	9.900 	9.900 	9.600 	436.10K 	-0.80%
May 29, 2015 	9.960 	9.310 	9.960 	9.310 	1.95M 	6.18%
May 28, 2015 	9.380 	9.200 	9.400 	9.200 	1.70M 	1.96%
May 27, 2015 	9.200 	9.870 	9.870 	9.200 	2.68M 	-6.88%
May 26, 2015 	9.880 	9.690 	9.880 	9.560 	800.10K 	1.96%
May 25, 2015 	9.690 	9.800 	9.800 	9.600 	552.10K 	-0.62%
May 22, 2015 	9.750 	9.940 	9.940 	9.700 	1.34M 	-1.91%
May 21, 2015 	9.940 	9.950 	9.950 	9.800 	1.22M 	-0.10%
May 20, 2015 	9.950 	10.000 	10.000 	9.900 	961.00K 	-0.10%
May 19, 2015 	9.960 	10.020 	10.040 	9.960 	2.34M 	-0.40%
May 18, 2015 	10.000 	10.040 	10.140 	9.810 	3.83M 	-0.20%
May 15, 2015 	10.020 	9.680 	10.060 	9.500 	8.43M 	3.51%
May 14, 2015 	9.680 	9.490 	9.700 	9.440 	3.52M 	1.89%
May 13, 2015 	9.500 	9.700 	9.700 	9.450 	2.63M 	-0.84%
May 12, 2015 	9.580 	9.700 	9.730 	9.510 	2.64M 	-1.54%
May 11, 2015 	9.730 	9.950 	9.950 	9.700 	445.00K 	0.21%
May 08, 2015 	9.710 	9.720 	9.800 	9.690 	537.60K 	-0.10%
May 07, 2015 	9.720 	9.900 	9.900 	9.670 	1.44M 	-1.82%
May 06, 2015 	9.900 	9.850 	9.980 	9.800 	1.99M 	1.02%
May 05, 2015 	9.800 	9.800 	9.850 	9.650 	796.90K 	0.00%
May 04, 2015 	9.800 	9.790 	9.880 	9.640 	613.80K 	-0.51%
Apr 30, 2015 	9.850 	9.800 	9.850 	9.590 	1.59M 	1.65%
Apr 29, 2015 	9.690 	9.790 	9.850 	9.650 	948.20K 	0.52%
Apr 28, 2015 	9.640 	9.800 	9.800 	9.600 	2.76M 	-1.63%
Apr 27, 2015 	9.800 	9.510 	9.950 	9.510 	1.39M 	3.16%
Apr 24, 2015 	9.500 	9.550 	9.560 	9.480 	3.59M 	-0.52%
Apr 23, 2015 	9.550 	9.600 	9.600 	9.510 	2.17M 	-0.42%
Apr 22, 2015 	9.590 	9.800 	9.800 	9.500 	1.80M 	-1.13%
Apr 21, 2015 	9.700 	9.800 	9.800 	9.680 	2.55M 	-0.92%
Apr 20, 2015 	9.790 	9.800 	9.800 	9.750 	1.55M 	0.00%
Apr 17, 2015 	9.790 	9.860 	9.860 	9.700 	2.59M 	-0.71%
Apr 16, 2015 	9.860 	9.880 	9.990 	9.840 	1.51M 	0.61%
Apr 15, 2015 	9.800 	9.900 	9.900 	9.750 	3.17M 	-1.21%
Apr 14, 2015 	9.920 	10.020 	10.180 	9.900 	1.34M 	-0.60%
Apr 13, 2015 	9.980 	9.790 	10.200 	9.790 	3.82M 	1.94%
Apr 10, 2015 	9.790 	9.700 	9.830 	9.700 	1.03M 	1.03%
Apr 08, 2015 	9.690 	9.810 	9.850 	9.680 	2.14M 	-1.02%
Apr 07, 2015 	9.790 	9.900 	9.950 	9.750 	1.39M 	-0.91%
Apr 06, 2015 	9.880 	9.900 	9.950 	9.800 	1.37M 	-0.20%
Apr 01, 2015 	9.900 	9.950 	9.970 	9.810 	289.30K 	-0.50%
Mar 31, 2015 	9.950 	9.800 	10.000 	9.790 	1.16M 	1.53%
Mar 30, 2015 	9.800 	9.840 	10.000 	9.800 	1.88M 	-0.41%
Mar 27, 2015 	9.840 	10.000 	10.000 	9.810 	3.49M 	-1.11%
Mar 26, 2015 	9.950 	9.960 	10.100 	9.930 	1.17M 	-0.10%
Mar 25, 2015 	9.960 	10.100 	10.100 	9.940 	1.02M 	0.10%
Mar 24, 2015 	9.950 	10.200 	10.200 	9.940 	2.01M 	-1.68%
Mar 23, 2015 	10.120 	9.960 	10.220 	9.960 	1.59M 	1.71%
Mar 20, 2015 	9.950 	10.100 	10.100 	9.850 	4.63M 	-0.70%
Mar 19, 2015 	10.020 	10.120 	10.300 	10.000 	3.85M 	-0.20%
Mar 18, 2015 	10.040 	10.340 	10.400 	10.020 	7.62M 	-4.20%
Mar 17, 2015 	10.480 	10.300 	10.520 	10.200 	2.45M 	1.75%
Mar 16, 2015 	10.300 	10.420 	10.420 	10.260 	3.34M 	-2.65%
Mar 13, 2015 	10.580 	10.480 	10.580 	10.420 	3.79M 	0.76%
Mar 12, 2015 	10.500 	10.440 	10.640 	10.420 	2.49M 	0.77%
Mar 11, 2015 	10.420 	10.500 	10.500 	10.380 	1.85M 	-0.76%
Mar 10, 2015 	10.500 	10.540 	10.540 	10.480 	1.80M 	-0.38%
Mar 09, 2015 	10.540 	10.540 	10.580 	10.400 	982.80K 	0.00%
Mar 06, 2015 	10.540 	10.520 	10.560 	10.500 	1.29M 	0.19%
Mar 05, 2015 	10.520 	10.540 	10.600 	10.500 	2.20M 	-0.19%
Mar 04, 2015 	10.540 	10.400 	10.600 	10.400 	1.91M 	1.35%
Mar 03, 2015 	10.400 	10.440 	10.620 	10.400 	4.58M 	-0.38%
Mar 02, 2015 	10.440 	10.260 	10.440 	10.220 	1.63M 	2.15%
Feb 27, 2015 	10.220 	10.400 	10.400 	10.220 	2.65M 	-1.54%
Feb 26, 2015 	10.380 	10.420 	10.420 	10.300 	1.34M 	0.78%
Feb 25, 2015 	10.300 	10.380 	10.500 	10.300 	2.72M 	-0.77%
Feb 24, 2015 	10.380 	10.400 	10.440 	10.300 	4.22M 	-0.19%
Feb 23, 2015 	10.400 	10.620 	10.620 	10.400 	3.44M 	-2.07%
Feb 20, 2015 	10.620 	10.460 	10.620 	10.240 	3.95M 	0.38%
Feb 18, 2015 	10.580 	10.500 	10.620 	10.400 	12.60M 	0.76%
Feb 17, 2015 	10.500 	10.480 	10.520 	10.400 	2.72M 	0.19%
Feb 16, 2015 	10.480 	10.280 	10.480 	10.240 	3.53M 	3.56%
Feb 13, 2015 	10.120 	10.240 	10.380 	10.100 	5.97M 	1.20%
Feb 12, 2015 	10.000 	10.060 	10.200 	9.970 	5.90M 	-0.60%
Feb 11, 2015 	10.060 	10.440 	10.440 	9.880 	15.15M 	-4.01%
Feb 10, 2015 	10.480 	10.640 	10.940 	10.480 	9.60M 	-1.13%
Feb 09, 2015 	10.600 	10.220 	10.700 	10.200 	11.49M 	4.13%
Feb 06, 2015 	10.180 	10.220 	10.380 	10.140 	5.05M 	1.60%
Feb 05, 2015 	10.020 	9.980 	10.160 	9.860 	21.39M 	-2.15%
Feb 04, 2015 	10.240 	9.990 	10.440 	9.990 	18.55M 	4.38%
Feb 03, 2015 	9.810 	9.490 	9.900 	9.450 	16.48M 	4.58%
Feb 02, 2015 	9.380 	9.250 	9.420 	9.230 	1.75M 	2.85%
Jan 30, 2015 	9.120 	9.100 	9.190 	9.050 	3.07M 	0.88%
Jan 29, 2015 	9.040 	9.360 	9.400 	9.000 	7.31M 	-3.52%
Jan 28, 2015 	9.370 	9.460 	9.650 	9.370 	2.67M 	-0.85%
Jan 27, 2015 	9.450 	9.430 	9.690 	9.400 	5.31M 	0.64%
Jan 26, 2015 	9.390 	9.740 	9.740 	9.350 	6.64M 	-2.19%
Jan 23, 2015 	9.600 	9.670 	9.690 	9.530 	12.18M 	-0.83%
Jan 22, 2015 	9.680 	9.980 	9.980 	9.610 	2.01M 	-1.12%
Jan 21, 2015 	9.790 	9.990 	10.000 	9.780 	2.60M 	-2.00%
Jan 20, 2015 	9.990 	9.950 	10.060 	9.880 	2.42M 	0.40%
Jan 19, 2015 	9.950 	9.600 	9.950 	9.600 	2.06M 	4.52%
Jan 14, 2015 	9.520 	9.500 	9.600 	9.500 	7.30M 	0.21%
Jan 13, 2015 	9.500 	9.650 	9.660 	9.490 	7.67M 	-0.73%
Jan 12, 2015 	9.570 	9.640 	9.900 	9.570 	12.00M 	0.21%
Jan 09, 2015 	9.550 	9.800 	9.860 	9.550 	7.62M 	-0.62%
Jan 08, 2015 	9.610 	9.640 	9.880 	9.500 	15.88M 	-0.21%
Jan 07, 2015 	9.630 	9.720 	9.800 	9.630 	3.89M 	-0.72%
Jan 06, 2015 	9.700 	10.000 	10.000 	9.550 	8.70M 	-5.83%
Jan 05, 2015 	10.300 	10.340 	10.380 	10.240 	2.71M 	-2.83%
Dec 29, 2014 	10.600 	10.580 	10.640 	10.500 	2.97M 	0.95%
Dec 23, 2014 	10.500 	9.940 	10.560 	9.940 	9.71M 	5.00%
Dec 22, 2014 	10.000 	9.870 	10.160 	9.780 	3.51M 	1.32%
Dec 19, 2014 	9.870 	9.620 	9.870 	9.610 	7.32M 	2.81%
Dec 18, 2014 	9.600 	9.680 	9.790 	9.530 	2.64M 	-0.83%
Dec 17, 2014 	9.680 	9.800 	9.880 	9.600 	1.66M 	-1.73%
Dec 16, 2014 	9.850 	10.000 	10.000 	9.820 	2.35M 	-1.50%
Dec 15, 2014 	10.000 	9.830 	10.000 	9.700 	4.27M 	1.73%
Dec 12, 2014 	9.830 	9.850 	9.900 	9.820 	4.77M 	-1.11%
Dec 11, 2014 	9.940 	10.000 	10.180 	9.800 	5.17M 	-0.50%
Dec 10, 2014 	9.990 	10.280 	10.280 	9.960 	6.86M 	-2.82%
Dec 09, 2014 	10.280 	10.420 	10.680 	10.280 	6.02M 	-1.15%
Dec 05, 2014 	10.400 	10.560 	10.740 	10.360 	9.17M 	0.19%
Dec 04, 2014 	10.380 	10.660 	10.660 	10.360 	5.90M 	-2.63%
Dec 03, 2014 	10.660 	10.720 	10.740 	10.580 	13.08M 	-0.56%
Dec 02, 2014 	10.720 	10.820 	10.980 	10.720 	5.20M 	0.00%
Dec 01, 2014 	10.720 	11.100 	11.300 	10.700 	11.60M 	-3.42%
Nov 28, 2014 	11.100 	11.400 	11.400 	11.100 	11.94M 	-2.63%
Nov 27, 2014 	11.400 	11.600 	11.640 	11.320 	6.06M 	-2.06%
Nov 26, 2014 	11.640 	11.700 	11.720 	11.560 	4.34M 	-0.51%
Nov 25, 2014 	11.700 	11.680 	11.760 	11.660 	4.08M 	0.00%
Nov 24, 2014 	11.700 	11.780 	11.780 	11.620 	2.48M 	-0.68%
Nov 21, 2014 	11.780 	11.640 	11.780 	11.620 	3.95M 	1.20%
Nov 20, 2014 	11.640 	11.660 	11.700 	11.600 	3.77M 	-0.17%
Nov 19, 2014 	11.660 	11.660 	11.700 	11.620 	3.89M 	-0.17%
Nov 18, 2014 	11.680 	11.780 	11.780 	11.680 	3.64M 	-1.02%
Nov 17, 2014 	11.800 	11.700 	11.800 	11.620 	6.61M 	0.00%
Nov 14, 2014 	11.800 	11.840 	11.840 	11.620 	3.39M 	1.37%
Nov 13, 2014 	11.640 	11.860 	11.860 	11.620 	4.51M 	0.17%
Nov 12, 2014 	11.620 	11.780 	11.940 	11.620 	1.70M 	-0.85%
Nov 11, 2014 	11.720 	11.580 	11.860 	11.540 	3.57M 	1.03%
Nov 10, 2014 	11.600 	11.660 	11.680 	11.520 	3.89M 	-0.68%
Nov 07, 2014 	11.680 	11.860 	11.860 	11.680 	681.00K 	-1.52%
Nov 06, 2014 	11.860 	11.780 	11.900 	11.780 	3.54M 	0.68%
Nov 05, 2014 	11.780 	11.900 	11.940 	11.780 	8.64M 	-0.34%
Nov 04, 2014 	11.820 	11.880 	11.900 	11.800 	15.11M 	-0.34%
Nov 03, 2014 	11.860 	11.880 	11.920 	11.820 	5.81M 	0.34%
Oct 31, 2014 	11.820 	11.740 	11.900 	11.740 	7.26M 	0.68%
Oct 30, 2014 	11.740 	11.800 	11.800 	11.520 	5.27M 	0.34%
Oct 29, 2014 	11.700 	11.740 	11.780 	11.580 	3.67M 	-0.34%
Oct 28, 2014 	11.740 	11.880 	11.880 	11.700 	4.20M 	-1.01%
Oct 27, 2014 	11.860 	12.000 	12.000 	11.820 	2.08M 	-0.50%
Oct 24, 2014 	11.920 	11.880 	11.940 	11.800 	5.83M 	0.34%
Oct 23, 2014 	11.880 	11.640 	12.120 	11.640 	23.85M 	2.24%
Oct 22, 2014 	11.620 	11.520 	11.660 	11.520 	4.53M 	1.04%
Oct 21, 2014 	11.500 	11.460 	11.580 	11.440 	19.64M 	0.17%
Oct 20, 2014 	11.480 	11.460 	11.500 	11.380 	12.21M 	1.59%
Oct 17, 2014 	11.300 	11.560 	11.560 	11.200 	24.33M 	-2.25%
Oct 16, 2014 	11.560 	11.700 	11.700 	11.560 	7.80M 	-1.20%
Oct 15, 2014 	11.700 	11.660 	11.800 	11.640 	6.73M 	0.34%
Oct 14, 2014 	11.660 	11.600 	11.840 	11.600 	7.18M 	-0.17%
Oct 13, 2014 	11.680 	11.900 	11.900 	11.620 	6.68M 	-2.01%
Oct 10, 2014 	11.920 	12.020 	12.020 	11.840 	11.13M 	-1.00%
Oct 09, 2014 	12.040 	11.940 	12.060 	11.880 	11.09M 	0.84%
Oct 08, 2014 	11.940 	11.860 	11.940 	11.780 	4.02M 	0.51%
Oct 07, 2014 	11.880 	11.880 	11.880 	11.800 	4.88M 	0.34%
Oct 03, 2014 	11.840 	11.800 	11.900 	11.800 	21.98M 	0.00%
Oct 02, 2014 	11.840 	11.880 	11.880 	11.740 	11.06M 	-0.17%
Oct 01, 2014 	11.860 	11.780 	11.900 	11.740 	12.97M 	0.68%
Sep 30, 2014 	11.780 	11.900 	11.900 	11.760 	2.22M 	-0.51%
Sep 29, 2014 	11.840 	11.840 	11.900 	11.780 	4.47M 	0.00%
Sep 26, 2014 	11.840 	11.800 	11.880 	11.700 	5.17M 	0.00%
Sep 25, 2014 	11.840 	11.880 	11.960 	11.800 	11.76M 	-0.34%
Sep 24, 2014 	11.880 	11.880 	11.900 	11.800 	2.21M 	-0.17%
Sep 23, 2014 	11.900 	11.760 	11.940 	11.760 	10.79M 	1.36%
Sep 22, 2014 	11.740 	11.800 	11.980 	11.740 	17.63M 	-0.17%
Sep 18, 2014 	11.760 	11.700 	11.820 	11.700 	11.33M 	0.68%
Sep 17, 2014 	11.680 	11.640 	11.760 	11.620 	8.98M 	0.69%
Sep 16, 2014 	11.600 	11.640 	11.680 	11.580 	13.40M 	0.00%
Sep 15, 2014 	11.600 	11.780 	11.780 	11.580 	13.41M 	-1.36%
Sep 12, 2014 	11.760 	11.840 	11.840 	11.560 	10.66M 	0.51%
Sep 11, 2014 	11.700 	11.780 	11.780 	11.680 	6.26M 	0.86%
Sep 10, 2014 	11.600 	11.960 	11.960 	11.580 	19.27M 	-2.85%
Sep 09, 2014 	11.940 	12.040 	12.040 	11.880 	2.99M 	-0.50%
Sep 08, 2014 	12.000 	12.060 	12.080 	11.920 	14.24M 	0.00%
Sep 05, 2014 	12.000 	12.060 	12.060 	11.960 	12.56M 	0.33%
Sep 04, 2014 	11.960 	11.980 	12.140 	11.940 	31.49M 	0.00%
Sep 03, 2014 	11.960 	11.900 	11.980 	11.880 	9.56M 	0.84%
Sep 02, 2014 	11.860 	11.760 	11.900 	11.740 	12.55M 	0.85%
Sep 01, 2014 	11.760 	11.680 	11.800 	11.680 	6.86M 	0.86%
Aug 29, 2014 	11.660 	11.800 	11.800 	11.660 	14.82M 	0.00%
Aug 28, 2014 	11.660 	11.680 	11.720 	11.600 	11.31M 	0.00%
Aug 27, 2014 	11.660 	11.620 	11.700 	11.600 	22.32M 	0.52%
Aug 26, 2014 	11.600 	11.660 	11.700 	11.580 	13.34M 	-0.34%
Aug 22, 2014 	11.640 	11.640 	11.800 	11.620 	17.57M 	0.17%
Aug 20, 2014 	11.620 	11.780 	11.780 	11.580 	30.85M 	-1.36%
Aug 19, 2014 	11.780 	11.700 	11.840 	11.560 	71.08M 	-7.24%
Aug 18, 2014 	12.700 	12.660 	12.700 	12.560 	914.10K 	0.32%
Aug 15, 2014 	12.660 	12.700 	12.700 	12.480 	1.13M 	-0.31%
Aug 14, 2014 	12.700 	12.700 	12.780 	12.600 	4.65M 	0.00%
Aug 13, 2014 	12.700 	12.800 	12.800 	12.700 	1.01M 	-0.78%
Aug 12, 2014 	12.800 	12.800 	12.820 	12.700 	4.81M 	0.00%
Aug 11, 2014 	12.800 	12.620 	12.880 	12.500 	8.67M 	1.59%
Aug 08, 2014 	12.600 	12.620 	12.620 	12.380 	1.65M 	-0.16%
Aug 07, 2014 	12.620 	12.640 	12.700 	12.500 	4.16M 	0.48%
Aug 06, 2014 	12.560 	12.600 	12.600 	12.400 	2.07M 	0.64%
Aug 05, 2014 	12.480 	12.680 	12.680 	12.480 	1.56M 	-1.42%
Aug 04, 2014 	12.660 	12.400 	12.700 	12.380 	9.84M 	2.26%
Aug 01, 2014 	12.380 	12.180 	12.380 	12.020 	2.35M 	0.49%
Jul 31, 2014 	12.320 	12.220 	12.500 	12.200 	6.62M 	0.33%
Jul 30, 2014 	12.280 	12.300 	12.400 	12.220 	2.29M 	-0.16%
Jul 28, 2014 	12.300 	12.500 	12.500 	12.300 	123.00K 	-1.44%
Jul 25, 2014 	12.480 	12.500 	12.500 	12.340 	677.10K 	-0.16%
Jul 24, 2014 	12.500 	12.600 	12.680 	12.340 	1.40M 	0.00%
Jul 23, 2014 	12.500 	12.300 	12.800 	12.220 	5.23M 	1.46%
Jul 22, 2014 	12.320 	12.340 	12.360 	12.260 	3.44M 	0.00%
Jul 21, 2014 	12.320 	12.320 	12.360 	12.240 	334.10K 	0.00%
Jul 18, 2014 	12.320 	12.300 	12.320 	12.200 	2.98M 	0.00%
Jul 17, 2014 	12.320 	12.300 	12.360 	12.180 	3.58M 	0.49%
Jul 15, 2014 	12.260 	12.280 	12.320 	12.180 	5.59M 	-0.49%
Jul 14, 2014 	12.320 	12.420 	12.420 	12.280 	1.08M 	-0.81%
Jul 11, 2014 	12.420 	12.460 	12.460 	12.400 	1.44M 	-0.32%
Jul 10, 2014 	12.460 	12.460 	12.480 	12.420 	2.65M 	0.00%
Jul 09, 2014 	12.460 	12.580 	12.580 	12.440 	626.30K 	0.16%
Jul 08, 2014 	12.440 	12.660 	12.660 	12.440 	1.70M 	-1.74%
Jul 07, 2014 	12.660 	12.600 	12.720 	12.540 	4.48M 	0.64%
Jul 04, 2014 	12.580 	12.580 	12.700 	12.500 	3.16M 	0.00%
Jul 03, 2014 	12.580 	12.720 	12.720 	12.580 	2.18M 	-1.26%
Jul 02, 2014 	12.740 	12.720 	12.780 	12.580 	2.88M 	0.00%
Jul 01, 2014 	12.740 	12.740 	12.780 	12.640 	5.34M 	0.00%
Jun 30, 2014 	12.740 	12.820 	12.900 	12.680 	12.65M 	-0.62%
Jun 27, 2014 	12.820 	12.620 	12.980 	12.620 	23.89M 	1.58%
Jun 26, 2014 	12.620 	12.560 	12.740 	12.460 	10.03M 	0.96%
Jun 25, 2014 	12.500 	12.200 	12.680 	12.160 	12.79M 	2.63%
Jun 24, 2014 	12.180 	12.280 	12.320 	12.120 	3.00M 	-0.65%
Jun 23, 2014 	12.260 	12.080 	12.360 	12.080 	4.60M 	2.17%
Jun 20, 2014 	12.000 	12.320 	12.360 	12.000 	3.43M 	-2.44%
Jun 19, 2014 	12.300 	12.000 	12.320 	11.920 	5.57M 	2.84%
Jun 18, 2014 	11.960 	11.860 	11.980 	11.800 	4.82M 	0.84%
Jun 17, 2014 	11.860 	11.820 	11.960 	11.780 	7.94M 	0.34%
Jun 16, 2014 	11.820 	11.900 	11.980 	11.820 	10.51M 	-0.17%
Jun 13, 2014 	11.840 	11.860 	12.000 	11.800 	4.93M 	-0.34%
Jun 11, 2014 	11.880 	11.800 	12.000 	11.800 	1.05M 	0.85%
Jun 10, 2014 	11.780 	11.960 	11.960 	11.740 	12.25M 	-1.51%
Jun 09, 2014 	11.960 	12.000 	12.100 	11.940 	3.54M 	-0.17%
Jun 06, 2014 	11.980 	12.000 	12.000 	11.940 	1.98M 	0.34%
Jun 05, 2014 	11.940 	11.940 	12.020 	11.920 	4.38M 	0.00%
Jun 04, 2014 	11.940 	12.000 	12.040 	11.920 	4.16M 	-0.50%
Jun 03, 2014 	12.000 	12.000 	12.100 	11.980 	2.49M 	0.00%
Jun 02, 2014 	12.000 	12.020 	12.100 	11.940 	4.96M 	0.17%
May 30, 2014 	11.980 	12.060 	12.060 	11.980 	2.14M 	-0.66%
May 29, 2014 	12.060 	12.060 	12.080 	12.000 	989.10K 	0.00%
May 28, 2014 	12.060 	12.060 	12.080 	12.020 	3.32M 	0.33%
May 27, 2014 	12.020 	12.200 	12.200 	12.000 	2.82M 	-1.31%
May 26, 2014 	12.180 	12.160 	12.260 	12.160 	1.74M 	0.16%
May 23, 2014 	12.160 	12.100 	12.200 	12.100 	3.50M 	1.33%
May 22, 2014 	12.000 	12.060 	12.140 	11.980 	8.43M 	-0.33%
May 21, 2014 	12.040 	12.220 	12.300 	11.980 	7.75M 	-1.31%
May 20, 2014 	12.200 	12.280 	12.360 	12.160 	6.84M 	-0.16%
May 19, 2014 	12.220 	12.200 	12.300 	12.160 	3.72M 	0.83%
May 16, 2014 	12.120 	12.200 	12.200 	12.080 	673.80K 	-0.66%
May 15, 2014 	12.200 	12.260 	12.300 	12.120 	4.77M 	-0.49%
May 14, 2014 	12.260 	12.320 	12.440 	12.260 	4.02M 	-0.16%
May 13, 2014 	12.280 	12.380 	12.640 	12.280 	7.61M 	-0.65%
May 12, 2014 	12.360 	12.420 	12.420 	12.300 	1.28M 	-0.80%
May 09, 2014 	12.460 	12.460 	12.600 	12.360 	5.41M 	0.48%
May 08, 2014 	12.400 	12.400 	12.500 	12.340 	4.62M 	0.32%
May 07, 2014 	12.360 	12.660 	12.660 	12.360 	1.67M 	-1.59%
May 06, 2014 	12.560 	12.440 	12.680 	12.260 	4.49M 	0.80%
May 05, 2014 	12.460 	12.380 	12.460 	12.140 	6.00M 	1.14%
May 02, 2014 	12.320 	12.300 	12.400 	12.280 	5.79M 	0.33%
Apr 30, 2014 	12.280 	12.060 	12.360 	12.060 	3.72M 	1.82%
Apr 29, 2014 	12.060 	12.080 	12.220 	11.980 	4.23M 	0.33%
Apr 28, 2014 	12.020 	12.320 	12.440 	11.900 	15.75M 	-2.44%
Apr 25, 2014 	12.320 	12.480 	12.540 	12.260 	10.35M 	-1.28%
Apr 24, 2014 	12.480 	12.560 	12.600 	12.440 	9.57M 	-0.32%
Apr 23, 2014 	12.520 	12.800 	12.800 	12.480 	9.53M 	-2.03%
Apr 22, 2014 	12.780 	12.880 	12.880 	12.680 	21.72M 	0.63%
Apr 21, 2014 	12.700 	12.560 	12.900 	12.560 	8.21M 	1.28%
Apr 16, 2014 	12.540 	12.640 	12.780 	12.540 	9.30M 	-0.79%
Apr 15, 2014 	12.640 	12.780 	12.900 	12.500 	15.93M 	-1.10%
Apr 14, 2014 	12.780 	12.780 	12.840 	12.700 	1.94M 	-0.16%
Apr 11, 2014 	12.800 	12.700 	12.900 	12.620 	9.10M 	0.63%
Apr 10, 2014 	12.720 	12.520 	13.040 	12.500 	26.00M 	1.76%
Apr 08, 2014 	12.500 	12.180 	12.680 	12.100 	10.13M 	2.46%
Apr 07, 2014 	12.200 	12.340 	12.380 	12.140 	12.02M 	-1.29%
Apr 04, 2014 	12.360 	12.340 	12.500 	12.260 	16.74M 	0.32%
Apr 03, 2014 	12.320 	12.200 	12.400 	12.180 	31.83M 	1.48%
Apr 02, 2014 	12.140 	11.880 	12.240 	11.880 	34.17M 	2.71%
Apr 01, 2014 	11.820 	11.740 	11.860 	11.740 	16.97M 	0.68%
Mar 31, 2014 	11.740 	11.740 	11.960 	11.700 	13.28M 	0.34%
Mar 28, 2014 	11.700 	11.700 	11.760 	11.600 	37.92M 	0.00%
Mar 27, 2014 	11.700 	12.000 	12.000 	11.580 	82.50M 	-12.69%
Mar 26, 2014 	13.400 	13.880 	14.000 	13.400 	11.89M 	-3.46%
Mar 25, 2014 	13.880 	13.900 	13.980 	13.880 	1.89M 	0.43%
Mar 24, 2014 	13.820 	13.840 	13.900 	13.780 	3.45M 	0.14%
Mar 21, 2014 	13.800 	13.800 	14.180 	13.700 	34.29M 	0.00%
Mar 20, 2014 	13.800 	14.000 	14.000 	13.760 	3.49M 	-1.43%
Mar 19, 2014 	14.000 	14.020 	14.100 	13.960 	1.07M 	-0.14%
Mar 18, 2014 	14.020 	14.140 	14.280 	13.980 	1.86M 	-0.99%
Mar 17, 2014 	14.160 	14.000 	14.240 	13.980 	3.98M 	1.14%
Mar 14, 2014 	14.000 	13.900 	14.000 	13.820 	2.27M 	0.72%
Mar 13, 2014 	13.900 	14.020 	14.020 	13.900 	16.54M 	-0.86%
Mar 12, 2014 	14.020 	14.120 	14.120 	13.900 	1.40M 	-0.71%
Mar 11, 2014 	14.120 	13.800 	14.140 	13.700 	13.16M 	2.32%
Mar 10, 2014 	13.800 	13.700 	13.820 	13.700 	713.50K 	0.15%
Mar 07, 2014 	13.780 	13.900 	13.960 	13.600 	3.90M 	-0.86%
Mar 06, 2014 	13.900 	13.600 	14.040 	13.600 	6.58M 	3.73%
Mar 05, 2014 	13.400 	13.600 	13.600 	13.380 	4.71M 	-1.47%
Mar 04, 2014 	13.600 	13.500 	13.700 	13.500 	1.44M 	0.74%
Mar 03, 2014 	13.500 	13.700 	13.700 	13.500 	1.06M 	-1.75%
Feb 28, 2014 	13.740 	13.640 	13.740 	13.640 	866.20K 	0.73%
Feb 27, 2014 	13.640 	13.740 	13.800 	13.460 	2.95M 	-0.58%
Feb 26, 2014 	13.720 	13.400 	13.860 	13.340 	3.34M 	2.08%
Feb 25, 2014 	13.440 	13.520 	13.900 	13.380 	3.39M 	-0.59%
Feb 24, 2014 	13.520 	13.640 	13.860 	13.460 	4.23M 	-0.88%
Feb 21, 2014 	13.640 	13.820 	13.920 	13.640 	2.85M 	-1.30%
Feb 20, 2014 	13.820 	13.900 	13.960 	13.820 	2.80M 	-0.58%
Feb 19, 2014 	13.900 	13.900 	13.920 	13.820 	6.21M 	-0.14%
Feb 18, 2014 	13.920 	13.900 	14.000 	13.860 	1.36M 	-0.43%
Feb 17, 2014 	13.980 	13.940 	14.000 	13.940 	3.35M 	0.00%
Feb 14, 2014 	13.980 	13.980 	14.060 	13.960 	1.40M 	-0.14%
Feb 13, 2014 	14.000 	14.000 	14.060 	13.900 	1.83M 	0.29%
Feb 12, 2014 	13.960 	14.220 	14.220 	13.940 	3.94M 	-1.55%
Feb 11, 2014 	14.180 	14.280 	14.280 	14.140 	470.40K 	-0.70%
Feb 10, 2014 	14.280 	14.180 	14.300 	14.000 	1.65M 	0.71%
Feb 07, 2014 	14.180 	14.060 	14.200 	14.060 	4.92M 	1.29%
Feb 06, 2014 	14.000 	14.000 	14.020 	13.960 	4.98M 	1.45%
Feb 05, 2014 	13.800 	13.760 	14.000 	13.620 	1.38M 	0.29%
Feb 04, 2014 	13.760 	14.000 	14.000 	13.740 	795.30K 	-1.43%
Feb 03, 2014 	13.960 	13.980 	14.100 	13.960 	2.77M 	-0.14%
Jan 30, 2014 	13.980 	14.060 	14.060 	13.940 	1.92M 	-0.57%
Jan 29, 2014 	14.060 	14.000 	14.120 	14.000 	832.80K 	0.43%
Jan 28, 2014 	14.000 	14.100 	14.120 	14.000 	147.00K 	-0.85%
Jan 27, 2014 	14.120 	14.300 	14.300 	14.020 	2.74M 	-1.26%
Jan 24, 2014 	14.300 	14.200 	14.380 	14.160 	1.39M 	0.70%
Jan 23, 2014 	14.200 	14.300 	14.400 	14.200 	504.00K 	-0.56%
Jan 22, 2014 	14.280 	14.060 	14.400 	14.060 	4.66M 	1.56%
Jan 21, 2014 	14.060 	14.000 	14.080 	13.960 	735.10K 	-0.14%
Jan 20, 2014 	14.080 	14.040 	14.080 	14.000 	3.21M 	0.28%
Jan 17, 2014 	14.040 	14.000 	14.040 	13.960 	650.00K 	0.29%
Jan 16, 2014 	14.000 	14.040 	14.080 	14.000 	1.20M 	0.14%
Jan 15, 2014 	13.980 	14.000 	14.080 	13.980 	662.90K 	-0.14%
Jan 14, 2014 	14.000 	14.100 	14.100 	14.000 	1.81M 	-0.71%
Jan 13, 2014 	14.100 	14.020 	14.100 	14.000 	1.18M 	0.57%
Jan 10, 2014 	14.020 	14.080 	14.080 	14.000 	557.90K 	-0.43%
Jan 09, 2014 	14.080 	14.100 	14.100 	14.000 	1.74M 	0.57%
Jan 08, 2014 	14.000 	14.000 	14.100 	13.940 	2.24M 	-0.57%
Jan 07, 2014 	14.080 	14.120 	14.280 	14.000 	2.71M 	-0.28%
Jan 06, 2014 	14.120 	14.100 	14.300 	14.040 	739.20K 	0.14%
Jan 03, 2014 	14.100 	14.120 	14.120 	14.000 	1.08M 	0.00%
Jan 02, 2014 	14.100 	13.860 	14.200 	13.860 	2.05M 	1.00%
Dec 27, 2013 	13.960 	14.000 	14.080 	13.920 	1.30M 	0.14%
Dec 26, 2013 	13.940 	14.000 	14.100 	13.940 	1.10M 	0.00%
Dec 23, 2013 	13.940 	14.000 	14.040 	13.940 	533.90K 	-0.57%
Dec 20, 2013 	14.020 	14.180 	14.180 	14.000 	134.30K 	-1.13%
Dec 19, 2013 	14.180 	14.100 	14.180 	13.500 	1.92M 	1.29%
Dec 18, 2013 	14.000 	14.180 	14.200 	14.000 	699.10K 	-0.99%
Dec 17, 2013 	14.140 	14.020 	14.180 	14.000 	1.49M 	1.43%
Dec 16, 2013 	13.940 	13.960 	14.100 	13.900 	2.33M 	0.00%
Dec 13, 2013 	13.940 	14.000 	14.020 	13.800 	4.16M 	0.29%
Dec 12, 2013 	13.900 	14.000 	14.000 	13.820 	3.33M 	-0.71%
Dec 11, 2013 	14.000 	14.000 	14.000 	13.900 	2.18M 	0.57%
Dec 10, 2013 	13.920 	14.120 	14.200 	13.900 	5.27M 	-1.42%
Dec 09, 2013 	14.120 	14.180 	14.360 	13.980 	2.82M 	0.14%
Dec 06, 2013 	14.100 	14.220 	14.220 	14.100 	1.98M 	0.14%
Dec 05, 2013 	14.080 	14.000 	14.460 	14.000 	9.62M 	0.00%
Dec 04, 2013 	14.080 	14.080 	14.200 	14.000 	4.04M 	-0.14%
Dec 03, 2013 	14.100 	14.160 	14.280 	14.000 	4.92M 	-0.56%
Dec 02, 2013 	14.180 	13.880 	14.480 	13.880 	4.13M 	3.20%
Nov 29, 2013 	13.740 	13.640 	13.900 	13.640 	5.28M 	0.73%
Nov 28, 2013 	13.640 	13.640 	13.700 	13.500 	7.78M 	0.29%
Nov 27, 2013 	13.600 	13.000 	13.700 	13.000 	12.49M 	3.82%
Nov 26, 2013 	13.100 	13.000 	13.100 	12.900 	2.94M 	0.77%
Nov 25, 2013 	13.000 	12.900 	13.040 	12.900 	4.31M 	-0.61%
Nov 22, 2013 	13.080 	13.020 	13.100 	13.020 	7.17M 	0.46%
Nov 21, 2013 	13.020 	13.100 	13.100 	12.880 	1.81M 	-0.61%
Nov 20, 2013 	13.100 	13.100 	13.160 	13.000 	3.63M 	0.46%
Nov 19, 2013 	13.040 	12.920 	13.160 	12.920 	3.17M 	1.09%
Nov 18, 2013 	12.900 	12.800 	12.900 	12.680 	148.10K 	0.78%
Nov 15, 2013 	12.800 	12.800 	12.880 	12.600 	5.23M 	1.91%
Nov 14, 2013 	12.560 	12.940 	12.940 	12.540 	1.22M 	-3.24%
Nov 13, 2013 	12.980 	12.700 	13.000 	12.600 	1.34M 	0.62%
Nov 12, 2013 	12.900 	12.900 	12.940 	12.700 	1.11M 	0.00%
Nov 11, 2013 	12.900 	12.660 	12.900 	12.560 	519.40K 	1.42%
Nov 08, 2013 	12.720 	12.660 	12.800 	12.540 	526.50K 	0.63%
Nov 07, 2013 	12.640 	13.160 	13.160 	12.500 	3.03M 	-3.95%
Nov 06, 2013 	13.160 	13.180 	13.300 	12.820 	539.40K 	-0.15%
Nov 05, 2013 	13.180 	13.200 	13.440 	12.960 	2.48M 	1.23%
Nov 04, 2013 	13.020 	12.580 	13.400 	12.420 	7.89M 	5.00%
Oct 31, 2013 	12.400 	12.600 	12.760 	12.300 	1.31M 	-1.59%
Oct 30, 2013 	12.600 	12.520 	12.740 	12.520 	332.60K 	0.00%
Oct 29, 2013 	12.600 	12.620 	12.620 	12.500 	185.00K 	0.96%
Oct 25, 2013 	12.480 	12.500 	12.760 	12.460 	390.80K 	0.00%
Oct 24, 2013 	12.480 	12.800 	12.800 	12.420 	2.85M 	-3.26%
Oct 23, 2013 	12.900 	12.520 	12.900 	12.500 	1.07M 	3.04%
Oct 22, 2013 	12.520 	12.780 	12.780 	12.520 	712.10K 	-2.03%
Oct 21, 2013 	12.780 	12.560 	12.860 	12.520 	694.40K 	1.75%
Oct 18, 2013 	12.560 	12.400 	12.600 	12.400 	147.40K 	1.29%
Oct 17, 2013 	12.400 	12.340 	12.620 	12.280 	2.61M 	0.49%
Oct 16, 2013 	12.340 	12.400 	12.400 	12.280 	2.70M 	-0.48%
Oct 14, 2013 	12.400 	12.340 	12.420 	12.300 	4.76M 	0.49%
Oct 11, 2013 	12.340 	12.680 	12.680 	12.340 	2.80M 	1.15%
Oct 10, 2013 	12.200 	12.600 	12.640 	12.200 	8.45M 	-3.63%
Oct 09, 2013 	12.660 	12.600 	12.780 	12.600 	1.30M 	-0.31%
Oct 08, 2013 	12.700 	12.600 	12.980 	12.600 	672.10K 	-2.31%
Oct 07, 2013 	13.000 	13.000 	13.100 	13.000 	452.40K 	0.00%
Oct 04, 2013 	13.000 	12.980 	13.000 	12.980 	1.06M 	0.00%
Oct 03, 2013 	13.000 	12.980 	13.040 	12.600 	2.15M 	0.15%
Oct 02, 2013 	12.980 	13.000 	13.060 	12.960 	909.10K 	0.00%
Oct 01, 2013 	12.980 	12.800 	13.080 	12.700 	1.76M 	1.41%
Sep 30, 2013 	12.800 	12.860 	12.880 	12.700 	1.50M 	-0.47%
Sep 27, 2013 	12.860 	12.860 	12.880 	12.860 	738.50K 	0.16%
Sep 26, 2013 	12.840 	12.800 	12.900 	12.400 	807.90K 	1.10%
Sep 25, 2013 	12.700 	12.900 	12.900 	12.420 	1.19M 	-1.55%
Sep 24, 2013 	12.900 	12.680 	12.900 	12.680 	690.30K 	1.74%
Sep 23, 2013 	12.680 	12.900 	12.900 	12.600 	99.90K 	-1.71%
Sep 20, 2013 	12.900 	12.820 	13.000 	12.800 	1.79M 	-0.15%
Sep 19, 2013 	12.920 	13.000 	13.040 	12.500 	4.15M 	0.00%
Sep 18, 2013 	12.920 	12.020 	13.000 	12.020 	2.27M 	0.78%
Sep 17, 2013 	12.820 	12.600 	12.860 	12.500 	2.26M 	1.75%
Sep 16, 2013 	12.600 	12.220 	12.600 	12.220 	1.47M 	3.11%
Sep 13, 2013 	12.220 	12.300 	12.300 	12.060 	4.01M 	-0.97%
Sep 12, 2013 	12.340 	12.060 	12.520 	11.900 	6.15M 	3.70%
Sep 11, 2013 	11.900 	11.880 	12.100 	11.420 	7.25M 	1.71%
Sep 10, 2013 	11.700 	12.020 	12.140 	11.660 	10.85M 	-2.50%
Sep 09, 2013 	12.000 	12.380 	12.380 	12.000 	754.80K 	-1.64%
Sep 06, 2013 	12.200 	12.380 	12.380 	12.200 	603.50K 	0.00%
Sep 05, 2013 	12.200 	12.800 	12.800 	12.200 	1.04M 	-4.69%
Sep 04, 2013 	12.800 	12.900 	12.900 	12.300 	1.40M 	-0.78%
Sep 03, 2013 	12.900 	12.760 	13.000 	12.700 	924.10K 	2.54%
Sep 02, 2013 	12.580 	12.860 	12.860 	12.400 	744.30K 	-0.94%
Aug 30, 2013 	12.700 	12.280 	13.000 	12.260 	5.72M 	4.10%
Aug 29, 2013 	12.200 	12.000 	12.300 	12.000 	9.51M 	1.67%
Aug 28, 2013 	12.000 	12.500 	12.500 	11.800 	7.46M 	-4.00%
Aug 27, 2013 	12.500 	13.120 	13.120 	12.480 	2.14M 	-4.58%
Aug 23, 2013 	13.100 	13.480 	13.480 	13.020 	4.04M 	-2.82%
Aug 22, 2013 	13.480 	13.600 	13.700 	13.160 	507.40K 	-3.02%
Aug 16, 2013 	13.900 	13.400 	13.900 	13.400 	144.70K 	3.73%
Aug 15, 2013 	13.400 	13.960 	13.960 	13.400 	531.20K 	-3.60%
Aug 14, 2013 	13.900 	13.520 	13.900 	13.500 	649.50K 	1.61%
Aug 13, 2013 	13.680 	13.240 	13.800 	13.240 	2.38M 	3.32%
Aug 12, 2013 	13.240 	13.740 	13.740 	13.020 	3.78M 	-4.06%
Aug 08, 2013 	13.800 	13.900 	13.900 	13.760 	790.90K 	-0.29%
Aug 07, 2013 	13.840 	14.080 	14.080 	13.780 	1.05M 	-0.86%
Aug 06, 2013 	13.960 	13.980 	14.080 	13.740 	3.67M 	-0.14%
Aug 05, 2013 	13.980 	13.900 	14.000 	13.860 	1.74M 	-0.14%
Aug 02, 2013 	14.000 	14.000 	14.180 	13.860 	3.91M 	0.00%
Aug 01, 2013 	14.000 	14.460 	14.460 	13.980 	1.36M 	-1.27%
Jul 31, 2013 	14.180 	14.640 	14.640 	14.100 	696.60K 	-3.14%
Jul 30, 2013 	14.640 	14.800 	14.900 	14.600 	647.20K 	-0.95%
Jul 29, 2013 	14.780 	14.820 	14.880 	14.700 	4.31M 	-0.27%
Jul 26, 2013 	14.820 	14.800 	15.100 	14.520 	4.93M 	0.14%
Jul 25, 2013 	14.800 	14.600 	15.080 	14.600 	4.52M 	1.37%
Jul 24, 2013 	14.600 	14.420 	14.720 	14.380 	4.59M 	1.39%
Jul 23, 2013 	14.400 	14.080 	14.500 	14.080 	1.77M 	2.27%
Jul 22, 2013 	14.080 	14.140 	14.180 	14.000 	445.10K 	-0.42%
Jul 19, 2013 	14.140 	14.300 	14.300 	13.900 	604.80K 	-0.56%
Jul 18, 2013 	14.220 	13.800 	14.340 	13.800 	4.19M 	3.04%
Jul 17, 2013 	13.800 	14.300 	14.300 	13.620 	3.76M 	-3.50%
Jul 16, 2013 	14.300 	14.280 	14.500 	14.260 	349.40K 	0.14%
Jul 15, 2013 	14.280 	14.400 	14.400 	14.200 	500.00K 	-0.14%
Jul 12, 2013 	14.300 	14.660 	14.780 	14.160 	1.31M 	-2.46%
Jul 11, 2013 	14.660 	13.900 	14.720 	13.500 	10.06M 	7.01%
Jul 10, 2013 	13.700 	13.780 	13.920 	13.360 	3.99M 	0.74%
Jul 09, 2013 	13.600 	13.600 	13.780 	13.400 	2.10M 	0.00%
Jul 08, 2013 	13.600 	13.900 	13.900 	13.500 	1.83M 	-3.27%
Jul 05, 2013 	14.060 	13.900 	14.180 	13.840 	1.79M 	1.74%
Jul 04, 2013 	13.820 	13.900 	13.960 	13.820 	2.03M 	-0.58%
Jul 03, 2013 	13.900 	13.600 	13.980 	13.600 	4.81M 	2.96%
Jul 02, 2013 	13.500 	13.200 	14.000 	13.200 	3.79M 	3.05%
Jul 01, 2013 	13.100 	13.000 	13.240 	12.900 	1.98M 	0.77%
Jun 28, 2013 	13.000 	13.200 	13.420 	13.000 	5.21M 	-0.15%
Jun 27, 2013 	13.020 	13.200 	13.380 	12.900 	13.40M 	-0.76%
Jun 26, 2013 	13.120 	12.740 	13.200 	12.740 	11.82M 	3.96%
Jun 25, 2013 	12.620 	13.240 	13.240 	12.300 	16.67M 	-4.83%
Jun 24, 2013 	13.260 	13.800 	13.800 	12.900 	7.34M 	-4.60%
Jun 21, 2013 	13.900 	14.000 	14.000 	13.560 	3.77M 	-1.14%
Jun 20, 2013 	14.060 	14.100 	14.300 	14.020 	4.84M 	-1.68%
Jun 19, 2013 	14.300 	14.380 	14.420 	14.160 	7.31M 	0.70%
Jun 18, 2013 	14.200 	14.200 	14.380 	14.120 	7.70M 	0.00%
Jun 17, 2013 	14.200 	13.980 	14.200 	13.960 	4.15M 	1.57%
Jun 14, 2013 	13.980 	13.540 	14.480 	13.540 	8.47M 	3.25%
Jun 13, 2013 	13.540 	14.580 	14.580 	13.500 	9.30M 	-7.01%
Jun 11, 2013 	14.560 	14.980 	14.980 	14.240 	4.44M 	-2.80%
Jun 10, 2013 	14.980 	15.080 	15.080 	14.920 	7.27M 	-0.53%
Jun 07, 2013 	15.060 	15.000 	15.100 	14.900 	5.89M 	0.40%
Jun 06, 2013 	15.000 	14.900 	15.080 	14.500 	5.17M 	0.67%
Jun 05, 2013 	14.900 	15.000 	15.040 	14.780 	2.33M 	-0.67%
Jun 04, 2013 	15.000 	15.120 	15.120 	14.500 	5.66M 	-0.79%
Jun 03, 2013 	15.120 	15.180 	15.180 	14.720 	1.77M 	-0.40%
May 31, 2013 	15.180 	15.000 	15.180 	14.800 	1.09M 	1.20%
May 30, 2013 	15.000 	15.500 	15.500 	14.880 	4.54M 	-3.10%
May 29, 2013 	15.480 	15.020 	15.600 	14.960 	4.85M 	3.61%
May 28, 2013 	14.940 	15.260 	15.300 	14.900 	3.92M 	-1.97%
May 27, 2013 	15.240 	15.740 	15.900 	15.200 	5.60M 	-4.15%
May 24, 2013 	15.900 	15.700 	15.900 	15.320 	3.87M 	1.92%
May 23, 2013 	15.600 	16.000 	16.060 	15.460 	5.96M 	-2.50%
May 22, 2013 	16.000 	15.960 	16.000 	15.800 	6.02M 	1.78%
May 21, 2013 	15.720 	15.960 	15.960 	15.500 	1.29M 	-1.50%
May 20, 2013 	15.960 	15.900 	16.100 	15.900 	5.84M 	0.13%
May 17, 2013 	15.940 	15.820 	16.000 	15.820 	2.63M 	0.76%
May 16, 2013 	15.820 	16.200 	16.200 	15.800 	7.94M 	-2.22%
May 15, 2013 	16.180 	16.280 	16.300 	16.140 	6.11M 	-0.12%
May 14, 2013 	16.200 	16.140 	16.280 	16.140 	3.36M 	0.37%
May 10, 2013 	16.140 	16.000 	16.200 	15.980 	6.10M 	0.87%
May 09, 2013 	16.000 	16.140 	16.300 	16.000 	5.63M 	-0.87%
May 08, 2013 	16.140 	15.900 	16.280 	15.880 	5.90M 	1.89%
May 07, 2013 	15.840 	15.660 	15.880 	15.660 	5.16M 	1.15%
May 06, 2013 	15.660 	15.600 	15.860 	15.580 	10.15M 	1.16%
May 03, 2013 	15.480 	15.300 	15.600 	15.300 	2.86M 	1.18%
May 02, 2013 	15.300 	15.380 	15.400 	15.100 	3.40M 	-0.65%
Apr 30, 2013 	15.400 	15.400 	15.500 	15.400 	2.46M 	0.00%
Apr 29, 2013 	15.400 	15.300 	15.580 	15.220 	6.76M 	0.79%
Apr 26, 2013 	15.280 	15.360 	15.360 	15.240 	2.89M 	-0.65%
Apr 25, 2013 	15.380 	15.200 	15.440 	15.040 	5.03M 	1.18%
Apr 24, 2013 	15.200 	15.340 	15.340 	15.020 	2.04M 	-0.91%
Apr 23, 2013 	15.340 	15.420 	15.420 	15.220 	4.92M 	-0.52%
Apr 22, 2013 	15.420 	15.320 	15.500 	15.320 	3.37M 	0.52%
Apr 19, 2013 	15.340 	15.300 	15.360 	15.220 	6.03M 	0.26%
Apr 18, 2013 	15.300 	15.300 	15.400 	15.220 	6.79M 	0.00%
Apr 17, 2013 	15.300 	15.340 	15.460 	15.280 	9.78M 	-0.26%
Apr 16, 2013 	15.340 	15.400 	15.520 	15.320 	4.54M 	-1.29%
Apr 15, 2013 	15.540 	15.540 	15.620 	15.520 	2.37M 	0.00%
Apr 12, 2013 	15.540 	15.620 	15.700 	15.500 	4.21M 	-0.51%
Apr 11, 2013 	15.620 	15.500 	15.760 	15.480 	6.51M 	0.77%
Apr 10, 2013 	15.500 	15.440 	15.540 	15.240 	4.55M 	0.52%
Apr 08, 2013 	15.420 	14.900 	15.420 	14.900 	13.43M 	3.49%
Apr 05, 2013 	14.900 	14.800 	14.900 	14.760 	5.27M 	0.68%
Apr 04, 2013 	14.800 	14.860 	15.040 	14.800 	7.50M 	-0.40%
Apr 03, 2013 	14.860 	14.620 	15.000 	14.620 	17.06M 	2.20%
Apr 02, 2013 	14.540 	14.400 	14.780 	14.400 	11.10M 	0.97%
Apr 01, 2013 	14.400 	14.320 	14.500 	14.160 	4.05M 	0.70%
Mar 27, 2013 	14.300 	14.040 	14.400 	14.000 	7.86M 	1.85%
Mar 26, 2013 	14.040 	14.000 	14.100 	13.980 	1.65M 	0.29%
Mar 25, 2013 	14.000 	14.000 	14.100 	13.820 	1.15M 	0.00%
Mar 22, 2013 	14.000 	13.820 	14.080 	13.820 	8.58M 	0.72%
Mar 21, 2013 	13.900 	13.700 	13.900 	13.600 	3.23M 	1.76%
Mar 20, 2013 	13.660 	13.700 	13.760 	13.380 	10.30M 	0.44%
Mar 19, 2013 	13.600 	13.900 	13.900 	13.300 	13.28M 	-2.16%
Mar 18, 2013 	13.900 	14.300 	14.300 	13.840 	17.03M 	-3.47%
Mar 15, 2013 	14.400 	14.280 	14.400 	14.120 	10.94M 	0.84%
Mar 14, 2013 	14.280 	14.360 	14.400 	14.120 	8.80M 	-0.56%
Mar 13, 2013 	14.360 	14.420 	14.440 	14.200 	5.89M 	-0.28%
Mar 12, 2013 	14.400 	14.240 	14.480 	14.160 	19.42M 	1.41%
Mar 11, 2013 	14.200 	14.140 	14.220 	14.040 	7.14M 	0.42%
Mar 08, 2013 	14.140 	14.000 	14.420 	13.940 	34.85M 	2.46%
Mar 07, 2013 	13.800 	13.960 	13.960 	13.780 	11.86M 	-1.43%
Mar 06, 2013 	14.000 	13.860 	14.060 	13.860 	18.92M 	0.86%
Mar 05, 2013 	13.880 	13.660 	13.900 	13.580 	10.94M 	1.31%
Mar 04, 2013 	13.700 	13.760 	13.980 	13.400 	8.86M 	-0.44%
Mar 01, 2013 	13.760 	13.920 	14.040 	13.620 	9.42M 	-1.01%
Feb 28, 2013 	13.900 	13.600 	13.940 	13.600 	18.85M 	2.81%
Feb 27, 2013 	13.520 	13.600 	13.700 	13.480 	5.80M 	-0.59%
Feb 26, 2013 	13.600 	13.680 	13.800 	13.500 	3.19M 	-0.58%
Feb 25, 2013 	13.680 	13.700 	13.900 	13.600 	5.35M 	0.44%
Feb 22, 2013 	13.620 	13.660 	13.660 	13.200 	11.85M 	0.89%
Feb 21, 2013 	13.500 	13.700 	13.700 	13.400 	10.76M 	-1.60%
Feb 20, 2013 	13.720 	14.180 	14.280 	13.500 	12.93M 	-2.00%
Feb 19, 2013 	14.000 	13.500 	14.000 	13.500 	22.15M 	3.86%
Feb 18, 2013 	13.480 	13.080 	13.500 	12.960 	9.97M 	3.37%
Feb 15, 2013 	13.040 	12.940 	13.040 	12.900 	16.43M 	1.09%
Feb 14, 2013 	12.900 	12.720 	12.980 	12.660 	11.43M 	2.38%
Feb 13, 2013 	12.600 	12.480 	12.780 	12.360 	9.05M 	0.96%
Feb 12, 2013 	12.480 	12.600 	12.600 	12.400 	6.57M 	-0.64%
Feb 11, 2013 	12.560 	12.560 	12.800 	12.500 	9.39M 	-0.16%
Feb 08, 2013 	12.580 	12.660 	12.800 	12.500 	15.26M 	-0.47%
Feb 07, 2013 	12.640 	12.700 	12.840 	12.480 	8.23M 	0.16%
Feb 06, 2013 	12.620 	12.560 	12.800 	12.460 	17.93M 	0.80%
Feb 05, 2013 	12.520 	12.180 	12.720 	12.020 	21.33M 	1.79%
Feb 04, 2013 	12.300 	11.560 	12.400 	11.560 	36.10M 	7.52%
Feb 01, 2013 	11.440 	11.000 	11.520 	11.000 	19.70M 	4.19%
Jan 31, 2013 	10.980 	11.300 	11.400 	10.980 	10.24M 	-1.79%
Jan 30, 2013 	11.180 	10.980 	11.280 	10.980 	14.34M 	1.64%
Jan 29, 2013 	11.000 	10.800 	11.140 	10.740 	28.21M 	2.61%
Jan 28, 2013 	10.720 	10.500 	10.800 	10.500 	15.54M 	2.10%
Jan 25, 2013 	10.500 	10.400 	10.500 	10.380 	1.74M 	0.96%
Jan 24, 2013 	10.400 	10.400 	10.400 	10.360 	5.47M 	0.00%
Jan 23, 2013 	10.400 	10.380 	10.400 	10.380 	571.60K 	0.00%
Jan 22, 2013 	10.400 	10.400 	10.500 	10.380 	3.24M 	0.00%
Jan 21, 2013 	10.400 	10.480 	10.500 	10.400 	4.26M 	-0.76%
Jan 18, 2013 	10.480 	10.520 	10.540 	10.460 	2.95M 	-0.19%
Jan 17, 2013 	10.500 	10.500 	10.680 	10.460 	3.09M 	0.38%
Jan 16, 2013 	10.460 	10.440 	10.500 	10.420 	3.71M 	0.19%
Jan 15, 2013 	10.440 	10.400 	10.460 	10.400 	2.19M 	0.38%
Jan 14, 2013 	10.400 	10.500 	10.500 	10.380 	2.96M 	0.00%
Jan 11, 2013 	10.400 	10.400 	10.500 	10.380 	1.11M 	0.19%
Jan 10, 2013 	10.380 	10.440 	10.460 	10.380 	1.85M 	-0.76%
Jan 09, 2013 	10.460 	10.400 	10.580 	10.400 	2.86M 	0.58%
Jan 08, 2013 	10.400 	10.400 	10.680 	10.380 	2.33M 	0.00%
Jan 07, 2013 	10.400 	10.380 	10.420 	10.360 	5.66M 	0.00%
Jan 04, 2013 	10.400 	10.400 	10.400 	10.360 	1.13M 	0.00%
Jan 03, 2013 	10.400 	10.400 	10.400 	10.360 	2.52M 	0.00%
Jan 02, 2013 	10.400 	10.440 	10.440 	10.360 	1.76M 	-0.57%
Dec 28, 2012 	10.460 	10.400 	10.460 	10.380 	4.31M 	0.77%
Dec 27, 2012 	10.380 	10.440 	10.440 	10.380 	290.40K 	-0.19%
Dec 26, 2012 	10.400 	10.380 	10.420 	10.340 	2.24M 	0.58%
Dec 21, 2012 	10.340 	10.400 	10.420 	10.340 	1.93M 	-0.39%
Dec 20, 2012 	10.380 	10.460 	10.460 	10.380 	2.09M 	-0.76%
Dec 19, 2012 	10.460 	10.400 	10.460 	10.380 	2.35M 	0.58%
Dec 18, 2012 	10.400 	10.400 	10.400 	10.380 	1.11M 	0.00%
Dec 17, 2012 	10.400 	10.500 	10.540 	10.360 	4.39M 	-0.57%
Dec 14, 2012 	10.460 	10.540 	10.540 	10.460 	2.21M 	-0.76%
Dec 13, 2012 	10.540 	10.380 	10.600 	10.380 	6.59M 	1.35%
Dec 12, 2012 	10.400 	10.440 	10.460 	10.380 	1.36M 	-0.38%
Dec 11, 2012 	10.440 	10.460 	10.480 	10.400 	1.77M 	0.00%
Dec 10, 2012 	10.440 	10.440 	10.460 	10.360 	1.16M 	0.38%
Dec 07, 2012 	10.400 	10.400 	10.440 	10.360 	5.59M 	0.00%
Dec 06, 2012 	10.400 	10.500 	10.500 	10.340 	4.97M 	-0.38%
Dec 05, 2012 	10.440 	10.480 	10.500 	10.400 	3.32M 	0.19%
Dec 04, 2012 	10.420 	10.580 	10.580 	10.220 	9.89M 	-0.57%
Dec 03, 2012 	10.480 	10.700 	10.700 	10.480 	4.08M 	-1.13%
Nov 29, 2012 	10.600 	10.580 	10.700 	10.540 	6.23M 	0.19%
Nov 28, 2012 	10.580 	10.520 	10.640 	10.500 	28.73M 	0.76%
Nov 27, 2012 	10.500 	10.620 	10.620 	10.500 	2.27M 	-0.94%
Nov 26, 2012 	10.600 	10.620 	10.620 	10.540 	2.45M 	0.00%
Nov 23, 2012 	10.600 	10.600 	10.640 	10.420 	1.82M 	0.00%
Nov 22, 2012 	10.600 	10.500 	10.700 	10.480 	1.79M 	0.95%
Nov 21, 2012 	10.500 	10.380 	10.540 	10.380 	5.17M 	1.16%
Nov 20, 2012 	10.380 	10.540 	10.600 	10.380 	3.02M 	-1.52%
Nov 19, 2012 	10.540 	10.700 	10.700 	10.500 	1.53M 	-1.50%
Nov 16, 2012 	10.700 	10.600 	10.700 	10.520 	714.00K 	0.38%
Nov 15, 2012 	10.660 	10.680 	10.680 	10.460 	1.60M 	-0.37%
Nov 14, 2012 	10.700 	10.700 	10.720 	10.620 	1.55M 	0.00%
Nov 13, 2012 	10.700 	10.600 	10.780 	10.600 	2.30M 	-0.74%
Nov 12, 2012 	10.780 	10.740 	10.800 	10.700 	2.20M 	0.37%
Nov 09, 2012 	10.740 	10.700 	10.740 	10.700 	2.11M 	0.37%
Nov 08, 2012 	10.700 	10.700 	10.740 	10.700 	2.33M 	-0.93%
Nov 07, 2012 	10.800 	10.820 	10.860 	10.740 	3.16M 	-0.18%
Nov 06, 2012 	10.820 	10.900 	10.920 	10.760 	4.02M 	-0.73%
Nov 05, 2012 	10.900 	10.800 	10.960 	10.800 	1.01M 	0.37%
Oct 31, 2012 	10.860 	10.800 	10.860 	10.800 	3.17M 	0.18%
Oct 30, 2012 	10.840 	10.800 	10.860 	10.780 	5.25M 	0.37%
Oct 29, 2012 	10.800 	10.860 	10.900 	10.800 	2.43M 	-0.18%
Oct 25, 2012 	10.820 	10.800 	10.860 	10.760 	1.81M 	-0.73%
Oct 24, 2012 	10.900 	10.760 	10.940 	10.720 	1.26M 	0.93%
Oct 23, 2012 	10.800 	10.860 	10.880 	10.800 	1.54M 	-0.55%
Oct 22, 2012 	10.860 	10.980 	10.980 	10.740 	3.66M 	-1.27%
Oct 19, 2012 	11.000 	10.840 	11.000 	10.840 	823.50K 	0.36%
Oct 18, 2012 	10.960 	10.940 	10.960 	10.840 	1.90M 	0.18%
Oct 17, 2012 	10.940 	11.000 	11.040 	10.900 	1.38M 	-0.55%
Oct 16, 2012 	11.000 	11.040 	11.040 	10.960 	5.99M 	0.18%
Oct 15, 2012 	10.980 	10.920 	11.100 	10.920 	3.93M 	0.73%
Oct 12, 2012 	10.900 	11.000 	11.020 	10.800 	2.48M 	-1.09%
Oct 11, 2012 	11.020 	10.880 	11.020 	10.800 	9.52M 	1.29%
Oct 10, 2012 	10.880 	10.940 	10.940 	10.780 	21.60M 	-0.18%
Oct 09, 2012 	10.900 	11.020 	11.080 	10.820 	5.75M 	-1.27%
Oct 08, 2012 	11.040 	11.000 	11.100 	10.900 	2.40M 	0.36%
Oct 05, 2012 	11.000 	10.800 	11.100 	10.800 	21.89M 	2.04%
Oct 04, 2012 	10.780 	10.780 	10.820 	10.660 	19.98M 	-0.19%
Oct 03, 2012 	10.800 	10.760 	10.920 	10.680 	7.17M 	0.37%
Oct 02, 2012 	10.760 	10.500 	10.800 	10.480 	10.36M 	2.48%
Oct 01, 2012 	10.500 	10.440 	10.560 	10.400 	5.29M 	0.57%
Sep 28, 2012 	10.440 	10.400 	10.440 	10.320 	2.43M 	0.38%
Sep 27, 2012 	10.400 	10.400 	10.400 	10.280 	1.28M 	0.00%
Sep 26, 2012 	10.400 	10.380 	10.400 	10.200 	988.80K 	0.00%
Sep 25, 2012 	10.400 	10.220 	10.400 	10.220 	2.73M 	0.97%
Sep 24, 2012 	10.300 	10.420 	10.440 	10.220 	2.25M 	0.39%
Sep 21, 2012 	10.260 	10.360 	10.360 	10.100 	9.50M 	-0.97%
Sep 20, 2012 	10.360 	10.500 	10.540 	10.340 	1.89M 	-1.33%
Sep 19, 2012 	10.500 	10.500 	10.540 	10.480 	1.74M 	0.00%
Sep 18, 2012 	10.500 	10.600 	10.600 	10.500 	1.96M 	-0.94%
Sep 17, 2012 	10.600 	10.620 	10.620 	10.520 	1.48M 	0.00%
Sep 14, 2012 	10.600 	10.580 	10.660 	10.560 	5.64M 	0.57%
Sep 13, 2012 	10.540 	10.400 	10.560 	10.300 	3.53M 	1.54%
Sep 12, 2012 	10.380 	10.300 	10.440 	10.300 	2.79M 	0.39%
Sep 11, 2012 	10.340 	10.440 	10.440 	10.200 	1.61M 	-0.96%
Sep 10, 2012 	10.440 	10.200 	10.600 	10.200 	13.03M 	2.35%
Sep 07, 2012 	10.200 	10.200 	10.240 	10.020 	2.05M 	0.00%
Sep 06, 2012 	10.200 	10.000 	10.200 	9.950 	560.50K 	2.00%
Sep 05, 2012 	10.000 	9.990 	10.000 	9.950 	2.32M 	0.20%
Sep 04, 2012 	9.980 	10.000 	10.000 	9.970 	713.60K 	-0.10%
Sep 03, 2012 	9.990 	10.060 	10.160 	9.950 	643.90K 	0.40%
Aug 31, 2012 	9.950 	10.140 	10.140 	9.880 	2.66M 	-0.50%
Aug 30, 2012 	10.000 	10.140 	10.180 	9.980 	2.83M 	-1.38%
Aug 29, 2012 	10.140 	10.160 	10.180 	10.140 	3.46M 	-0.20%
Aug 28, 2012 	10.160 	10.200 	10.260 	10.040 	1.01M 	-0.20%
Aug 24, 2012 	10.180 	10.300 	10.360 	10.140 	1.55M 	-1.17%
Aug 23, 2012 	10.300 	10.220 	10.420 	10.220 	13.55M 	2.18%
Aug 22, 2012 	10.080 	10.080 	10.240 	9.980 	2.40M 	0.00%
Aug 17, 2012 	10.080 	10.160 	10.160 	10.020 	1.03M 	-0.79%
Aug 16, 2012 	10.160 	10.000 	10.160 	9.910 	2.40M 	1.60%
Aug 15, 2012 	10.000 	9.830 	10.000 	9.820 	1.73M 	1.32%
Aug 14, 2012 	9.870 	9.850 	9.870 	9.740 	1.62M 	0.71%
Aug 13, 2012 	9.800 	9.800 	9.850 	9.750 	527.00K 	0.00%
Aug 10, 2012 	9.800 	9.900 	9.900 	9.700 	10.16M 	-2.97%
Aug 09, 2012 	10.100 	10.100 	10.100 	10.040 	102.00K 	0.00%
Aug 08, 2012 	10.100 	10.100 	10.100 	10.040 	495.10K 	0.00%
Aug 06, 2012 	10.100 	10.160 	10.200 	10.080 	287.80K 	0.60%
Aug 03, 2012 	10.040 	10.140 	10.180 	10.040 	1.24M 	-1.57%
Aug 02, 2012 	10.200 	10.240 	10.240 	10.060 	2.12M 	-0.39%
Aug 01, 2012 	10.240 	10.160 	10.240 	10.120 	599.90K 	-0.19%
Jul 31, 2012 	10.260 	10.100 	10.260 	10.100 	1.07M 	1.18%
Jul 30, 2012 	10.140 	10.120 	10.140 	10.100 	1.08M 	0.40%
Jul 27, 2012 	10.100 	10.000 	10.100 	9.990 	1.31M 	1.00%
Jul 26, 2012 	10.000 	10.000 	10.060 	9.960 	490.70K 	0.00%
Jul 25, 2012 	10.000 	10.000 	10.000 	9.940 	1.33M 	0.00%
Jul 24, 2012 	10.000 	10.000 	10.000 	9.940 	1.90M 	0.00%
Jul 23, 2012 	10.000 	10.100 	10.100 	9.980 	3.61M 	-0.99%
Jul 20, 2012 	10.100 	10.100 	10.100 	10.060 	294.20K 	0.00%
Jul 19, 2012 	10.100 	10.100 	10.100 	10.060 	3.51M 	-0.20%
Jul 18, 2012 	10.120 	10.160 	10.160 	10.100 	1.40M 	-0.39%
Jul 17, 2012 	10.160 	10.120 	10.160 	10.100 	4.40M 	0.40%
Jul 16, 2012 	10.120 	10.120 	10.140 	10.080 	3.35M 	0.00%
Jul 13, 2012 	10.120 	10.180 	10.300 	10.100 	1.62M 	0.00%
Jul 12, 2012 	10.120 	10.100 	10.140 	10.080 	4.20M 	0.00%
Jul 11, 2012 	10.120 	10.120 	10.140 	10.080 	2.33M 	0.20%
Jul 10, 2012 	10.100 	10.220 	10.220 	10.080 	5.44M 	-1.17%
Jul 09, 2012 	10.220 	10.200 	10.220 	10.080 	2.36M 	0.20%
Jul 06, 2012 	10.200 	10.340 	10.340 	10.200 	2.83M 	-1.35%
Jul 05, 2012 	10.340 	10.320 	10.360 	10.280 	888.90K 	0.19%
Jul 04, 2012 	10.320 	10.300 	10.380 	10.280 	2.44M 	0.19%
Jul 03, 2012 	10.300 	10.200 	10.360 	10.120 	4.55M 	1.78%
Jul 02, 2012 	10.120 	10.080 	10.160 	10.040 	1.12M 	1.20%
Jun 29, 2012 	10.000 	10.040 	10.060 	9.990 	3.99M 	-0.60%
Jun 28, 2012 	10.060 	10.120 	10.120 	10.000 	2.50M 	-0.59%
Jun 27, 2012 	10.120 	10.120 	10.180 	10.100 	2.28M 	-0.20%
Jun 26, 2012 	10.140 	10.140 	10.180 	10.120 	1.64M 	0.00%
Jun 25, 2012 	10.140 	10.200 	10.200 	10.140 	455.70K 	0.00%
Jun 22, 2012 	10.140 	10.120 	10.140 	10.080 	1.87M 	-0.20%
Jun 21, 2012 	10.160 	10.260 	10.260 	10.120 	978.50K 	-0.97%
Jun 20, 2012 	10.260 	10.200 	10.280 	10.200 	507.50K 	0.59%
Jun 19, 2012 	10.200 	10.180 	10.320 	10.080 	5.38M 	0.20%
Jun 18, 2012 	10.180 	10.000 	10.180 	10.000 	986.30K 	1.80%
Jun 15, 2012 	10.000 	10.120 	10.120 	9.990 	3.30M 	-1.19%
Jun 14, 2012 	10.120 	10.200 	10.200 	10.060 	2.02M 	0.20%
Jun 13, 2012 	10.100 	10.320 	10.320 	10.100 	2.54M 	-2.13%
Jun 11, 2012 	10.320 	10.320 	10.320 	10.160 	3.20M 	1.18%
Jun 08, 2012 	10.200 	10.400 	10.400 	10.200 	2.81M 	-1.54%
Jun 07, 2012 	10.360 	10.360 	10.380 	10.240 	922.10K 	0.00%
Jun 06, 2012 	10.360 	10.140 	10.400 	10.100 	3.22M 	2.37%
Jun 05, 2012 	10.120 	10.100 	10.160 	10.080 	1.77M 	0.60%
Jun 04, 2012 	10.060 	10.140 	10.140 	10.040 	2.31M 	-0.98%
Jun 01, 2012 	10.160 	10.120 	10.160 	10.120 	505.90K 	0.00%
May 31, 2012 	10.160 	10.160 	10.180 	10.060 	1.00M 	0.40%
May 30, 2012 	10.120 	10.180 	10.200 	10.120 	749.40K 	-0.59%
May 29, 2012 	10.180 	10.140 	10.180 	10.100 	1.73M 	0.00%
May 28, 2012 	10.180 	10.260 	10.260 	10.140 	371.00K 	-0.20%
May 25, 2012 	10.200 	10.180 	10.200 	10.140 	793.40K 	0.20%
May 24, 2012 	10.180 	10.260 	10.260 	10.100 	1.34M 	-1.17%
May 23, 2012 	10.300 	10.340 	10.340 	10.220 	183.30K 	-0.39%
May 22, 2012 	10.340 	10.180 	10.340 	10.160 	919.50K 	0.39%
May 21, 2012 	10.300 	10.160 	10.340 	10.100 	461.80K 	1.78%
May 18, 2012 	10.120 	10.260 	10.260 	10.100 	1.32M 	-0.98%
May 17, 2012 	10.220 	10.100 	10.300 	10.100 	1.38M 	1.19%
May 16, 2012 	10.100 	10.140 	10.200 	10.060 	2.09M 	-0.39%
May 15, 2012 	10.140 	10.260 	10.260 	10.100 	3.37M 	-1.36%
May 14, 2012 	10.280 	10.340 	10.340 	10.120 	4.03M 	-0.77%
May 11, 2012 	10.360 	10.420 	10.420 	10.360 	2.57M 	-0.58%
May 10, 2012 	10.420 	10.560 	10.560 	10.340 	4.04M 	-1.33%
May 09, 2012 	10.560 	10.660 	10.660 	10.540 	4.13M 	-0.94%
May 08, 2012 	10.660 	10.660 	10.660 	10.600 	2.31M 	0.00%
May 07, 2012 	10.660 	10.700 	10.720 	10.600 	1.37M 	-0.74%
May 04, 2012 	10.740 	10.840 	10.840 	10.700 	2.36M 	-0.56%
May 03, 2012 	10.800 	10.780 	10.820 	10.760 	2.47M 	0.37%
May 02, 2012 	10.760 	10.700 	10.880 	10.700 	6.36M 	0.75%
Apr 30, 2012 	10.680 	10.620 	10.700 	10.600 	2.84M 	0.56%
Apr 27, 2012 	10.620 	10.640 	10.660 	10.600 	727.30K 	-0.19%
Apr 26, 2012 	10.640 	10.640 	10.680 	10.620 	1.72M 	0.00%
Apr 25, 2012 	10.640 	10.660 	10.660 	10.600 	4.18M 	-0.19%
Apr 24, 2012 	10.660 	10.640 	10.660 	10.580 	2.56M 	0.00%
Apr 23, 2012 	10.660 	10.660 	10.660 	10.600 	2.37M 	0.00%
Apr 20, 2012 	10.660 	10.600 	10.660 	10.500 	2.78M 	0.57%
Apr 19, 2012 	10.600 	10.600 	10.700 	10.580 	7.81M 	0.00%
Apr 18, 2012 	10.600 	10.560 	10.760 	10.560 	6.03M 	0.57%
Apr 17, 2012 	10.540 	10.500 	10.560 	10.480 	4.44M 	0.38%
Apr 16, 2012 	10.500 	10.560 	10.580 	10.460 	3.91M 	-0.76%
Apr 13, 2012 	10.580 	10.660 	10.680 	10.580 	10.37M 	0.00%
Apr 12, 2012 	10.580 	10.660 	10.660 	10.580 	4.02M 	-0.19%
Apr 11, 2012 	10.600 	10.680 	10.680 	10.520 	5.22M 	-0.75%
Apr 10, 2012 	10.680 	10.680 	10.780 	10.660 	2.52M 	0.00%
Apr 04, 2012 	10.680 	10.600 	10.900 	10.600 	8.99M 	1.14%
Apr 03, 2012 	10.560 	10.480 	10.680 	10.460 	14.12M 	1.54%
Apr 02, 2012 	10.400 	10.260 	10.480 	10.220 	5.03M 	1.76%
Mar 30, 2012 	10.220 	10.340 	10.480 	10.220 	6.35M 	-1.16%
Mar 29, 2012 	10.340 	10.160 	10.360 	9.990 	20.78M 	1.97%
Mar 28, 2012 	10.140 	9.980 	10.280 	9.970 	11.63M 	1.60%
Mar 27, 2012 	9.980 	9.960 	9.990 	9.930 	9.93M 	0.20%
Mar 26, 2012 	9.960 	9.970 	9.980 	9.950 	3.36M 	-0.10%
Mar 23, 2012 	9.970 	10.000 	10.020 	9.940 	5.13M 	0.10%
Mar 22, 2012 	9.960 	9.960 	9.990 	9.900 	15.15M 	0.00%
Mar 21, 2012 	9.960 	10.000 	10.020 	9.960 	3.85M 	-0.10%
Mar 20, 2012 	9.970 	9.980 	10.000 	9.960 	7.75M 	-0.10%
Mar 19, 2012 	9.980 	9.980 	10.020 	9.950 	6.79M 	0.30%
Mar 16, 2012 	9.950 	9.930 	10.000 	9.930 	4.07M 	0.40%
Mar 15, 2012 	9.910 	10.000 	10.040 	9.910 	14.23M 	-0.90%
Mar 14, 2012 	10.000 	10.000 	10.080 	9.980 	13.34M 	0.00%
Mar 13, 2012 	10.000 	10.080 	10.180 	9.980 	15.11M 	-0.79%
Mar 12, 2012 	10.080 	10.120 	10.140 	10.040 	6.45M 	0.00%
Mar 09, 2012 	10.080 	10.060 	10.160 	10.060 	3.22M 	0.40%
Mar 08, 2012 	10.040 	10.120 	10.200 	10.000 	16.36M 	-0.59%
Mar 07, 2012 	10.100 	10.060 	10.100 	10.040 	3.82M 	0.20%
Mar 06, 2012 	10.080 	10.160 	10.160 	10.040 	2.62M 	-0.59%
Mar 05, 2012 	10.140 	10.060 	10.200 	10.040 	1.68M 	1.20%
Mar 02, 2012 	10.020 	10.320 	10.360 	10.000 	11.50M 	-2.53%