Feb 07, 2018 	36.50 	36.55 	37.30 	36.50 	1.24M 	1.25%
Feb 06, 2018 	36.05 	36.70 	36.80 	36.05 	2.14M 	-2.57%
Feb 05, 2018 	37.00 	37.45 	37.45 	36.95 	1.27M 	-2.37%
Feb 02, 2018 	37.90 	37.25 	37.90 	37.20 	7.55M 	1.74%
Feb 01, 2018 	37.25 	37.90 	37.90 	37.25 	4.28M 	-1.72%
Jan 31, 2018 	37.90 	37.95 	37.95 	36.85 	3.92M 	-0.26%
Jan 30, 2018 	38.00 	38.20 	38.20 	37.75 	1.61M 	-0.52%
Jan 29, 2018 	38.20 	38.60 	38.90 	38.10 	1.59M 	-0.91%
Jan 26, 2018 	38.55 	38.70 	38.90 	38.30 	1.19M 	-0.39%
Jan 25, 2018 	38.70 	38.15 	39.00 	38.15 	1.25M 	2.25%
Jan 24, 2018 	37.85 	38.90 	39.05 	37.85 	2.91M 	-2.07%
Jan 23, 2018 	38.65 	38.30 	38.95 	38.15 	1.47M 	1.18%
Jan 22, 2018 	38.20 	38.40 	38.40 	37.60 	984.10K 	-0.91%
Jan 19, 2018 	38.55 	38.40 	38.70 	38.20 	999.50K 	0.39%
Jan 18, 2018 	38.40 	38.80 	39.10 	38.20 	4.29M 	-0.78%
Jan 17, 2018 	38.70 	38.55 	38.80 	38.50 	3.49M 	0.52%
Jan 16, 2018 	38.50 	37.70 	38.50 	37.30 	2.27M 	3.77%
Jan 15, 2018 	37.10 	37.00 	37.75 	37.00 	385.30K 	0.27%
Jan 12, 2018 	37.00 	37.85 	38.05 	36.70 	3.90M 	-2.25%
Jan 11, 2018 	37.85 	38.25 	38.40 	37.75 	1.88M 	-0.39%
Jan 10, 2018 	38.00 	36.20 	38.30 	36.15 	7.82M 	3.97%
Jan 09, 2018 	36.55 	36.35 	36.80 	36.15 	1.82M 	1.53%
Jan 08, 2018 	36.00 	36.80 	36.95 	36.00 	2.78M 	-0.96%
Jan 05, 2018 	36.35 	36.60 	37.10 	36.30 	1.01M 	0.14%
Jan 04, 2018 	36.30 	36.15 	36.70 	36.15 	526.30K 	0.55%
Jan 03, 2018 	36.10 	37.00 	37.40 	36.05 	1.31M 	-1.90%
Dec 29, 2017 	36.80 	37.50 	37.75 	36.80 	2.36M 	-1.87%
Dec 28, 2017 	37.50 	37.00 	37.50 	36.90 	6.51M 	1.63%
Dec 27, 2017 	36.90 	36.80 	37.00 	36.60 	1.29M 	0.27%
Dec 22, 2017 	36.80 	36.35 	36.85 	36.35 	371.20K 	2.22%
Dec 21, 2017 	36.00 	37.00 	37.00 	35.90 	2.70M 	-2.70%
Dec 20, 2017 	37.00 	36.30 	37.00 	36.00 	2.18M 	2.64%
Dec 19, 2017 	36.05 	36.00 	36.30 	35.80 	3.67M 	0.56%
Dec 18, 2017 	35.85 	35.30 	36.00 	35.30 	3.39M 	2.14%
Dec 15, 2017 	35.10 	37.00 	37.00 	35.10 	12.08M 	-5.14%
Dec 14, 2017 	37.00 	37.80 	37.90 	36.10 	3.03M 	-2.12%
Dec 13, 2017 	37.80 	37.50 	38.00 	37.05 	2.58M 	2.30%
Dec 12, 2017 	36.95 	37.70 	38.35 	36.80 	1.53M 	-1.73%
Dec 11, 2017 	37.60 	37.05 	37.95 	37.05 	4.36M 	1.76%
Dec 08, 2017 	36.95 	39.00 	39.10 	36.80 	4.70M 	-2.76%
Dec 07, 2017 	38.00 	36.30 	38.50 	35.50 	7.60M 	7.04%
Dec 06, 2017 	35.50 	35.70 	35.70 	35.20 	5.49M 	-0.56%
Dec 05, 2017 	35.70 	35.35 	36.20 	35.35 	1.72M 	0.99%
Dec 04, 2017 	35.35 	35.45 	36.40 	34.85 	970.00K 	-0.14%
Dec 01, 2017 	35.40 	36.00 	36.55 	35.20 	577.80K 	-1.67%
Nov 29, 2017 	36.00 	35.60 	36.65 	34.70 	4.87M 	1.84%
Nov 28, 2017 	35.35 	37.00 	37.15 	35.00 	5.90M 	-6.97%
Nov 27, 2017 	38.00 	36.50 	38.00 	36.40 	570.90K 	4.11%
Nov 24, 2017 	36.50 	37.05 	37.05 	36.15 	2.24M 	-1.48%
Nov 23, 2017 	37.05 	37.10 	37.20 	36.65 	2.23M 	0.82%
Nov 22, 2017 	36.75 	36.20 	37.00 	36.20 	3.14M 	1.80%
Nov 21, 2017 	36.10 	37.00 	37.10 	36.00 	2.51M 	-0.69%
Nov 20, 2017 	36.35 	36.80 	36.80 	36.20 	2.71M 	-1.22%
Nov 17, 2017 	36.80 	38.00 	38.00 	36.80 	3.50M 	-1.60%
Nov 16, 2017 	37.40 	37.50 	38.05 	37.20 	2.05M 	-0.27%
Nov 15, 2017 	37.50 	38.50 	39.15 	37.50 	2.41M 	-3.10%
Nov 14, 2017 	38.70 	37.50 	38.80 	37.20 	2.51M 	4.31%
Nov 13, 2017 	37.10 	38.00 	38.80 	37.00 	4.61M 	-3.13%
Nov 10, 2017 	38.30 	38.50 	39.50 	37.60 	7.16M 	-0.52%
Nov 09, 2017 	38.50 	41.35 	41.40 	38.50 	10.12M 	-7.89%
Nov 08, 2017 	41.80 	42.45 	42.45 	41.40 	788.40K 	-0.36%
Nov 07, 2017 	41.95 	42.00 	42.00 	41.40 	1.44M 	0.00%
Nov 06, 2017 	41.95 	41.00 	41.95 	40.95 	885.40K 	1.57%
Nov 03, 2017 	41.30 	41.75 	42.50 	41.30 	2.20M 	-0.48%
Nov 02, 2017 	41.50 	42.55 	42.60 	41.50 	1.59M 	-2.35%
Oct 30, 2017 	42.50 	41.95 	42.50 	41.95 	1.10M 	-0.12%
Oct 27, 2017 	42.55 	42.55 	42.55 	41.70 	837.50K 	0.00%
Oct 26, 2017 	42.55 	42.55 	43.20 	42.40 	1.16M 	0.00%
Oct 25, 2017 	42.55 	43.20 	43.90 	42.50 	3.19M 	-0.58%
Oct 24, 2017 	42.80 	42.00 	43.00 	41.00 	2.41M 	4.65%
Oct 23, 2017 	40.90 	41.40 	41.50 	40.05 	4.06M 	-0.49%
Oct 20, 2017 	41.10 	42.00 	42.00 	41.10 	3.66M 	-2.14%
Oct 19, 2017 	42.00 	42.00 	42.70 	41.65 	4.15M 	0.60%
Oct 18, 2017 	41.75 	43.50 	43.95 	41.75 	4.73M 	-4.02%
Oct 17, 2017 	43.50 	44.25 	44.60 	43.50 	4.82M 	-1.69%
Oct 13, 2017 	44.25 	44.90 	44.90 	44.10 	2.34M 	-1.67%
Oct 12, 2017 	45.00 	45.00 	45.05 	44.00 	2.18M 	-0.33%
Oct 11, 2017 	45.15 	45.25 	46.20 	44.90 	2.24M 	-0.55%
Oct 10, 2017 	45.40 	46.00 	46.30 	45.40 	719.50K 	-1.41%
Oct 09, 2017 	46.05 	45.05 	46.50 	45.05 	687.40K 	0.11%
Oct 06, 2017 	46.00 	45.50 	46.15 	45.10 	2.04M 	5.50%
Oct 05, 2017 	43.60 	46.00 	46.20 	43.60 	555.10K 	-5.11%
Oct 04, 2017 	45.95 	46.00 	46.40 	45.90 	1.43M 	-0.33%
Oct 03, 2017 	46.10 	46.60 	46.60 	45.90 	1.35M 	-1.07%
Oct 02, 2017 	46.60 	46.70 	46.70 	46.50 	555.40K 	-0.21%
Sep 29, 2017 	46.70 	47.40 	47.40 	46.65 	539.90K 	-1.48%
Sep 28, 2017 	47.40 	45.60 	47.40 	45.55 	2.43M 	4.18%
Sep 27, 2017 	45.50 	45.35 	46.00 	45.00 	1.80M 	0.33%
Sep 26, 2017 	45.35 	45.60 	46.10 	45.20 	584.30K 	-0.55%
Sep 25, 2017 	45.60 	47.00 	47.00 	45.30 	2.77M 	-1.94%
Sep 22, 2017 	46.50 	46.90 	47.00 	46.50 	655.40K 	0.32%
Sep 21, 2017 	46.35 	47.00 	47.00 	46.15 	1.74M 	0.43%
Sep 20, 2017 	46.15 	47.85 	47.85 	46.15 	1.33M 	-0.75%
Sep 19, 2017 	46.50 	48.50 	48.50 	46.50 	1.38M 	-2.92%
Sep 18, 2017 	47.90 	48.40 	48.75 	47.55 	3.29M 	-0.21%
Sep 15, 2017 	48.00 	47.90 	48.40 	47.80 	6.29M 	2.13%
Sep 14, 2017 	47.00 	46.20 	47.40 	46.20 	4.06M 	3.07%
Sep 13, 2017 	45.60 	49.00 	50.00 	45.00 	3.64M 	1.90%
Sep 11, 2017 	44.75 	44.75 	45.45 	44.50 	4.28M 	0.56%
Sep 08, 2017 	44.50 	44.50 	44.52 	43.55 	1.27M 	0.56%
Sep 07, 2017 	44.25 	43.60 	45.05 	43.52 	2.15M 	2.12%
Sep 06, 2017 	43.33 	43.60 	43.60 	43.27 	2.97M 	-0.62%
Sep 05, 2017 	43.60 	43.75 	43.75 	43.48 	836.28K 	0.18%
Sep 04, 2017 	43.52 	43.00 	43.67 	43.00 	1.61M 	0.28%
Aug 31, 2017 	43.40 	43.00 	43.75 	42.50 	15.66M 	1.52%
Aug 30, 2017 	42.75 	42.08 	43.20 	42.08 	1.68M 	1.30%
Aug 29, 2017 	42.20 	42.38 	42.42 	42.05 	1.42M 	-0.52%
Aug 25, 2017 	42.42 	42.50 	42.50 	42.38 	1.22M 	-0.77%
Aug 24, 2017 	42.75 	42.75 	43.00 	42.30 	1.17M 	0.59%
Aug 23, 2017 	42.50 	42.48 	42.73 	42.45 	514.08K 	0.05%
Aug 22, 2017 	42.48 	42.48 	42.48 	42.00 	1.16M 	2.98%
Aug 18, 2017 	41.25 	42.39 	42.44 	41.03 	2.59M 	-2.69%
Aug 17, 2017 	42.39 	42.68 	42.95 	42.22 	1.47M 	-0.75%
Aug 16, 2017 	42.71 	40.91 	42.90 	40.91 	2.24M 	4.15%
Aug 15, 2017 	41.01 	41.13 	41.30 	40.76 	2.09M 	-0.58%
Aug 14, 2017 	41.25 	40.23 	41.35 	40.23 	4.17M 	2.54%
Aug 11, 2017 	40.23 	40.76 	40.76 	39.92 	3.90M 	-0.30%
Aug 10, 2017 	40.35 	40.64 	40.98 	40.35 	2.82M 	0.30%
Aug 09, 2017 	40.23 	40.40 	40.67 	40.16 	3.31M 	-0.42%
Aug 08, 2017 	40.40 	40.81 	40.81 	40.40 	1.65M 	-0.79%
Aug 07, 2017 	40.72 	40.74 	40.86 	40.64 	1.78M 	0.20%
Aug 04, 2017 	40.64 	40.98 	40.98 	40.50 	2.72M 	0.35%
Aug 03, 2017 	40.50 	40.30 	41.01 	40.30 	3.65M 	0.60%
Aug 02, 2017 	40.26 	40.52 	41.25 	40.04 	4.96M 	-0.64%
Aug 01, 2017 	40.52 	41.15 	41.49 	40.50 	7.08M 	-1.48%
Jul 31, 2017 	41.13 	42.15 	42.15 	41.13 	2.72M 	-1.91%
Jul 28, 2017 	41.93 	42.22 	42.56 	41.74 	2.32M 	-1.09%
Jul 27, 2017 	42.39 	42.34 	42.54 	42.22 	2.69M 	0.40%
Jul 26, 2017 	42.22 	41.54 	42.44 	41.49 	3.05M 	1.76%
Jul 25, 2017 	41.49 	40.79 	42.20 	40.79 	5.54M 	1.72%
Jul 24, 2017 	40.79 	40.81 	40.86 	40.55 	4.06M 	0.07%
Jul 21, 2017 	40.76 	40.11 	40.81 	40.04 	5.56M 	1.67%
Jul 20, 2017 	40.09 	39.38 	40.57 	39.38 	7.52M 	1.80%
Jul 19, 2017 	39.38 	38.85 	40.04 	38.82 	10.19M 	1.36%
Jul 18, 2017 	38.85 	38.85 	38.90 	38.82 	4.54M 	-0.05%
Jul 17, 2017 	38.87 	38.82 	39.07 	38.82 	2.87M 	-0.08%
Jul 14, 2017 	38.90 	38.85 	38.97 	38.82 	5.43M 	-0.10%
Jul 13, 2017 	38.94 	39.07 	39.45 	38.85 	4.80M 	-0.33%
Jul 12, 2017 	39.07 	39.07 	39.07 	38.92 	4.35M 	0.21%
Jul 11, 2017 	38.99 	39.07 	39.11 	38.87 	2.32M 	0.23%
Jul 10, 2017 	38.90 	38.90 	38.92 	38.80 	3.04M 	0.00%
Jul 07, 2017 	38.90 	38.82 	39.02 	38.82 	3.05M 	-0.10%
Jul 06, 2017 	38.94 	39.07 	39.11 	38.85 	6.34M 	0.23%
Jul 05, 2017 	38.85 	38.87 	38.87 	38.80 	4.03M 	-0.05%
Jul 04, 2017 	38.87 	38.90 	39.07 	38.77 	4.25M 	-0.18%
Jul 03, 2017 	38.94 	38.94 	39.28 	38.82 	4.25M 	0.00%
Jun 30, 2017 	38.94 	39.19 	39.19 	38.90 	10.16M 	-0.33%
Jun 29, 2017 	39.07 	39.11 	39.31 	39.02 	3.49M 	-0.18%
Jun 28, 2017 	39.14 	39.26 	39.55 	38.97 	1.55M 	-0.43%
Jun 27, 2017 	39.31 	39.55 	39.55 	39.26 	4.04M 	1.00%
Jun 23, 2017 	38.92 	39.04 	39.79 	38.82 	5.82M 	0.18%
Jun 22, 2017 	38.85 	38.97 	38.97 	38.82 	3.79M 	-0.31%
Jun 21, 2017 	38.97 	38.92 	38.97 	38.77 	3.41M 	0.13%
Jun 20, 2017 	38.92 	38.94 	39.02 	38.77 	3.77M 	0.00%
Jun 19, 2017 	38.92 	38.82 	38.97 	38.82 	4.44M 	0.31%
Jun 16, 2017 	38.80 	38.34 	38.90 	38.34 	6.20M 	1.33%
Jun 15, 2017 	38.29 	38.82 	39.19 	38.29 	3.88M 	-1.37%
Jun 14, 2017 	38.82 	38.70 	38.94 	38.63 	2.84M 	0.00%
Jun 13, 2017 	38.82 	38.94 	39.07 	38.58 	4.44M 	-0.31%
Jun 09, 2017 	38.94 	39.31 	40.04 	38.94 	4.77M 	0.00%
Jun 08, 2017 	38.94 	39.33 	39.89 	38.94 	6.24M 	-0.87%
Jun 07, 2017 	39.28 	38.94 	40.04 	38.94 	5.88M 	0.92%
Jun 06, 2017 	38.92 	38.82 	39.50 	38.82 	6.03M 	0.26%
Jun 05, 2017 	38.82 	38.34 	39.43 	38.17 	2.46M 	1.57%
Jun 02, 2017 	38.22 	38.34 	38.58 	38.14 	5.51M 	-0.23%
Jun 01, 2017 	38.31 	38.34 	38.77 	38.27 	3.56M 	-0.08%
May 31, 2017 	38.34 	38.34 	38.56 	38.31 	3.85M 	0.13%
May 30, 2017 	38.29 	38.29 	38.36 	38.19 	2.44M 	0.00%
May 29, 2017 	38.29 	38.29 	38.36 	38.22 	2.41M 	0.00%
May 26, 2017 	38.29 	38.51 	38.51 	38.27 	3.69M 	-0.57%
May 25, 2017 	38.51 	38.56 	38.82 	38.41 	2.98M 	-0.05%
May 24, 2017 	38.53 	38.53 	38.92 	38.48 	7.31M 	-1.26%
May 23, 2017 	39.02 	38.63 	39.31 	38.31 	4.15M 	1.85%
May 22, 2017 	38.31 	38.34 	38.70 	38.22 	4.21M 	-0.08%
May 19, 2017 	38.34 	38.36 	38.53 	38.24 	4.40M 	-0.62%
May 18, 2017 	38.58 	38.53 	38.58 	38.34 	4.51M 	0.13%
May 17, 2017 	38.53 	38.36 	38.82 	38.36 	2.23M 	0.63%
May 16, 2017 	38.29 	38.34 	38.58 	38.24 	2.89M 	0.05%
May 15, 2017 	38.27 	38.58 	38.82 	38.12 	3.09M 	-0.80%
May 12, 2017 	38.58 	39.58 	39.67 	38.12 	5.40M 	-2.03%
May 11, 2017 	39.38 	39.31 	39.79 	39.28 	5.25M 	0.18%
May 10, 2017 	39.31 	38.85 	39.65 	38.82 	4.62M 	1.45%
May 09, 2017 	38.75 	39.41 	39.41 	38.58 	6.49M 	-1.77%
May 08, 2017 	39.45 	37.73 	39.45 	37.61 	6.29M 	5.03%
May 05, 2017 	37.56 	37.59 	37.66 	37.46 	5.27M 	-0.13%
May 04, 2017 	37.61 	37.61 	38.22 	37.59 	5.83M 	0.40%
May 03, 2017 	37.46 	36.88 	37.85 	36.88 	4.84M 	2.18%
May 02, 2017 	36.66 	36.15 	36.98 	36.11 	3.63M 	1.41%
Apr 27, 2017 	36.15 	36.30 	36.35 	36.13 	6.86M 	-0.55%
Apr 26, 2017 	36.35 	36.30 	36.59 	36.25 	3.72M 	0.14%
Apr 25, 2017 	36.30 	36.01 	36.59 	36.01 	2.84M 	0.67%
Apr 24, 2017 	36.06 	36.06 	36.25 	36.01 	1.65M 	0.00%
Apr 21, 2017 	36.06 	36.25 	36.25 	36.01 	1.50M 	-0.52%
Apr 20, 2017 	36.25 	36.32 	36.32 	36.13 	1.12M 	-0.19%
Apr 19, 2017 	36.32 	36.40 	36.62 	36.25 	3.13M 	-0.22%
Apr 18, 2017 	36.40 	36.47 	36.52 	36.40 	1.64M 	-0.33%
Apr 17, 2017 	36.52 	36.76 	36.76 	36.32 	995.28K 	-0.65%
Apr 12, 2017 	36.76 	37.12 	37.12 	36.54 	2.44M 	-0.97%
Apr 11, 2017 	37.12 	36.64 	37.51 	36.64 	4.20M 	1.12%
Apr 10, 2017 	36.71 	36.59 	37.12 	36.42 	1.75M 	0.33%
Apr 07, 2017 	36.59 	36.42 	37.10 	36.42 	2.53M 	0.47%
Apr 06, 2017 	36.42 	37.22 	37.22 	36.37 	2.93M 	-3.34%
Apr 05, 2017 	37.68 	37.08 	37.71 	36.91 	9.23M 	1.62%
Apr 04, 2017 	37.08 	36.64 	37.27 	36.40 	4.46M 	2.29%
Apr 03, 2017 	36.25 	35.81 	36.64 	35.81 	2.81M 	1.23%
Mar 31, 2017 	35.81 	35.77 	36.15 	35.77 	5.44M 	0.11%
Mar 30, 2017 	35.77 	35.69 	36.15 	35.67 	6.04M 	0.22%
Mar 29, 2017 	35.69 	35.86 	36.03 	35.67 	4.12M 	-0.28%
Mar 28, 2017 	35.79 	35.67 	36.15 	35.55 	3.11M 	0.68%
Mar 27, 2017 	35.55 	35.91 	36.35 	35.04 	4.03M 	0.28%
Mar 24, 2017 	35.45 	35.64 	35.64 	35.31 	3.57M 	0.62%
Mar 23, 2017 	35.23 	35.18 	35.55 	35.18 	2.68M 	0.14%
Mar 22, 2017 	35.18 	35.23 	36.59 	35.09 	7.33M 	-0.14%
Mar 21, 2017 	35.23 	35.18 	35.55 	35.16 	3.48M 	0.20%
Mar 20, 2017 	35.16 	35.06 	35.72 	35.06 	3.19M 	0.29%
Mar 17, 2017 	35.06 	34.72 	35.21 	34.55 	4.63M 	0.89%
Mar 16, 2017 	34.75 	35.52 	35.64 	34.67 	3.47M 	-2.17%
Mar 15, 2017 	35.52 	35.79 	35.91 	34.97 	2.83M 	-0.75%
Mar 14, 2017 	35.79 	36.64 	36.64 	35.72 	2.80M 	-2.32%
Mar 13, 2017 	36.64 	35.77 	36.74 	35.67 	5.44M 	2.43%
Mar 10, 2017 	35.77 	35.91 	36.15 	35.77 	765.56K 	-0.25%
Mar 09, 2017 	35.86 	36.13 	36.13 	35.84 	1.70M 	0.39%
Mar 08, 2017 	35.72 	35.67 	35.91 	35.67 	1.61M 	0.14%
Mar 07, 2017 	35.67 	35.91 	36.11 	35.67 	1.99M 	-0.67%
Mar 06, 2017 	35.91 	35.72 	36.15 	35.21 	3.50M 	1.21%
Mar 03, 2017 	35.48 	35.57 	35.69 	35.33 	810.24K 	0.14%
Mar 02, 2017 	35.43 	35.62 	35.72 	35.16 	3.27M 	-0.25%
Mar 01, 2017 	35.52 	34.50 	35.72 	34.50 	3.75M 	2.87%
Feb 28, 2017 	34.53 	34.58 	34.72 	34.21 	7.72M 	-0.14%
Feb 27, 2017 	34.58 	34.26 	34.94 	34.16 	9.23M 	1.08%
Feb 24, 2017 	34.21 	36.86 	37.46 	34.21 	9.30M 	-5.37%
Feb 23, 2017 	36.15 	35.14 	36.40 	34.72 	9.76M 	2.76%
Feb 22, 2017 	35.18 	34.24 	35.18 	34.04 	4.86M 	2.75%
Feb 21, 2017 	34.24 	34.46 	34.94 	34.24 	6.38M 	0.09%
Feb 20, 2017 	34.21 	33.24 	35.67 	33.22 	11.97M 	2.92%
Feb 17, 2017 	33.24 	32.88 	33.32 	32.85 	6.33M 	1.09%
Feb 16, 2017 	32.88 	32.88 	33.00 	32.61 	4.42M 	-0.15%
Feb 15, 2017 	32.93 	33.02 	33.02 	32.76 	4.68M 	-0.21%
Feb 14, 2017 	33.00 	32.95 	33.12 	32.81 	6.22M 	0.15%
Feb 13, 2017 	32.95 	33.00 	33.07 	32.66 	4.28M 	0.00%
Feb 10, 2017 	32.95 	32.98 	32.98 	32.76 	2.25M 	0.06%
Feb 09, 2017 	32.93 	32.95 	32.98 	32.90 	3.85M 	0.00%
Feb 08, 2017 	32.93 	32.85 	33.00 	32.85 	2.75M 	0.24%
Feb 07, 2017 	32.85 	32.95 	33.10 	32.78 	3.00M 	-0.30%
Feb 06, 2017 	32.95 	32.76 	33.10 	32.76 	3.27M 	1.73%
Feb 03, 2017 	32.39 	32.76 	32.76 	32.27 	7.09M 	-1.13%
Feb 02, 2017 	32.76 	32.90 	32.90 	32.51 	1.71M 	-0.43%
Feb 01, 2017 	32.90 	33.24 	33.24 	32.51 	2.23M 	0.27%
Jan 31, 2017 	32.81 	33.63 	33.63 	32.49 	2.06M 	-1.80%
Jan 30, 2017 	33.41 	33.10 	33.49 	33.00 	1.91M 	0.78%
Jan 27, 2017 	33.15 	33.61 	33.61 	32.37 	6.58M 	-1.43%
Jan 26, 2017 	33.63 	33.73 	33.80 	33.58 	4.17M 	0.06%
Jan 25, 2017 	33.61 	33.63 	33.68 	33.58 	2.94M 	-0.21%
Jan 24, 2017 	33.68 	33.80 	33.83 	33.49 	5.25M 	-0.50%
Jan 23, 2017 	33.85 	33.95 	34.04 	33.63 	2.83M 	-0.15%
Jan 20, 2017 	33.90 	33.32 	33.97 	33.24 	4.00M 	1.99%
Jan 19, 2017 	33.24 	32.54 	33.36 	32.54 	6.65M 	2.15%
Jan 18, 2017 	32.54 	32.42 	32.68 	32.42 	1.29M 	0.31%
Jan 17, 2017 	32.44 	32.47 	32.71 	32.27 	3.56M 	-0.15%
Jan 16, 2017 	32.49 	32.54 	32.68 	32.44 	1.46M 	-0.06%
Jan 13, 2017 	32.51 	32.51 	32.73 	32.49 	3.51M 	0.00%
Jan 12, 2017 	32.51 	32.59 	32.59 	32.34 	3.41M 	0.00%
Jan 11, 2017 	32.51 	32.85 	32.88 	32.47 	7.38M 	-0.76%
Jan 10, 2017 	32.76 	32.27 	33.19 	32.27 	10.80M 	1.96%
Jan 09, 2017 	32.13 	32.13 	32.34 	32.10 	8.00M 	0.31%
Jan 06, 2017 	32.03 	32.27 	32.88 	31.84 	5.36M 	-0.59%
Jan 05, 2017 	32.22 	32.22 	33.15 	31.88 	9.21M 	0.00%
Jan 04, 2017 	32.22 	31.71 	32.51 	31.50 	3.34M 	1.61%
Jan 03, 2017 	31.71 	31.37 	31.71 	31.37 	297.12K 	0.54%
Dec 29, 2016 	31.54 	31.67 	31.67 	31.40 	3.20M 	-0.32%
Dec 28, 2016 	31.64 	31.54 	31.79 	31.54 	1.41M 	0.32%
Dec 27, 2016 	31.54 	31.30 	31.79 	31.30 	1.83M 	0.00%
Dec 23, 2016 	31.54 	31.54 	31.54 	31.18 	1.18M 	0.00%
Dec 22, 2016 	31.54 	32.01 	32.01 	31.33 	2.76M 	-1.47%
Dec 21, 2016 	32.01 	31.74 	32.01 	31.42 	891.68K 	0.53%
Dec 20, 2016 	31.84 	31.79 	31.91 	31.47 	1.80M 	-0.22%
Dec 19, 2016 	31.91 	31.91 	31.91 	31.79 	1.79M 	0.00%
Dec 16, 2016 	31.91 	31.91 	31.98 	31.79 	1.92M 	0.00%
Dec 15, 2016 	31.91 	31.91 	31.96 	31.67 	4.13M 	-0.75%
Dec 14, 2016 	32.15 	31.84 	32.51 	31.84 	5.29M 	0.97%
Dec 13, 2016 	31.84 	31.79 	31.93 	31.67 	3.80M 	-0.13%
Dec 12, 2016 	31.88 	31.93 	31.93 	31.79 	3.82M 	-0.16%
Dec 09, 2016 	31.93 	32.47 	32.47 	31.62 	3.16M 	0.22%
Dec 08, 2016 	31.86 	31.86 	31.91 	31.84 	2.35M 	0.00%
Dec 07, 2016 	31.86 	31.91 	31.93 	31.79 	2.08M 	-0.16%
Dec 06, 2016 	31.91 	32.03 	32.03 	31.79 	1.80M 	-0.22%
Dec 05, 2016 	31.98 	32.01 	32.25 	31.93 	1.14M 	-0.09%
Dec 02, 2016 	32.01 	32.03 	32.32 	31.54 	1.13M 	0.69%
Dec 01, 2016 	31.79 	32.27 	32.27 	31.79 	1.12M 	0.00%
Nov 29, 2016 	31.79 	32.03 	32.51 	31.79 	1.80M 	0.79%
Nov 28, 2016 	31.54 	31.42 	32.37 	31.40 	2.12M 	0.38%
Nov 25, 2016 	31.42 	31.91 	32.39 	31.30 	3.59M 	-3.35%
Nov 24, 2016 	32.51 	31.54 	32.51 	31.54 	3.05M 	3.21%
Nov 23, 2016 	31.50 	31.54 	32.03 	31.42 	1.57M 	0.25%
Nov 22, 2016 	31.42 	31.91 	32.76 	31.25 	2.47M 	-0.38%
Nov 21, 2016 	31.54 	32.39 	32.51 	31.18 	1.83M 	-2.62%
Nov 18, 2016 	32.39 	31.01 	32.76 	30.33 	10.97M 	6.37%
Nov 17, 2016 	30.45 	30.33 	31.06 	30.33 	2.82M 	0.86%
Nov 16, 2016 	30.19 	30.16 	30.28 	30.09 	734.92K 	0.10%
Nov 15, 2016 	30.16 	29.68 	30.40 	29.68 	599.36K 	0.63%
Nov 14, 2016 	29.97 	30.09 	30.19 	29.55 	1.45M 	-0.40%
Nov 11, 2016 	30.09 	30.74 	30.74 	29.85 	1.42M 	-2.11%
Nov 10, 2016 	30.74 	30.82 	31.30 	30.67 	3.73M 	0.79%
Nov 09, 2016 	30.50 	30.77 	30.82 	29.60 	3.89M 	0.56%
Nov 08, 2016 	30.33 	30.36 	30.77 	29.87 	1.42M 	0.56%
Nov 07, 2016 	30.16 	30.31 	30.31 	30.04 	3.15M 	-0.49%
Nov 04, 2016 	30.31 	29.60 	30.31 	29.60 	1.62M 	1.99%
Nov 03, 2016 	29.72 	29.60 	29.97 	29.53 	975.00K 	-1.62%
Nov 02, 2016 	30.21 	30.55 	30.55 	29.60 	366.88K 	-1.11%
Oct 28, 2016 	30.55 	30.72 	30.72 	30.33 	802.28K 	-0.78%
Oct 27, 2016 	30.79 	30.60 	30.82 	30.33 	1.88M 	0.72%
Oct 26, 2016 	30.57 	30.57 	30.67 	30.52 	2.32M 	0.00%
Oct 25, 2016 	30.57 	30.67 	30.82 	30.57 	1.41M 	1.19%
Oct 24, 2016 	30.21 	30.77 	30.82 	30.21 	903.12K 	-0.79%
Oct 21, 2016 	30.45 	30.67 	30.77 	30.33 	1.93M 	-0.78%
Oct 20, 2016 	30.69 	30.36 	30.82 	30.36 	3.06M 	0.00%
Oct 19, 2016 	30.69 	30.21 	31.06 	30.21 	3.88M 	1.59%
Oct 18, 2016 	30.21 	30.57 	31.18 	30.21 	4.53M 	-1.18%
Oct 17, 2016 	30.57 	29.36 	30.94 	29.36 	7.82M 	2.69%
Oct 14, 2016 	29.77 	28.78 	30.09 	28.63 	6.08M 	3.44%
Oct 13, 2016 	28.78 	29.34 	29.34 	28.73 	993.64K 	-1.57%
Oct 12, 2016 	29.24 	29.82 	29.82 	28.63 	1.43M 	-2.82%
Oct 11, 2016 	30.09 	29.14 	30.21 	29.12 	4.59M 	3.26%
Oct 10, 2016 	29.14 	29.29 	29.29 	28.88 	469.00K 	-0.34%
Oct 07, 2016 	29.24 	29.36 	29.36 	29.12 	2.69M 	0.41%
Oct 06, 2016 	29.12 	29.36 	29.36 	29.04 	4.51M 	-0.82%
Oct 05, 2016 	29.36 	29.60 	29.70 	28.88 	810.32K 	-0.81%
Oct 04, 2016 	29.60 	27.83 	29.70 	27.81 	7.02M 	6.36%
Oct 03, 2016 	27.83 	27.64 	27.93 	27.64 	2.94M 	0.69%
Sep 30, 2016 	27.64 	27.81 	27.81 	27.06 	8.45M 	-0.61%
Sep 29, 2016 	27.81 	27.76 	27.90 	27.54 	2.41M 	0.18%
Sep 28, 2016 	27.76 	27.66 	27.90 	27.59 	623.24K 	1.06%
Sep 27, 2016 	27.47 	28.03 	28.03 	27.32 	1.08M 	-2.00%
Sep 26, 2016 	28.03 	28.39 	28.39 	27.90 	1.18M 	-0.85%
Sep 23, 2016 	28.27 	28.54 	28.61 	28.03 	2.99M 	-0.42%
Sep 22, 2016 	28.39 	28.39 	28.39 	28.15 	3.31M 	0.00%
Sep 21, 2016 	28.39 	27.71 	28.44 	27.71 	3.02M 	2.45%
Sep 20, 2016 	27.71 	27.86 	28.39 	27.54 	4.37M 	4.76%
Sep 19, 2016 	26.45 	26.86 	26.86 	26.21 	1.35M 	-1.64%
Sep 16, 2016 	26.89 	26.21 	27.20 	25.79 	2.49M 	1.40%
Sep 15, 2016 	26.52 	26.45 	26.69 	26.45 	1.43M 	0.08%
Sep 14, 2016 	26.50 	26.79 	26.79 	24.99 	2.42M 	-1.08%
Sep 13, 2016 	26.79 	26.79 	26.93 	26.74 	1.61M 	-0.07%
Sep 09, 2016 	26.81 	27.06 	27.08 	26.81 	1.73M 	-0.92%
Sep 08, 2016 	27.06 	27.42 	27.42 	26.93 	2.25M 	-1.38%
Sep 07, 2016 	27.44 	27.49 	27.54 	27.37 	2.12M 	-0.36%
Sep 06, 2016 	27.54 	27.54 	27.59 	27.42 	3.02M 	0.00%
Sep 05, 2016 	27.54 	27.54 	27.54 	27.18 	734.48K 	0.00%
Sep 02, 2016 	27.54 	27.18 	27.69 	26.98 	3.35M 	2.08%
Sep 01, 2016 	26.98 	27.18 	27.18 	26.84 	1.74M 	0.26%
Aug 31, 2016 	26.91 	27.37 	27.37 	26.91 	2.17M 	-1.18%
Aug 30, 2016 	27.23 	27.42 	27.42 	27.01 	1.64M 	0.37%
Aug 26, 2016 	27.13 	27.27 	27.27 	26.93 	1.40M 	-0.51%
Aug 25, 2016 	27.27 	27.42 	27.42 	27.10 	1.87M 	-0.55%
Aug 24, 2016 	27.42 	27.42 	27.54 	27.27 	3.64M 	0.44%
Aug 23, 2016 	27.30 	27.73 	27.73 	26.89 	3.51M 	-1.05%
Aug 22, 2016 	27.59 	27.42 	27.86 	27.18 	5.76M 	1.51%
Aug 19, 2016 	27.18 	25.77 	27.42 	25.72 	9.67M 	5.88%
Aug 18, 2016 	25.67 	25.77 	26.01 	25.43 	4.64M 	2.03%
Aug 17, 2016 	25.16 	26.33 	26.69 	24.92 	6.97M 	-4.08%
Aug 16, 2016 	26.23 	25.55 	26.57 	25.55 	9.86M 	5.98%
Aug 15, 2016 	24.75 	24.46 	24.75 	23.17 	14.20M 	1.19%
Aug 12, 2016 	24.46 	25.72 	25.72 	23.78 	15.61M 	-7.52%
Aug 11, 2016 	26.45 	28.20 	28.49 	26.23 	5.08M 	-5.94%
Aug 10, 2016 	28.12 	28.34 	28.85 	27.78 	4.91M 	1.66%
Aug 09, 2016 	27.66 	28.34 	28.39 	27.54 	3.97M 	-2.40%
Aug 08, 2016 	28.34 	28.39 	28.63 	28.27 	2.38M 	-0.18%
Aug 05, 2016 	28.39 	28.58 	28.85 	28.39 	1.04M 	-0.66%
Aug 04, 2016 	28.58 	28.63 	29.12 	28.54 	2.20M 	-0.17%
Aug 03, 2016 	28.63 	28.97 	28.97 	28.51 	1.56M 	-1.17%
Aug 02, 2016 	28.97 	29.12 	29.12 	28.92 	1.03M 	-0.52%
Aug 01, 2016 	29.12 	28.97 	29.36 	28.92 	1.93M 	0.52%
Jul 29, 2016 	28.97 	29.00 	29.02 	28.92 	690.44K 	0.17%
Jul 28, 2016 	28.92 	29.04 	29.12 	28.85 	2.56M 	-0.28%
Jul 27, 2016 	29.00 	28.95 	29.07 	28.92 	1.82M 	0.28%
Jul 26, 2016 	28.92 	29.46 	29.48 	28.92 	2.12M 	-0.69%
Jul 25, 2016 	29.12 	29.36 	29.36 	29.09 	1.76M 	-0.82%
Jul 22, 2016 	29.36 	29.36 	29.58 	29.17 	1.75M 	0.93%
Jul 21, 2016 	29.09 	29.12 	29.36 	29.04 	1.67M 	0.73%
Jul 20, 2016 	28.88 	28.88 	29.58 	28.88 	1.71M 	0.77%
Jul 19, 2016 	28.66 	28.66 	29.12 	28.66 	1.31M 	0.10%
Jul 18, 2016 	28.63 	29.24 	29.24 	28.63 	1.65M 	-1.92%
Jul 15, 2016 	29.19 	29.34 	29.51 	29.19 	1.11M 	-0.41%
Jul 14, 2016 	29.31 	29.60 	29.60 	29.31 	455.32K 	-0.17%
Jul 13, 2016 	29.36 	29.24 	29.51 	29.21 	1.13M 	0.41%
Jul 12, 2016 	29.24 	29.36 	29.36 	29.19 	1.93M 	-0.41%
Jul 11, 2016 	29.36 	29.53 	29.85 	29.36 	775.08K 	-0.74%
Jul 08, 2016 	29.58 	29.85 	29.85 	29.41 	812.16K 	-1.69%
Jul 07, 2016 	30.09 	30.21 	30.21 	29.48 	928.56K 	-0.79%
Jul 05, 2016 	30.33 	29.82 	30.33 	29.00 	2.98M 	1.61%
Jul 04, 2016 	29.85 	30.48 	30.48 	29.72 	1.49M 	-2.07%
Jul 01, 2016 	30.48 	30.36 	30.60 	30.31 	2.11M 	0.40%
Jun 30, 2016 	30.36 	29.97 	30.43 	29.97 	3.36M 	1.30%
Jun 29, 2016 	29.97 	29.92 	30.09 	29.60 	1.96M 	0.40%
Jun 28, 2016 	29.85 	30.04 	30.06 	29.48 	1.77M 	0.00%
Jun 27, 2016 	29.85 	28.39 	30.09 	28.39 	3.69M 	5.14%
Jun 24, 2016 	28.39 	29.46 	29.97 	28.12 	5.56M 	-3.14%
Jun 23, 2016 	29.31 	28.88 	29.58 	27.18 	8.58M 	1.07%
Jun 22, 2016 	29.00 	31.01 	31.01 	29.00 	6.86M 	-7.94%
Jun 21, 2016 	31.50 	31.81 	32.03 	31.30 	4.51M 	0.25%
Jun 20, 2016 	31.42 	31.42 	31.81 	31.42 	2.11M 	0.38%
Jun 17, 2016 	31.30 	31.18 	31.37 	31.06 	1.87M 	0.38%
Jun 16, 2016 	31.18 	31.30 	31.35 	31.18 	875.92K 	-0.22%
Jun 15, 2016 	31.25 	31.47 	31.47 	31.23 	1.04M 	-0.16%
Jun 14, 2016 	31.30 	31.33 	31.47 	31.23 	535.84K 	-0.10%
Jun 13, 2016 	31.33 	31.54 	31.54 	31.08 	1.60M 	-0.13%
Jun 10, 2016 	31.37 	31.54 	32.15 	31.35 	1.61M 	-0.54%
Jun 09, 2016 	31.54 	31.71 	31.71 	31.37 	1.33M 	-0.54%
Jun 08, 2016 	31.71 	31.54 	32.15 	31.42 	7.30M 	0.99%
Jun 07, 2016 	31.40 	31.11 	31.79 	31.11 	2.75M 	0.71%
Jun 06, 2016 	31.18 	31.18 	31.54 	31.16 	1.78M 	0.00%
Jun 03, 2016 	31.18 	31.54 	31.54 	31.16 	1.40M 	-0.92%
Jun 02, 2016 	31.47 	31.11 	31.79 	31.06 	2.59M 	1.32%
Jun 01, 2016 	31.06 	31.42 	31.42 	31.03 	1.07M 	-0.77%
May 31, 2016 	31.30 	31.50 	31.50 	28.39 	7.21M 	-0.32%
May 30, 2016 	31.40 	31.47 	31.50 	31.20 	1.72M 	0.77%
May 27, 2016 	31.16 	30.84 	31.30 	30.84 	6.95M 	1.04%
May 26, 2016 	30.84 	30.94 	31.06 	30.82 	1.63M 	-0.06%
May 25, 2016 	30.86 	30.72 	30.94 	30.72 	3.71M 	0.55%
May 24, 2016 	30.69 	30.69 	30.82 	30.67 	3.67M 	0.00%
May 23, 2016 	30.69 	30.82 	30.82 	30.69 	1.26M 	-0.42%
May 20, 2016 	30.82 	30.94 	30.99 	30.69 	5.48M 	-0.55%
May 19, 2016 	30.99 	31.16 	31.18 	30.96 	972.12K 	-0.61%
May 18, 2016 	31.18 	31.30 	31.54 	31.06 	1.45M 	0.32%
May 17, 2016 	31.08 	31.28 	31.42 	31.06 	2.27M 	0.06%
May 16, 2016 	31.06 	30.69 	31.18 	30.69 	2.70M 	0.78%
May 13, 2016 	30.82 	30.94 	31.30 	30.82 	4.50M 	-0.39%
May 12, 2016 	30.94 	31.50 	31.50 	30.82 	2.72M 	-1.90%
May 11, 2016 	31.54 	31.50 	31.71 	31.30 	3.64M 	1.55%
May 10, 2016 	31.06 	30.67 	31.50 	30.62 	1.44M 	1.27%
May 06, 2016 	30.67 	30.57 	30.69 	30.57 	644.36K 	-0.07%
May 05, 2016 	30.69 	30.82 	30.82 	30.60 	960.08K 	-0.42%
May 04, 2016 	30.82 	30.79 	30.84 	30.79 	1.80M 	0.10%
May 03, 2016 	30.79 	30.45 	30.84 	30.45 	2.26M 	1.12%
May 02, 2016 	30.45 	31.28 	31.28 	30.33 	2.17M 	-1.20%
Apr 29, 2016 	30.82 	31.06 	31.18 	30.77 	589.72K 	-0.77%
Apr 28, 2016 	31.06 	30.79 	31.30 	30.79 	3.65M 	0.78%
Apr 27, 2016 	30.82 	30.99 	30.99 	30.77 	936.72K 	-0.06%
Apr 26, 2016 	30.84 	31.01 	31.01 	30.60 	2.71M 	0.88%
Apr 25, 2016 	30.57 	30.57 	30.57 	30.45 	5.71M 	0.00%
Apr 22, 2016 	30.57 	30.67 	30.69 	30.55 	1.05M 	0.00%
Apr 21, 2016 	30.57 	30.57 	30.69 	30.48 	2.20M 	0.00%
Apr 20, 2016 	30.57 	30.79 	30.82 	30.57 	2.14M 	-0.71%
Apr 19, 2016 	30.79 	30.60 	30.82 	30.60 	2.39M 	0.33%
Apr 18, 2016 	30.69 	30.82 	30.99 	30.69 	2.04M 	-0.42%
Apr 15, 2016 	30.82 	30.94 	30.94 	30.79 	1.52M 	-0.29%
Apr 14, 2016 	30.91 	31.01 	31.03 	30.89 	1.52M 	-0.10%
Apr 13, 2016 	30.94 	30.99 	31.01 	30.72 	4.28M 	-0.16%
Apr 12, 2016 	30.99 	31.30 	31.30 	30.69 	2.67M 	-0.13%
Apr 11, 2016 	31.03 	31.06 	31.18 	30.82 	1.51M 	0.68%
Apr 08, 2016 	30.82 	30.94 	30.96 	30.62 	1.65M 	-0.55%
Apr 07, 2016 	30.99 	31.06 	31.54 	30.94 	1.95M 	-0.23%
Apr 06, 2016 	31.06 	31.40 	31.42 	31.06 	4.81M 	-1.08%
Apr 05, 2016 	31.40 	31.86 	32.03 	31.40 	1.74M 	-1.44%
Apr 04, 2016 	31.86 	31.67 	31.86 	31.54 	506.48K 	0.60%
Apr 01, 2016 	31.67 	31.86 	32.03 	31.67 	87.28K 	-0.60%
Mar 31, 2016 	31.86 	32.03 	32.03 	31.81 	5.81M 	0.00%
Mar 30, 2016 	31.86 	31.79 	32.03 	31.76 	2.43M 	0.22%
Mar 29, 2016 	31.79 	31.88 	32.03 	31.74 	2.90M 	-0.28%
Mar 28, 2016 	31.88 	31.91 	32.27 	31.79 	621.16K 	-0.09%
Mar 23, 2016 	31.91 	31.98 	32.51 	31.88 	3.37M 	0.54%
Mar 22, 2016 	31.74 	32.39 	32.39 	31.01 	4.53M 	-1.28%
Mar 21, 2016 	32.15 	32.76 	33.00 	31.52 	6.52M 	-1.86%
Mar 18, 2016 	32.76 	33.49 	33.49 	32.76 	3.30M 	-2.18%
Mar 17, 2016 	33.49 	33.02 	33.49 	33.02 	831.32K 	1.48%
Mar 16, 2016 	33.00 	32.78 	33.68 	32.78 	2.32M 	-0.72%
Mar 15, 2016 	33.24 	32.85 	33.36 	32.66 	2.13M 	1.19%
Mar 14, 2016 	32.85 	32.05 	33.00 	32.05 	3.49M 	-0.39%
Mar 11, 2016 	32.98 	31.30 	32.98 	31.30 	2.20M 	4.57%
Mar 10, 2016 	31.54 	31.54 	31.59 	31.54 	1.09M 	0.77%
Mar 09, 2016 	31.30 	31.06 	31.54 	31.06 	1.97M 	0.77%
Mar 08, 2016 	31.06 	31.30 	31.30 	30.74 	1.65M 	1.11%
Mar 07, 2016 	30.72 	30.57 	30.82 	30.57 	779.44K 	0.49%
Mar 04, 2016 	30.57 	30.38 	30.72 	30.38 	1.53M 	0.69%
Mar 03, 2016 	30.36 	31.11 	31.11 	30.36 	888.92K 	-2.32%
Mar 02, 2016 	31.08 	31.01 	31.18 	30.69 	926.64K 	0.71%
Mar 01, 2016 	30.86 	30.09 	31.18 	30.09 	2.60M 	3.38%
Feb 29, 2016 	29.85 	29.85 	29.97 	29.80 	2.31M 	0.17%
Feb 26, 2016 	29.80 	29.77 	29.85 	29.75 	3.23M 	0.10%
Feb 24, 2016 	29.77 	30.09 	30.09 	29.70 	32.00K 	0.30%
Feb 23, 2016 	29.68 	29.72 	30.09 	29.48 	1.76M 	-0.40%
Feb 22, 2016 	29.80 	29.89 	29.89 	29.12 	2.87M 	-0.17%
Feb 19, 2016 	29.85 	29.94 	29.94 	29.60 	1.50M 	-0.40%
Feb 18, 2016 	29.97 	29.92 	29.97 	29.85 	808.64K 	0.17%
Feb 17, 2016 	29.92 	30.23 	30.23 	29.85 	1.62M 	1.08%
Feb 16, 2016 	29.60 	30.33 	30.33 	29.60 	2.34M 	-0.40%
Feb 15, 2016 	29.72 	29.63 	29.85 	29.24 	908.72K 	0.30%
Feb 12, 2016 	29.63 	29.97 	29.97 	29.17 	1.67M 	-0.80%
Feb 11, 2016 	29.87 	29.38 	30.09 	29.17 	2.20M 	1.32%
Feb 10, 2016 	29.48 	29.60 	29.68 	29.34 	2.70M 	-1.93%
Feb 09, 2016 	30.06 	30.57 	30.57 	29.60 	2.12M 	-1.76%
Feb 05, 2016 	30.60 	30.21 	30.82 	30.21 	1.55M 	1.29%
Feb 04, 2016 	30.21 	29.51 	30.48 	29.12 	3.17M 	2.72%
Feb 03, 2016 	29.41 	29.75 	29.75 	29.12 	1.66M 	-1.04%
Feb 02, 2016 	29.72 	29.24 	30.57 	29.24 	2.09M 	1.23%
Feb 01, 2016 	29.36 	28.80 	29.41 	28.80 	3.59M 	1.94%
Jan 29, 2016 	28.80 	29.36 	29.36 	28.75 	1.43M 	0.17%
Jan 28, 2016 	28.75 	28.78 	29.31 	28.46 	1.65M 	-0.10%
Jan 27, 2016 	28.78 	28.61 	29.36 	28.61 	1.97M 	0.59%
Jan 26, 2016 	28.61 	28.95 	28.97 	28.51 	2.09M 	-2.55%
Jan 25, 2016 	29.36 	30.33 	30.33 	28.95 	542.00K 	0.82%
Jan 22, 2016 	29.12 	28.97 	29.12 	28.92 	486.60K 	0.00%
Jan 21, 2016 	29.12 	29.60 	29.60 	28.88 	4.27M 	-2.74%
Jan 20, 2016 	29.94 	29.60 	30.04 	29.60 	409.44K 	0.30%
Jan 19, 2016 	29.85 	30.69 	30.69 	29.85 	3.86M 	-2.61%
Jan 18, 2016 	30.65 	30.60 	30.65 	30.31 	537.92K 	-0.13%
Jan 15, 2016 	30.69 	30.94 	30.94 	30.45 	493.04K 	-0.81%
Jan 14, 2016 	30.94 	30.62 	30.96 	30.57 	1.86M 	-1.15%
Jan 13, 2016 	31.30 	30.82 	31.71 	30.82 	1.62M 	2.69%
Jan 12, 2016 	30.48 	30.16 	31.54 	30.16 	438.00K 	0.10%
Jan 11, 2016 	30.45 	31.62 	31.62 	30.19 	1.25M 	-4.12%
Jan 08, 2016 	31.76 	31.74 	31.81 	31.62 	752.64K 	-0.09%
Jan 07, 2016 	31.79 	33.00 	33.00 	31.67 	2.12M 	-3.17%
Jan 06, 2016 	32.83 	32.76 	33.00 	32.76 	1.10M 	0.21%
Jan 05, 2016 	32.76 	32.76 	33.00 	32.64 	1.10M 	-1.09%
Jan 04, 2016 	33.12 	33.12 	33.12 	32.73 	461.96K 	0.00%
Dec 29, 2015 	33.12 	33.00 	33.24 	32.76 	1.58M 	1.10%
Dec 28, 2015 	32.76 	32.51 	33.00 	32.39 	1.30M 	0.77%
Dec 23, 2015 	32.51 	32.68 	32.68 	32.42 	971.40K 	1.18%
Dec 22, 2015 	32.13 	32.27 	32.68 	32.13 	541.92K 	-0.89%
Dec 21, 2015 	32.42 	32.37 	32.61 	32.27 	1.58M 	0.15%
Dec 18, 2015 	32.37 	32.51 	32.73 	32.27 	1.98M 	-1.55%
Dec 17, 2015 	32.88 	32.88 	32.88 	32.76 	926.08K 	1.42%
Dec 16, 2015 	32.42 	32.51 	32.51 	32.17 	2.46M 	0.68%
Dec 15, 2015 	32.20 	32.03 	32.32 	32.03 	1.46M 	-0.43%
Dec 14, 2015 	32.34 	31.81 	32.71 	31.81 	437.04K 	-1.28%
Dec 11, 2015 	32.76 	32.81 	32.95 	32.44 	2.11M 	-0.94%
Dec 10, 2015 	33.07 	33.00 	33.15 	32.98 	1.66M 	0.21%
Dec 09, 2015 	33.00 	32.83 	33.00 	32.81 	481.16K 	0.00%
Dec 08, 2015 	33.00 	33.00 	33.00 	32.83 	477.04K 	0.00%
Dec 07, 2015 	33.00 	33.07 	33.07 	32.90 	420.12K 	-0.06%
Dec 04, 2015 	33.02 	33.19 	33.19 	32.88 	172.84K 	-0.60%
Dec 03, 2015 	33.22 	33.22 	33.22 	32.85 	872.28K 	-0.06%
Dec 02, 2015 	33.24 	33.19 	33.24 	32.76 	301.12K 	0.00%
Dec 01, 2015 	33.24 	32.51 	33.24 	32.51 	603.28K 	0.73%
Nov 27, 2015 	33.00 	33.00 	33.24 	32.76 	2.50M 	0.00%
Nov 26, 2015 	33.00 	33.32 	33.32 	32.95 	1.42M 	-0.72%
Nov 25, 2015 	33.24 	33.19 	33.29 	32.95 	4.30M 	0.73%
Nov 24, 2015 	33.00 	32.51 	33.00 	32.51 	1.67M 	0.89%
Nov 23, 2015 	32.71 	33.19 	33.19 	32.51 	2.04M 	0.00%
Nov 20, 2015 	32.71 	32.90 	32.90 	32.03 	1.20M 	-0.73%
Nov 17, 2015 	32.95 	32.66 	33.22 	32.61 	1.04M 	0.89%
Nov 16, 2015 	32.66 	32.37 	32.66 	32.10 	864.08K 	-1.39%
Nov 13, 2015 	33.12 	32.39 	33.12 	32.37 	1.10M 	0.36%
Nov 12, 2015 	33.00 	33.22 	33.22 	32.37 	987.28K 	-0.72%
Nov 11, 2015 	33.24 	33.10 	33.24 	32.95 	115.40K 	0.21%
Nov 10, 2015 	33.17 	33.05 	33.22 	32.49 	1.48M 	0.36%
Nov 09, 2015 	33.05 	33.12 	33.24 	32.78 	1.08M 	-0.57%
Nov 06, 2015 	33.24 	32.76 	33.24 	32.51 	644.28K 	0.00%
Nov 05, 2015 	33.24 	33.12 	33.24 	33.00 	480.56K 	0.15%
Nov 04, 2015 	33.19 	33.49 	33.49 	32.76 	1.62M 	-0.60%
Nov 03, 2015 	33.39 	32.76 	33.49 	32.71 	1.01M 	1.92%
Nov 02, 2015 	32.76 	32.49 	32.78 	32.49 	983.32K 	0.83%
Oct 30, 2015 	32.49 	33.00 	33.00 	32.49 	170.20K 	-1.34%
Oct 29, 2015 	32.93 	33.10 	33.10 	32.83 	870.96K 	-0.51%
Oct 28, 2015 	33.10 	32.83 	33.24 	32.83 	1.09M 	0.52%
Oct 27, 2015 	32.93 	33.34 	33.34 	32.32 	987.84K 	-0.15%
Oct 26, 2015 	32.98 	32.39 	33.39 	32.39 	2.63M 	1.82%
Oct 23, 2015 	32.39 	31.50 	32.51 	31.42 	4.20M 	2.83%
Oct 22, 2015 	31.50 	31.50 	31.54 	31.37 	3.56M 	0.00%
Oct 21, 2015 	31.50 	31.88 	32.15 	31.50 	3.49M 	-0.91%
Oct 20, 2015 	31.79 	31.30 	31.79 	31.30 	1.86M 	1.57%
Oct 19, 2015 	31.30 	31.79 	31.79 	31.25 	8.54M 	-0.76%
Oct 16, 2015 	31.54 	33.00 	33.00 	31.30 	17.67M 	-4.42%
Oct 15, 2015 	33.00 	32.42 	33.24 	32.42 	2.40M 	1.79%
Oct 14, 2015 	32.42 	33.70 	33.70 	32.05 	1.31M 	-3.80%
Oct 13, 2015 	33.70 	34.21 	34.21 	33.51 	782.76K 	1.02%
Oct 12, 2015 	33.36 	33.51 	33.83 	33.36 	1.03M 	-1.65%
Oct 09, 2015 	33.92 	33.90 	33.97 	33.53 	2.01M 	0.06%
Oct 08, 2015 	33.90 	34.46 	34.46 	33.49 	1.51M 	0.15%
Oct 07, 2015 	33.85 	34.46 	34.46 	33.24 	2.41M 	-0.79%
Oct 06, 2015 	34.12 	33.73 	34.70 	33.05 	4.51M 	1.16%
Oct 05, 2015 	33.73 	33.05 	33.73 	32.76 	3.35M 	2.06%
Oct 02, 2015 	33.05 	33.17 	33.17 	32.88 	1.30M 	-0.36%
Oct 01, 2015 	33.17 	33.05 	33.41 	33.05 	1.24M 	0.45%
Sep 30, 2015 	33.02 	33.24 	33.24 	33.02 	2.69M 	-0.39%
Sep 29, 2015 	33.15 	32.68 	33.32 	32.47 	1.96M 	1.35%
Sep 28, 2015 	32.71 	32.30 	32.81 	32.13 	2.85M 	0.09%
Sep 24, 2015 	32.68 	33.00 	33.00 	32.66 	12.64M 	-1.27%
Sep 23, 2015 	33.10 	33.87 	33.87 	33.00 	1.53M 	-2.16%
Sep 22, 2015 	33.83 	33.73 	34.09 	33.49 	6.79M 	0.30%
Sep 21, 2015 	33.73 	33.73 	33.90 	33.49 	4.63M 	1.47%
Sep 18, 2015 	33.24 	32.85 	33.78 	32.81 	3.72M 	1.19%
Sep 17, 2015 	32.85 	32.78 	33.00 	32.66 	1.71M 	-0.61%
Sep 16, 2015 	33.05 	33.61 	33.61 	32.20 	1.62M 	-0.93%
Sep 15, 2015 	33.36 	33.66 	33.73 	33.24 	3.06M 	0.00%
Sep 14, 2015 	33.36 	32.39 	33.73 	32.39 	5.39M 	3.15%
Sep 11, 2015 	32.34 	32.03 	32.76 	32.03 	2.55M 	1.28%
Sep 10, 2015 	31.93 	31.79 	32.08 	31.25 	2.93M 	0.44%
Sep 09, 2015 	31.79 	32.03 	32.51 	31.54 	3.29M 	0.79%
Sep 08, 2015 	31.54 	32.20 	32.20 	30.74 	890.36K 	-2.20%
Sep 07, 2015 	32.25 	32.66 	32.76 	32.10 	1.24M 	-1.56%
Sep 04, 2015 	32.76 	31.67 	33.46 	31.67 	5.53M 	3.38%
Sep 03, 2015 	31.69 	31.30 	31.88 	31.16 	4.80M 	2.03%
Sep 02, 2015 	31.06 	29.60 	31.54 	29.60 	4.33M 	2.17%
Sep 01, 2015 	30.40 	29.72 	30.57 	29.72 	1.64M 	-2.12%
Aug 28, 2015 	31.06 	30.74 	31.30 	29.89 	8.89M 	2.81%
Aug 27, 2015 	30.21 	29.85 	30.57 	29.82 	2.56M 	2.90%
Aug 26, 2015 	29.36 	29.00 	30.28 	29.00 	1.93M 	1.77%
Aug 25, 2015 	28.85 	28.63 	29.60 	28.27 	2.75M 	0.07%
Aug 24, 2015 	28.83 	30.74 	30.74 	28.63 	4.02M 	-7.83%
Aug 20, 2015 	31.28 	31.06 	31.54 	31.06 	4.21M 	1.49%
Aug 19, 2015 	30.82 	30.04 	31.54 	29.97 	4.88M 	-75.04%
Aug 18, 2015 	123.50 	121.00 	123.90 	121.00 	453.91K 	2.07%
Aug 17, 2015 	121.00 	129.40 	129.50 	121.00 	2.02M 	-6.56%
Aug 14, 2015 	129.50 	127.40 	129.90 	127.40 	546.00K 	1.65%
Aug 13, 2015 	127.40 	131.00 	132.50 	126.00 	1.90M 	-2.00%
Aug 12, 2015 	130.00 	127.00 	132.60 	123.00 	4.20M 	1.96%
Aug 11, 2015 	127.50 	118.00 	127.50 	117.90 	2.59M 	8.05%
Aug 10, 2015 	118.00 	116.20 	119.30 	116.00 	1.21M 	1.55%
Aug 07, 2015 	116.20 	116.00 	116.80 	114.90 	1.01M 	0.96%
Aug 06, 2015 	115.10 	118.80 	118.80 	114.10 	904.40K 	-3.11%
Aug 05, 2015 	118.80 	119.00 	119.90 	118.60 	715.83K 	-0.17%
Aug 04, 2015 	119.00 	119.20 	119.40 	118.20 	1.06M 	-0.17%
Aug 03, 2015 	119.20 	118.90 	119.30 	118.70 	1.03M 	-0.17%
Jul 31, 2015 	119.40 	119.00 	120.00 	119.00 	981.60K 	0.34%
Jul 30, 2015 	119.00 	118.70 	120.10 	118.70 	2.24M 	0.00%
Jul 29, 2015 	119.00 	118.70 	120.40 	118.50 	2.59M 	0.42%
Jul 28, 2015 	118.50 	119.50 	119.50 	117.60 	1.79M 	-0.42%
Jul 27, 2015 	119.00 	120.00 	121.80 	119.00 	3.69M 	-0.83%
Jul 24, 2015 	120.00 	118.00 	121.80 	118.00 	3.63M 	1.69%
Jul 23, 2015 	118.00 	112.00 	119.50 	112.00 	5.18M 	6.21%
Jul 22, 2015 	111.10 	121.50 	121.50 	110.80 	4.27M 	-9.31%
Jul 21, 2015 	122.50 	124.00 	127.50 	122.20 	1.93M 	-0.81%
Jul 20, 2015 	123.50 	128.70 	128.70 	120.00 	1.87M 	-13.64%
Jul 16, 2015 	143.00 	142.00 	143.00 	141.90 	176.70K 	0.78%
Jul 15, 2015 	141.90 	141.50 	143.00 	141.50 	97.64K 	0.21%
Jul 14, 2015 	141.60 	141.60 	142.00 	141.40 	249.21K 	0.00%
Jul 13, 2015 	141.60 	138.50 	141.60 	138.50 	591.82K 	1.94%
Jul 10, 2015 	138.90 	139.30 	139.60 	137.80 	836.63K 	-1.28%
Jul 09, 2015 	140.70 	140.00 	143.30 	139.00 	255.40K 	0.50%
Jul 08, 2015 	140.00 	140.50 	141.00 	139.50 	852.15K 	-0.43%
Jul 07, 2015 	140.60 	140.80 	143.00 	140.60 	2.74M 	-0.14%
Jul 06, 2015 	140.80 	142.00 	144.00 	139.10 	552.65K 	-2.22%
Jul 03, 2015 	144.00 	146.50 	147.00 	142.20 	193.50K 	-1.71%
Jul 02, 2015 	146.50 	145.00 	146.70 	142.60 	872.88K 	1.03%
Jul 01, 2015 	145.00 	142.00 	146.00 	139.00 	338.00K 	1.75%
Jun 30, 2015 	142.50 	139.80 	142.50 	137.80 	849.02K 	1.86%
Jun 29, 2015 	139.90 	142.40 	142.40 	139.00 	302.17K 	-1.82%
Jun 26, 2015 	142.50 	143.00 	143.00 	141.80 	369.82K 	-0.49%
Jun 25, 2015 	143.20 	143.20 	143.50 	143.10 	594.88K 	0.07%
Jun 24, 2015 	143.10 	142.10 	144.00 	142.00 	149.67K 	0.70%
Jun 23, 2015 	142.10 	142.00 	142.40 	142.00 	218.40K 	0.14%
Jun 22, 2015 	141.90 	142.00 	142.50 	141.00 	419.23K 	-0.07%
Jun 19, 2015 	142.00 	142.00 	143.00 	141.70 	1.59M 	0.00%
Jun 18, 2015 	142.00 	145.00 	145.00 	140.50 	811.91K 	0.00%
Jun 17, 2015 	142.00 	141.60 	143.00 	141.10 	3.11M 	0.57%
Jun 16, 2015 	141.20 	139.90 	143.00 	139.00 	1.51M 	1.44%
Jun 15, 2015 	139.20 	140.50 	140.50 	138.00 	579.54K 	-0.93%
Jun 11, 2015 	140.50 	139.00 	142.90 	139.00 	574.99K 	1.74%
Jun 10, 2015 	138.10 	139.60 	140.00 	137.00 	835.13K 	0.44%
Jun 09, 2015 	137.50 	145.00 	145.00 	136.20 	1.21M 	-5.17%
Jun 08, 2015 	145.00 	149.30 	149.30 	143.00 	760.51K 	-2.42%
Jun 05, 2015 	148.60 	148.90 	149.00 	148.50 	163.67K 	-0.20%
Jun 04, 2015 	148.90 	149.00 	150.00 	148.60 	339.37K 	-0.07%
Jun 03, 2015 	149.00 	151.00 	151.00 	145.00 	503.45K 	-1.97%
Jun 02, 2015 	152.00 	152.40 	152.40 	150.60 	416.62K 	-0.26%
Jun 01, 2015 	152.40 	155.00 	156.00 	151.00 	302.35K 	-1.04%
May 29, 2015 	154.00 	152.00 	155.50 	152.00 	644.26K 	1.32%
May 28, 2015 	152.00 	153.00 	156.90 	150.60 	551.82K 	-0.59%
May 27, 2015 	152.90 	157.70 	157.70 	152.50 	375.89K 	-3.04%
May 26, 2015 	157.70 	157.80 	157.80 	157.30 	150.35K 	-0.06%
May 25, 2015 	157.80 	159.20 	160.00 	157.50 	698.63K 	-0.94%
May 22, 2015 	159.30 	162.00 	162.00 	159.00 	563.64K 	0.50%
May 21, 2015 	158.50 	160.00 	160.00 	158.50 	448.45K 	-0.81%
May 20, 2015 	159.80 	159.80 	160.00 	159.00 	587.09K 	0.00%
May 19, 2015 	159.80 	160.00 	160.00 	159.70 	634.14K 	0.19%
May 18, 2015 	159.50 	163.00 	163.00 	159.00 	194.69K 	-2.15%
May 15, 2015 	163.00 	158.00 	163.10 	158.00 	932.67K 	3.16%
May 14, 2015 	158.00 	156.00 	161.10 	156.00 	1.08M 	1.28%
May 13, 2015 	156.00 	158.20 	158.50 	155.20 	591.93K 	-1.39%
May 12, 2015 	158.20 	162.00 	162.00 	157.80 	1.10M 	-2.35%
May 11, 2015 	162.00 	162.50 	162.80 	161.50 	161.73K 	-0.49%
May 08, 2015 	162.80 	163.00 	163.50 	162.70 	892.36K 	-0.12%
May 07, 2015 	163.00 	163.50 	163.50 	162.00 	858.94K 	-0.31%
May 06, 2015 	163.50 	165.50 	165.50 	163.50 	1.08M 	-0.61%
May 05, 2015 	164.50 	164.10 	165.50 	164.00 	539.45K 	0.43%
May 04, 2015 	163.80 	163.00 	165.50 	156.20 	829.72K 	-1.03%
Apr 30, 2015 	165.50 	165.00 	168.00 	164.50 	876.19K 	0.30%
Apr 29, 2015 	165.00 	168.00 	169.00 	164.00 	613.77K 	-1.79%
Apr 28, 2015 	168.00 	168.40 	168.90 	168.00 	985.66K 	-0.24%
Apr 27, 2015 	168.40 	166.00 	169.00 	166.00 	729.69K 	1.45%
Apr 24, 2015 	166.00 	165.00 	166.80 	163.50 	693.57K 	1.22%
Apr 23, 2015 	164.00 	161.40 	165.50 	161.00 	663.81K 	1.55%
Apr 22, 2015 	161.50 	160.70 	161.60 	160.10 	314.27K 	0.50%
Apr 21, 2015 	160.70 	160.50 	163.20 	160.50 	408.78K 	0.12%
Apr 20, 2015 	160.50 	159.00 	160.50 	158.20 	455.25K 	0.69%
Apr 17, 2015 	159.40 	165.40 	165.40 	159.30 	423.55K 	-0.69%
Apr 16, 2015 	160.50 	167.00 	167.00 	159.00 	814.48K 	-0.93%
Apr 15, 2015 	162.00 	166.70 	166.70 	162.00 	1.07M 	-2.82%
Apr 14, 2015 	166.70 	166.80 	169.00 	166.00 	312.20K 	-0.06%
Apr 13, 2015 	166.80 	166.40 	168.00 	166.20 	442.27K 	0.36%
Apr 10, 2015 	166.20 	166.00 	168.60 	165.80 	386.17K 	-0.36%
Apr 08, 2015 	166.80 	167.40 	167.40 	166.60 	414.65K 	-0.36%
Apr 07, 2015 	167.40 	168.00 	169.60 	167.40 	360.64K 	-0.36%
Apr 06, 2015 	168.00 	163.90 	169.20 	163.90 	571.87K 	2.50%
Apr 01, 2015 	163.90 	167.00 	167.00 	163.80 	165.69K 	-1.86%
Mar 31, 2015 	167.00 	163.10 	167.00 	163.00 	1.49M 	2.45%
Mar 30, 2015 	163.00 	162.00 	163.00 	160.90 	508.15K 	0.93%
Mar 27, 2015 	161.50 	161.50 	162.00 	161.40 	523.31K 	0.00%
Mar 26, 2015 	161.50 	159.50 	162.50 	159.50 	930.04K 	1.25%
Mar 25, 2015 	159.50 	158.20 	160.00 	158.10 	357.83K 	0.89%
Mar 24, 2015 	158.10 	159.00 	159.00 	157.90 	555.77K 	-0.57%
Mar 23, 2015 	159.00 	159.50 	159.50 	157.90 	967.54K 	-0.31%
Mar 20, 2015 	159.50 	158.00 	167.00 	158.00 	4.68M 	1.46%
Mar 19, 2015 	157.20 	158.50 	159.20 	156.00 	967.07K 	-1.13%
Mar 18, 2015 	159.00 	159.90 	159.90 	156.50 	887.74K 	1.27%
Mar 17, 2015 	157.00 	154.30 	162.00 	154.30 	1.78M 	1.75%
Mar 16, 2015 	154.30 	156.00 	156.00 	152.10 	282.56K 	-1.09%
Mar 13, 2015 	156.00 	160.00 	160.00 	155.30 	668.37K 	-2.50%
Mar 12, 2015 	160.00 	159.80 	163.60 	158.40 	937.11K 	0.13%
Mar 11, 2015 	159.80 	161.00 	161.30 	158.40 	613.81K 	-1.18%
Mar 10, 2015 	161.70 	162.50 	162.50 	160.30 	689.72K 	-1.10%
Mar 09, 2015 	163.50 	166.00 	166.00 	162.20 	1.92M 	-1.74%
Mar 06, 2015 	166.40 	168.00 	168.70 	165.50 	468.41K 	-0.24%
Mar 05, 2015 	166.80 	165.00 	168.70 	165.00 	2.34M 	2.14%
Mar 04, 2015 	163.30 	163.60 	163.70 	161.00 	1.76M 	-0.24%
Mar 03, 2015 	163.70 	160.00 	164.20 	160.00 	1.15M 	2.63%
Mar 02, 2015 	159.50 	156.20 	161.00 	155.70 	1.02M 	2.51%
Feb 27, 2015 	155.60 	155.00 	156.70 	155.00 	871.30K 	0.39%
Feb 26, 2015 	155.00 	155.40 	155.40 	154.00 	3.08M 	0.65%
Feb 25, 2015 	154.00 	156.70 	156.80 	153.40 	617.29K 	-0.65%
Feb 24, 2015 	155.00 	156.70 	156.90 	155.00 	363.01K 	-0.64%
Feb 23, 2015 	156.00 	156.40 	157.00 	155.80 	765.90K 	-0.32%
Feb 20, 2015 	156.50 	156.40 	156.80 	155.00 	337.73K 	0.00%
Feb 18, 2015 	156.50 	157.00 	157.00 	156.50 	220.81K 	-0.32%
Feb 17, 2015 	157.00 	158.90 	158.90 	156.80 	411.86K 	0.00%
Feb 16, 2015 	157.00 	157.10 	159.20 	156.60 	470.65K 	-0.06%
Feb 13, 2015 	157.10 	156.10 	160.00 	156.10 	581.88K 	0.19%
Feb 12, 2015 	156.80 	156.00 	158.00 	156.00 	735.94K 	0.51%
Feb 11, 2015 	156.00 	155.50 	159.00 	155.50 	379.14K 	0.52%
Feb 10, 2015 	155.20 	159.80 	159.80 	155.10 	458.20K 	-2.94%
Feb 09, 2015 	159.90 	160.10 	163.00 	159.60 	691.46K 	-0.06%
Feb 06, 2015 	160.00 	159.20 	163.30 	159.20 	2.95M 	0.63%
Feb 05, 2015 	159.00 	159.00 	159.90 	157.00 	836.04K 	1.34%
Feb 04, 2015 	156.90 	151.00 	159.90 	151.00 	1.29M 	4.60%
Feb 03, 2015 	150.00 	146.90 	150.00 	146.40 	1.22M 	2.18%
Feb 02, 2015 	146.80 	146.80 	148.00 	146.00 	160.82K 	-0.14%
Jan 30, 2015 	147.00 	147.20 	148.00 	147.00 	476.51K 	-0.07%
Jan 29, 2015 	147.10 	147.00 	149.00 	146.40 	999.45K 	0.07%
Jan 28, 2015 	147.00 	145.00 	147.50 	145.00 	1.06M 	1.31%
Jan 27, 2015 	145.10 	145.10 	146.50 	145.00 	1.67M 	0.00%
Jan 26, 2015 	145.10 	145.90 	145.90 	144.10 	383.36K 	-0.27%
Jan 23, 2015 	145.50 	143.90 	146.80 	143.90 	695.58K 	1.18%
Jan 22, 2015 	143.80 	145.00 	145.00 	142.90 	830.66K 	-0.14%
Jan 21, 2015 	144.00 	143.80 	146.80 	143.00 	516.18K 	0.00%
Jan 20, 2015 	144.00 	146.80 	146.80 	144.00 	592.81K 	-2.04%
Jan 19, 2015 	147.00 	148.00 	148.00 	147.00 	247.52K 	-0.94%
Jan 14, 2015 	148.40 	146.90 	148.90 	146.90 	524.78K 	1.02%
Jan 13, 2015 	146.90 	147.00 	147.10 	146.40 	417.23K 	-0.07%
Jan 12, 2015 	147.00 	145.70 	147.80 	145.70 	632.44K 	0.96%
Jan 09, 2015 	145.60 	145.50 	150.00 	145.00 	996.63K 	0.41%
Jan 08, 2015 	145.00 	144.80 	147.90 	144.50 	463.15K 	0.14%
Jan 07, 2015 	144.80 	142.00 	148.00 	142.00 	1.25M 	1.97%
Jan 06, 2015 	142.00 	140.00 	143.40 	140.00 	1.13M 	0.00%
Jan 05, 2015 	142.00 	142.00 	142.40 	141.00 	789.79K 	0.00%
Dec 29, 2014 	142.00 	139.90 	142.00 	138.10 	1.71M 	2.53%
Dec 23, 2014 	138.50 	136.00 	138.90 	136.00 	411.52K 	1.84%
Dec 22, 2014 	136.00 	135.50 	138.00 	135.50 	159.57K 	0.37%
Dec 19, 2014 	135.50 	133.00 	137.00 	133.00 	651.75K 	1.88%
Dec 18, 2014 	133.00 	131.90 	134.80 	131.90 	797.25K 	0.08%
Dec 17, 2014 	132.90 	134.00 	135.50 	131.00 	450.30K 	-1.92%
Dec 16, 2014 	135.50 	133.20 	136.50 	133.20 	645.93K 	1.73%
Dec 15, 2014 	133.20 	135.00 	136.00 	132.50 	840.87K 	-1.99%
Dec 12, 2014 	135.90 	130.50 	137.40 	130.50 	860.83K 	2.18%
Dec 11, 2014 	133.00 	135.00 	135.00 	132.10 	592.88K 	-1.12%
Dec 10, 2014 	134.50 	138.00 	138.00 	133.00 	671.49K 	-1.82%
Dec 09, 2014 	137.00 	136.10 	140.10 	136.10 	645.88K 	0.74%
Dec 05, 2014 	136.00 	137.50 	139.00 	135.50 	1.30M 	-2.51%
Dec 04, 2014 	139.50 	138.00 	140.00 	137.50 	620.24K 	0.72%
Dec 03, 2014 	138.50 	138.00 	139.50 	137.00 	559.86K 	0.36%
Dec 02, 2014 	138.00 	137.90 	140.00 	136.00 	860.27K 	0.07%
Dec 01, 2014 	137.90 	139.50 	140.00 	137.90 	688.00K 	-1.22%
Nov 28, 2014 	139.60 	139.00 	141.10 	137.00 	974.36K 	0.43%
Nov 27, 2014 	139.00 	137.40 	142.10 	137.40 	1.98M 	1.24%
Nov 26, 2014 	137.30 	135.50 	140.00 	135.50 	2.79M 	1.33%
Nov 25, 2014 	135.50 	133.60 	136.50 	133.60 	1.03M 	1.50%
Nov 24, 2014 	133.50 	129.10 	136.00 	129.00 	2.28M 	3.49%
Nov 21, 2014 	129.00 	129.00 	129.00 	126.50 	239.33K 	1.26%
Nov 20, 2014 	127.40 	129.00 	129.00 	127.00 	406.51K 	-1.24%
Nov 19, 2014 	129.00 	127.80 	130.80 	127.80 	814.68K 	0.94%
Nov 18, 2014 	127.80 	124.00 	130.60 	124.00 	1.25M 	3.06%
Nov 17, 2014 	124.00 	123.50 	124.40 	122.00 	886.99K 	0.32%
Nov 14, 2014 	123.60 	120.00 	124.00 	119.00 	1.43M 	3.87%
Nov 13, 2014 	119.00 	120.10 	120.10 	118.70 	1.10M 	-0.92%
Nov 12, 2014 	120.10 	117.70 	120.80 	117.10 	1.72M 	2.21%
Nov 11, 2014 	117.50 	119.00 	119.80 	117.50 	1.35M 	-1.26%
Nov 10, 2014 	119.00 	120.20 	120.30 	119.00 	297.40K 	-0.83%
Nov 07, 2014 	120.00 	120.50 	120.50 	119.00 	781.02K 	-0.41%
Nov 06, 2014 	120.50 	120.10 	121.00 	119.00 	713.97K 	0.00%
Nov 05, 2014 	120.50 	120.10 	120.70 	119.10 	581.08K 	0.00%
Nov 04, 2014 	120.50 	120.50 	121.00 	120.00 	390.76K 	0.00%
Nov 03, 2014 	120.50 	120.00 	121.00 	120.00 	403.07K 	-0.41%
Oct 31, 2014 	121.00 	120.00 	121.00 	117.50 	1.96M 	0.83%
Oct 30, 2014 	120.00 	121.60 	121.90 	119.90 	1.11M 	-1.64%
Oct 29, 2014 	122.00 	122.00 	123.20 	121.80 	1.02M 	-0.97%
Oct 28, 2014 	123.20 	122.00 	123.80 	121.50 	223.62K 	0.65%
Oct 27, 2014 	122.40 	122.20 	123.00 	121.60 	347.90K 	0.08%
Oct 24, 2014 	122.30 	122.50 	124.00 	122.00 	344.33K 	-0.16%
Oct 23, 2014 	122.50 	121.50 	122.50 	120.50 	760.65K 	0.82%
Oct 22, 2014 	121.50 	119.70 	122.50 	119.50 	483.02K 	1.59%
Oct 21, 2014 	119.60 	118.60 	120.50 	118.60 	658.61K 	0.93%
Oct 20, 2014 	118.50 	117.00 	119.90 	117.00 	552.91K 	2.07%
Oct 17, 2014 	116.10 	120.50 	121.00 	115.90 	2.28M 	-3.09%
Oct 16, 2014 	119.80 	120.80 	120.80 	119.80 	499.10K 	-1.40%
Oct 15, 2014 	121.50 	121.00 	121.50 	120.30 	190.49K 	0.00%
Oct 14, 2014 	121.50 	122.00 	122.00 	120.00 	319.23K 	-1.14%
Oct 13, 2014 	122.90 	122.00 	123.30 	119.70 	489.74K 	0.49%
Oct 10, 2014 	122.30 	123.50 	123.50 	121.70 	1.14M 	-1.53%
Oct 09, 2014 	124.20 	124.50 	126.00 	123.60 	2.73M 	-0.24%
Oct 08, 2014 	124.50 	125.30 	125.30 	123.50 	417.25K 	-0.64%
Oct 07, 2014 	125.30 	126.50 	127.00 	124.50 	487.29K 	-0.95%
Oct 03, 2014 	126.50 	126.00 	127.00 	125.00 	1.04M 	0.40%
Oct 02, 2014 	126.00 	126.70 	126.70 	123.00 	487.47K 	-0.55%
Oct 01, 2014 	126.70 	124.90 	129.00 	124.90 	458.12K 	3.01%
Sep 30, 2014 	123.00 	130.00 	131.50 	123.00 	2.59M 	-5.38%
Sep 29, 2014 	130.00 	135.00 	135.00 	129.30 	1.23M 	-2.48%
Sep 26, 2014 	133.30 	132.50 	136.30 	131.50 	1.08M 	0.23%
Sep 25, 2014 	133.00 	134.50 	136.50 	132.20 	729.35K 	-1.55%
Sep 24, 2014 	135.10 	133.40 	136.50 	133.40 	544.45K 	-0.59%
Sep 23, 2014 	135.90 	134.60 	135.90 	133.70 	436.20K 	0.97%
Sep 22, 2014 	134.60 	136.50 	137.50 	134.60 	1.23M 	-0.44%
Sep 18, 2014 	135.20 	133.60 	137.00 	132.90 	903.11K 	1.12%
Sep 17, 2014 	133.70 	132.50 	134.00 	132.00 	779.28K 	0.91%
Sep 16, 2014 	132.50 	130.00 	132.50 	130.00 	453.32K 	1.92%
Sep 15, 2014 	130.00 	131.30 	134.50 	129.50 	433.38K 	-0.99%
Sep 12, 2014 	131.30 	132.40 	134.70 	131.20 	347.87K 	-0.98%
Sep 11, 2014 	132.60 	130.00 	133.80 	129.90 	868.99K 	2.08%
Sep 10, 2014 	129.90 	132.00 	132.00 	129.20 	478.95K 	-1.59%
Sep 09, 2014 	132.00 	131.90 	134.00 	131.50 	374.26K 	0.00%
Sep 08, 2014 	132.00 	132.50 	133.50 	132.00 	519.09K 	-0.38%
Sep 05, 2014 	132.50 	133.90 	136.00 	131.00 	672.38K 	-1.05%
Sep 04, 2014 	133.90 	136.90 	140.00 	132.00 	347.33K 	-1.98%
Sep 03, 2014 	136.60 	143.80 	143.80 	135.00 	861.03K 	-0.05%
Sep 02, 2014 	136.67 	138.87 	139.27 	135.07 	2.20M 	-1.68%
Sep 01, 2014 	139.00 	135.07 	140.00 	135.07 	1.55M 	2.96%
Aug 29, 2014 	135.00 	135.33 	136.00 	133.33 	873.60K 	-0.05%
Aug 28, 2014 	135.07 	133.33 	136.00 	133.33 	1.59M 	2.07%
Aug 27, 2014 	132.33 	131.67 	133.27 	131.67 	865.74K 	2.32%
Aug 26, 2014 	129.33 	126.67 	130.00 	126.67 	1.28M 	4.47%
Aug 22, 2014 	123.80 	124.00 	125.33 	123.67 	492.57K 	-0.16%
Aug 20, 2014 	124.00 	125.00 	125.27 	123.33 	746.58K 	0.00%
Aug 19, 2014 	124.00 	121.67 	124.93 	121.67 	702.00K 	1.92%
Aug 18, 2014 	121.67 	121.80 	123.33 	121.67 	807.69K 	-0.11%
Aug 15, 2014 	121.80 	124.33 	125.33 	121.80 	239.85K 	-2.04%
Aug 14, 2014 	124.33 	126.13 	126.20 	124.33 	120.06K 	0.27%
Aug 13, 2014 	124.00 	125.93 	125.93 	123.67 	377.88K 	-1.17%
Aug 12, 2014 	125.47 	126.07 	126.27 	125.40 	94.89K 	-0.42%
Aug 11, 2014 	126.00 	129.67 	129.67 	126.00 	710.22K 	-0.32%
Aug 08, 2014 	126.40 	128.00 	128.27 	126.00 	838.68K 	-1.51%
Aug 07, 2014 	128.33 	127.67 	129.33 	127.27 	788.61K 	3.11%
Aug 06, 2014 	124.47 	125.00 	128.33 	124.47 	976.80K 	-1.74%
Aug 05, 2014 	126.67 	120.07 	129.67 	120.00 	989.10K 	4.74%
Aug 04, 2014 	120.93 	117.67 	121.00 	117.67 	513.99K 	2.95%
Aug 01, 2014 	117.47 	117.40 	118.00 	116.67 	120.60K 	0.11%
Jul 31, 2014 	117.33 	117.67 	117.80 	116.67 	89.91K 	0.57%
Jul 30, 2014 	116.67 	118.00 	118.80 	116.67 	132.48K 	-0.28%
Jul 28, 2014 	117.00 	118.33 	119.00 	116.67 	154.92K 	-1.24%
Jul 25, 2014 	118.47 	118.67 	118.67 	118.47 	92.67K 	0.00%
Jul 24, 2014 	118.47 	117.80 	118.67 	117.80 	941.43K 	0.68%
Jul 23, 2014 	117.67 	120.07 	120.07 	117.40 	778.32K 	-1.94%
Jul 22, 2014 	120.00 	119.13 	121.93 	119.13 	109.95K 	0.00%
Jul 21, 2014 	120.00 	120.00 	121.33 	119.33 	609.99K 	0.56%
Jul 18, 2014 	119.33 	120.27 	120.27 	118.93 	492.78K 	-1.05%
Jul 17, 2014 	120.60 	120.27 	121.33 	119.67 	410.73K 	0.50%
Jul 15, 2014 	120.00 	119.87 	120.20 	119.67 	365.94K 	0.00%
Jul 14, 2014 	120.00 	121.93 	121.93 	119.93 	281.55K 	-1.37%
Jul 11, 2014 	121.67 	121.53 	122.67 	121.53 	497.76K 	0.11%
Jul 10, 2014 	121.53 	119.33 	122.00 	119.33 	497.01K 	1.79%
Jul 09, 2014 	119.40 	119.33 	119.40 	118.87 	441.24K 	0.06%
Jul 08, 2014 	119.33 	120.00 	120.00 	119.33 	139.20K 	0.00%
Jul 07, 2014 	119.33 	118.80 	120.00 	118.80 	1.10M 	0.56%
Jul 04, 2014 	118.67 	118.67 	120.00 	118.60 	240.12K 	0.28%
Jul 03, 2014 	118.33 	119.87 	119.87 	118.33 	133.50K 	0.00%
Jul 02, 2014 	118.33 	120.00 	120.00 	118.00 	58.80K 	-0.95%
Jul 01, 2014 	119.47 	122.13 	122.13 	119.47 	60.75K 	-2.18%
Jun 30, 2014 	122.13 	119.33 	123.33 	119.33 	642.39K 	2.35%
Jun 27, 2014 	119.33 	119.80 	120.00 	119.00 	260.10K 	-0.28%
Jun 26, 2014 	119.67 	120.20 	120.20 	119.47 	305.31K 	0.17%
Jun 25, 2014 	119.47 	122.33 	123.33 	119.33 	775.74K 	-2.34%
Jun 24, 2014 	122.33 	124.80 	124.80 	121.60 	510.39K 	-1.34%
Jun 23, 2014 	124.00 	124.00 	124.93 	123.67 	289.08K 	-0.80%
Jun 20, 2014 	125.00 	125.00 	125.00 	116.67 	1.09M 	0.00%
Jun 19, 2014 	125.00 	126.67 	126.67 	124.40 	439.08K 	0.59%
Jun 18, 2014 	124.27 	124.33 	125.00 	124.07 	624.96K 	0.16%
Jun 17, 2014 	124.07 	124.27 	126.53 	124.00 	78.78K 	-0.16%
Jun 16, 2014 	124.27 	125.00 	128.33 	124.27 	503.79K 	1.03%
Jun 13, 2014 	123.00 	125.67 	125.67 	122.00 	1.03M 	-2.12%
Jun 11, 2014 	125.67 	126.00 	128.67 	125.60 	427.68K 	-0.26%
Jun 10, 2014 	126.00 	128.27 	128.27 	125.87 	236.10K 	-1.77%
Jun 09, 2014 	128.27 	129.67 	129.67 	127.93 	290.22K 	-0.57%
Jun 06, 2014 	129.00 	128.67 	129.40 	128.53 	399.51K 	-0.26%
Jun 05, 2014 	129.33 	129.07 	129.93 	129.07 	375.87K 	0.41%
Jun 04, 2014 	128.80 	128.67 	130.00 	127.67 	342.63K 	0.89%
Jun 03, 2014 	127.67 	127.00 	128.13 	127.00 	528.24K 	0.79%
Jun 02, 2014 	126.67 	126.60 	127.27 	126.53 	545.04K 	0.00%
May 30, 2014 	126.67 	127.33 	128.00 	126.67 	749.73K 	-0.52%
May 29, 2014 	127.33 	129.27 	129.27 	126.67 	203.85K 	-1.04%
May 28, 2014 	128.67 	129.33 	129.73 	128.00 	178.95K 	-0.52%
May 27, 2014 	129.33 	127.00 	129.67 	126.67 	362.16K 	1.04%
May 26, 2014 	128.00 	133.20 	133.20 	127.80 	845.46K 	-1.49%
May 23, 2014 	129.93 	130.67 	131.33 	128.60 	463.71K 	-0.51%
May 22, 2014 	130.60 	132.33 	132.67 	130.20 	224.37K 	0.46%
May 21, 2014 	130.00 	132.33 	132.33 	129.67 	753.21K 	-2.01%
May 20, 2014 	132.67 	133.33 	133.33 	132.67 	623.46K 	-0.25%
May 19, 2014 	133.00 	133.93 	134.00 	132.67 	584.58K 	-0.25%
May 16, 2014 	133.33 	134.00 	134.00 	133.20 	343.83K 	-1.48%
May 15, 2014 	135.33 	136.00 	136.00 	135.00 	335.40K 	-0.49%
May 14, 2014 	136.00 	135.67 	136.00 	134.00 	178.23K 	1.49%
May 13, 2014 	134.00 	135.60 	135.60 	133.60 	189.69K 	0.70%
May 12, 2014 	133.07 	134.00 	136.33 	133.07 	385.83K 	-2.40%
May 09, 2014 	136.33 	136.67 	136.93 	136.00 	444.24K 	0.34%
May 08, 2014 	135.87 	136.67 	136.67 	135.87 	685.47K 	-0.59%
May 07, 2014 	136.67 	136.00 	136.67 	135.20 	672.24K 	0.54%
May 06, 2014 	135.93 	136.67 	138.00 	135.00 	76.62K 	0.74%
May 05, 2014 	134.93 	137.00 	138.27 	134.87 	446.85K 	-1.46%
May 02, 2014 	136.93 	137.20 	137.20 	136.93 	406.44K 	-0.05%
Apr 30, 2014 	137.00 	135.07 	138.27 	135.07 	229.35K 	1.93%
Apr 29, 2014 	134.40 	134.67 	135.33 	134.20 	1.07M 	-0.20%
Apr 28, 2014 	134.67 	137.00 	137.13 	134.67 	480.00K 	-1.70%
Apr 25, 2014 	137.00 	139.00 	139.13 	137.00 	343.29K 	-0.96%
Apr 24, 2014 	138.33 	139.00 	139.27 	137.60 	186.06K 	0.92%
Apr 23, 2014 	137.07 	138.33 	139.00 	137.07 	201.75K 	-0.72%
Apr 22, 2014 	138.07 	138.33 	138.33 	137.40 	321.78K 	-1.15%
Apr 21, 2014 	139.67 	134.53 	139.67 	134.53 	404.55K 	2.70%
Apr 16, 2014 	136.00 	135.00 	136.00 	134.33 	547.62K 	0.74%
Apr 15, 2014 	135.00 	135.00 	135.00 	133.00 	597.51K 	0.95%
Apr 14, 2014 	133.73 	131.67 	135.00 	130.33 	903.09K 	-0.10%
Apr 11, 2014 	133.87 	135.67 	135.67 	132.67 	330.63K 	-1.33%
Apr 10, 2014 	135.67 	133.67 	136.07 	133.67 	1.31M 	3.56%
Apr 08, 2014 	131.00 	133.20 	136.67 	130.00 	724.65K 	-0.51%
Apr 07, 2014 	131.67 	134.33 	134.33 	131.33 	1.84M 	-1.25%
Apr 04, 2014 	133.33 	135.87 	135.87 	132.87 	1.31M 	0.00%
Apr 03, 2014 	133.33 	135.00 	135.07 	133.13 	2.08M 	-1.33%
Apr 02, 2014 	135.13 	136.33 	138.00 	134.87 	2.49M 	-0.88%
Apr 01, 2014 	136.33 	136.67 	138.33 	136.20 	546.69K 	-0.24%
Mar 31, 2014 	136.67 	130.53 	137.53 	130.53 	2.23M 	4.75%
Mar 28, 2014 	130.47 	129.33 	130.53 	128.73 	1.52M 	1.03%
Mar 27, 2014 	129.13 	128.33 	129.33 	128.33 	537.90K 	0.62%
Mar 26, 2014 	128.33 	128.33 	128.33 	127.07 	1.02M 	1.05%
Mar 25, 2014 	127.00 	128.33 	128.47 	126.67 	1.10M 	-0.99%
Mar 24, 2014 	128.27 	126.67 	128.67 	126.67 	461.28K 	0.73%
Mar 21, 2014 	127.33 	127.67 	129.33 	126.67 	517.38K 	-0.26%
Mar 20, 2014 	127.67 	129.53 	129.53 	127.33 	385.08K 	0.00%
Mar 19, 2014 	127.67 	126.67 	129.93 	126.67 	942.21K 	1.48%
Mar 18, 2014 	125.80 	123.67 	126.67 	123.67 	594.45K 	1.73%
Mar 17, 2014 	123.67 	124.67 	124.73 	123.20 	638.85K 	-1.33%
Mar 14, 2014 	125.33 	126.67 	126.67 	124.93 	632.43K 	-0.69%
Mar 13, 2014 	126.20 	128.33 	128.33 	126.20 	721.74K 	-1.66%
Mar 12, 2014 	128.33 	129.00 	129.33 	126.67 	1.29M 	-0.98%
Mar 11, 2014 	129.60 	129.93 	130.00 	128.33 	868.53K 	0.47%
Mar 10, 2014 	129.00 	132.00 	132.00 	128.33 	780.63K 	2.11%
Mar 07, 2014 	126.33 	133.33 	139.33 	125.87 	3.48M 	1.28%
Mar 06, 2014 	124.73 	124.00 	127.33 	124.00 	1.13M 	0.70%
Mar 05, 2014 	123.87 	122.73 	124.33 	122.73 	585.24K 	0.92%
Mar 04, 2014 	122.73 	122.00 	125.67 	122.00 	834.42K 	0.60%
Mar 03, 2014 	122.00 	122.67 	122.67 	121.67 	1.84M 	-0.76%
Feb 28, 2014 	122.93 	123.13 	123.27 	122.67 	553.11K 	-0.16%
Feb 27, 2014 	123.13 	124.33 	125.33 	122.93 	702.42K 	-0.97%
Feb 26, 2014 	124.33 	125.00 	126.33 	121.80 	1.02M 	-0.53%
Feb 25, 2014 	125.00 	124.67 	126.67 	124.67 	1.05M 	0.54%
Feb 24, 2014 	124.33 	123.67 	127.33 	123.67 	1.77M 	0.54%
Feb 21, 2014 	123.67 	121.40 	124.67 	121.40 	917.64K 	1.87%
Feb 20, 2014 	121.40 	121.67 	122.67 	120.67 	1.14M 	-0.22%
Feb 19, 2014 	121.67 	118.33 	123.33 	118.33 	1.57M 	3.69%
Feb 18, 2014 	117.33 	116.67 	118.33 	116.33 	2.21M 	2.33%
Feb 17, 2014 	114.67 	113.20 	118.33 	113.20 	691.29K 	1.78%
Feb 14, 2014 	112.67 	113.33 	113.33 	112.33 	166.32K 	2.42%
Feb 13, 2014 	110.00 	114.53 	114.53 	109.67 	281.64K 	-1.55%
Feb 12, 2014 	111.73 	114.67 	115.33 	111.73 	261.45K 	-1.47%
Feb 11, 2014 	113.40 	113.00 	114.00 	112.93 	1.34M 	0.35%
Feb 10, 2014 	113.00 	108.00 	113.33 	108.00 	842.34K 	4.63%
Feb 07, 2014 	108.00 	106.67 	110.00 	106.07 	836.43K 	1.89%
Feb 06, 2014 	106.00 	106.00 	106.67 	105.73 	692.73K 	-0.06%
Feb 05, 2014 	106.07 	105.73 	106.67 	104.00 	569.37K 	0.32%
Feb 04, 2014 	105.73 	105.00 	106.67 	105.00 	1.69M 	-0.56%
Feb 03, 2014 	106.33 	106.67 	108.27 	105.33 	1.57M 	-0.31%
Jan 30, 2014 	106.67 	105.33 	106.67 	104.00 	701.88K 	1.27%
Jan 29, 2014 	105.33 	105.00 	105.67 	104.33 	142.98K 	1.28%
Jan 28, 2014 	104.00 	106.00 	106.00 	102.00 	534.69K 	-1.89%
Jan 27, 2014 	106.00 	106.00 	106.07 	106.00 	900.69K 	-0.56%
Jan 24, 2014 	106.60 	104.67 	107.00 	104.67 	353.07K 	1.52%
Jan 23, 2014 	105.00 	103.33 	105.00 	103.33 	355.26K 	2.61%
Jan 22, 2014 	102.33 	100.53 	105.00 	100.47 	609.69K 	1.79%
Jan 21, 2014 	100.53 	100.47 	100.60 	100.40 	215.25K 	0.07%
Jan 20, 2014 	100.47 	100.40 	100.47 	100.40 	9.21K 	0.07%
Jan 17, 2014 	100.40 	100.60 	100.67 	100.33 	42.75K 	-0.20%
Jan 16, 2014 	100.60 	100.27 	101.33 	100.20 	569.61K 	0.27%
Jan 15, 2014 	100.33 	100.33 	100.87 	99.33 	1.40M 	0.00%
Jan 14, 2014 	100.33 	101.07 	101.07 	100.33 	22.89K 	-0.73%
Jan 13, 2014 	101.07 	101.00 	101.13 	99.67 	194.73K 	0.07%
Jan 10, 2014 	101.00 	99.40 	101.33 	99.40 	6.21K 	-0.13%
Jan 09, 2014 	101.13 	101.67 	102.60 	101.00 	349.17K 	-0.52%
Jan 08, 2014 	101.67 	101.00 	102.00 	100.67 	334.32K 	0.66%
Jan 07, 2014 	101.00 	101.60 	101.87 	100.67 	786.81K 	1.34%
Jan 06, 2014 	99.67 	98.33 	101.27 	98.33 	449.10K 	1.36%
Jan 03, 2014 	98.33 	95.27 	99.67 	95.27 	143.58K 	3.15%
Jan 02, 2014 	95.33 	96.00 	96.00 	93.67 	411.21K 	-0.69%
Dec 27, 2013 	96.00 	96.33 	96.67 	95.93 	222.21K 	0.07%
Dec 26, 2013 	95.93 	95.00 	95.93 	95.00 	140.37K 	0.98%
Dec 23, 2013 	95.00 	92.80 	95.00 	92.00 	660.30K 	2.81%
Dec 20, 2013 	92.40 	91.93 	96.20 	91.93 	521.13K 	-1.56%
Dec 19, 2013 	93.87 	96.33 	96.47 	93.87 	136.44K 	0.57%
Dec 18, 2013 	93.33 	95.00 	95.00 	93.00 	605.40K 	0.00%
Dec 17, 2013 	93.33 	93.33 	96.67 	93.33 	609.24K 	0.72%
Dec 16, 2013 	92.67 	94.00 	95.07 	91.87 	109.62K 	-2.52%
Dec 13, 2013 	95.07 	96.00 	96.33 	94.73 	908.58K 	-1.31%
Dec 12, 2013 	96.33 	97.00 	97.33 	95.80 	469.38K 	-0.69%
Dec 11, 2013 	97.00 	99.33 	99.33 	97.00 	81.78K 	0.00%
Dec 10, 2013 	97.00 	99.00 	100.00 	97.00 	926.25K 	-2.02%
Dec 09, 2013 	99.00 	98.33 	99.93 	97.00 	416.82K 	2.34%
Dec 06, 2013 	96.73 	96.67 	100.00 	96.67 	181.47K 	0.07%
Dec 05, 2013 	96.67 	98.33 	99.67 	96.47 	654.51K 	-3.01%
Dec 04, 2013 	99.67 	100.00 	100.00 	98.73 	37.32K 	0.00%
Dec 03, 2013 	99.67 	100.67 	100.67 	99.60 	819.66K 	-0.99%
Dec 02, 2013 	100.67 	101.00 	101.33 	100.33 	162.66K 	0.67%
Nov 29, 2013 	100.00 	100.00 	101.00 	99.67 	596.10K 	0.27%
Nov 28, 2013 	99.73 	99.67 	102.00 	97.73 	852.45K 	2.12%
Nov 27, 2013 	97.67 	97.67 	98.67 	97.33 	991.65K 	0.00%
Nov 26, 2013 	97.67 	99.00 	99.33 	97.33 	440.46K 	0.00%
Nov 25, 2013 	97.67 	95.00 	100.00 	95.00 	796.80K 	2.81%
Nov 22, 2013 	95.00 	96.67 	96.67 	95.00 	46.59K 	0.00%
Nov 21, 2013 	95.00 	98.00 	98.00 	94.33 	346.14K 	-2.40%
Nov 20, 2013 	97.33 	96.67 	98.47 	95.33 	661.41K 	0.69%
Nov 19, 2013 	96.67 	93.33 	96.67 	93.33 	481.05K 	3.57%
Nov 18, 2013 	93.33 	94.00 	94.07 	91.67 	309.93K 	-0.71%
Nov 15, 2013 	94.00 	93.93 	95.67 	92.87 	3.70M 	1.44%
Nov 14, 2013 	92.67 	91.33 	93.87 	91.33 	930.66K 	0.00%
Nov 13, 2013 	92.67 	92.67 	93.33 	92.00 	574.83K 	0.00%
Nov 12, 2013 	92.67 	93.33 	93.33 	92.13 	401.91K 	-0.71%
Nov 11, 2013 	93.33 	93.67 	93.67 	92.67 	977.85K 	-0.71%
Nov 08, 2013 	94.00 	92.33 	94.00 	90.33 	303.39K 	1.81%
Nov 07, 2013 	92.33 	92.67 	92.67 	91.73 	279.75K 	-0.36%
Nov 06, 2013 	92.67 	91.53 	93.33 	91.33 	246.33K 	1.09%
Nov 05, 2013 	91.67 	91.00 	91.67 	90.67 	190.38K 	1.48%
Nov 04, 2013 	90.33 	92.00 	92.00 	90.00 	99.15K 	-1.81%
Oct 31, 2013 	92.00 	90.67 	92.00 	90.40 	102.69K 	1.47%
Oct 30, 2013 	90.67 	90.60 	92.13 	90.00 	423.09K 	0.07%
Oct 29, 2013 	90.60 	91.67 	91.67 	90.60 	213.06K 	-1.16%
Oct 25, 2013 	91.67 	92.33 	92.33 	90.40 	440.04K 	-0.72%
Oct 24, 2013 	92.33 	91.67 	92.67 	90.20 	307.83K 	0.73%
Oct 23, 2013 	91.67 	92.93 	92.93 	90.40 	1.11M 	-1.43%
Oct 22, 2013 	93.00 	93.27 	93.27 	89.93 	214.80K 	3.33%
Oct 21, 2013 	90.00 	93.67 	93.67 	90.00 	111.15K 	-3.57%
Oct 18, 2013 	93.33 	93.33 	96.67 	93.20 	1.30M 	0.00%
Oct 17, 2013 	93.33 	91.67 	95.00 	89.93 	2.03M 	4.48%
Oct 16, 2013 	89.33 	87.20 	91.67 	87.20 	1.60M 	2.52%
Oct 14, 2013 	87.13 	83.33 	87.13 	82.67 	612.63K 	3.73%
Oct 11, 2013 	84.00 	83.67 	85.33 	83.00 	4.31M 	1.61%
Oct 10, 2013 	82.67 	81.67 	83.00 	81.33 	144.75K 	1.64%
Oct 09, 2013 	81.33 	81.33 	81.33 	81.07 	69.36K 	0.00%
Oct 08, 2013 	81.33 	81.33 	82.53 	81.33 	178.62K 	0.16%
Oct 07, 2013 	81.20 	81.33 	82.67 	81.00 	184.56K 	-0.16%
Oct 04, 2013 	81.33 	80.67 	81.67 	80.67 	501.12K 	0.66%
Oct 03, 2013 	80.80 	83.27 	83.27 	80.67 	1.33M 	-2.96%
Oct 02, 2013 	83.27 	84.00 	84.00 	81.67 	165.99K 	2.29%
Oct 01, 2013 	81.40 	80.13 	81.67 	80.13 	133.68K 	1.75%
Sep 30, 2013 	80.00 	85.00 	86.67 	80.00 	3.53M 	-6.40%
Sep 27, 2013 	85.47 	85.67 	86.67 	85.47 	699.24K 	1.75%
Sep 26, 2013 	84.00 	85.33 	85.33 	83.67 	1.58M 	-0.32%
Sep 25, 2013 	84.27 	83.40 	85.67 	83.40 	660.06K 	1.04%
Sep 24, 2013 	83.40 	85.67 	85.67 	83.40 	343.38K 	-0.32%
Sep 23, 2013 	83.67 	83.67 	85.67 	83.00 	371.97K 	0.40%
Sep 20, 2013 	83.33 	86.67 	86.67 	83.33 	910.20K 	-2.34%
Sep 19, 2013 	85.33 	88.00 	88.33 	85.33 	942.15K 	0.00%
Sep 18, 2013 	85.33 	82.00 	86.20 	82.00 	1.02M 	3.31%
Sep 17, 2013 	82.60 	81.33 	82.60 	81.33 	298.77K 	2.23%
Sep 16, 2013 	80.80 	82.87 	82.87 	80.33 	1.48M 	0.58%
Sep 13, 2013 	80.33 	81.87 	81.87 	80.33 	6.78K 	-1.87%
Sep 12, 2013 	81.87 	80.00 	82.13 	80.00 	254.73K 	1.91%
Sep 11, 2013 	80.33 	80.33 	81.67 	80.07 	358.20K 	0.42%
Sep 10, 2013 	80.00 	81.67 	81.67 	80.00 	128.13K 	-0.08%
Sep 09, 2013 	80.07 	79.67 	81.67 	79.00 	71.07K 	0.50%
Sep 06, 2013 	79.67 	79.87 	80.33 	79.00 	46.68K 	-0.25%
Sep 05, 2013 	79.87 	80.33 	80.33 	78.67 	88.80K 	-0.50%
Sep 04, 2013 	80.27 	80.00 	80.27 	79.33 	86.40K 	0.33%
Sep 03, 2013 	80.00 	80.67 	80.67 	80.00 	131.10K 	-0.83%
Sep 02, 2013 	80.67 	80.67 	80.67 	79.33 	411.93K 	0.00%
Aug 30, 2013 	80.67 	82.93 	82.93 	80.67 	671.10K 	0.00%
Aug 29, 2013 	80.67 	83.00 	83.27 	77.67 	631.14K 	-3.20%
Aug 28, 2013 	83.33 	79.33 	83.33 	74.33 	461.40K 	2.88%
Aug 27, 2013 	81.00 	81.00 	81.00 	74.20 	228.21K 	0.00%
Aug 23, 2013 	81.00 	80.33 	82.27 	79.67 	117.42K 	0.83%
Aug 22, 2013 	80.33 	80.33 	80.33 	79.20 	437.97K 	-0.41%
Aug 16, 2013 	80.67 	80.33 	81.33 	80.33 	415.68K 	0.41%
Aug 15, 2013 	80.33 	80.33 	81.33 	80.20 	326.28K 	0.00%
Aug 14, 2013 	80.33 	81.67 	81.67 	80.00 	893.34K 	-1.31%
Aug 13, 2013 	81.40 	81.73 	82.27 	81.07 	367.98K 	0.49%
Aug 12, 2013 	81.00 	81.60 	81.60 	80.73 	783.30K 	-0.82%
Aug 08, 2013 	81.67 	81.33 	81.67 	81.00 	374.91K 	0.41%
Aug 07, 2013 	81.33 	81.33 	81.60 	80.40 	394.71K 	0.00%
Aug 06, 2013 	81.33 	82.80 	82.80 	80.20 	455.91K 	0.41%
Aug 05, 2013 	81.00 	81.07 	82.00 	80.93 	169.98K 	-0.08%
Aug 02, 2013 	81.07 	82.33 	82.33 	81.00 	136.80K 	-1.54%
Aug 01, 2013 	82.33 	83.00 	83.00 	81.33 	397.80K 	-0.80%
Jul 31, 2013 	83.00 	83.40 	83.40 	82.80 	963.09K 	-0.48%
Jul 30, 2013 	83.40 	85.20 	85.20 	83.33 	268.41K 	-2.11%
Jul 29, 2013 	85.20 	86.60 	86.60 	83.67 	176.22K 	-1.69%
Jul 26, 2013 	86.67 	86.67 	87.00 	86.40 	100.47K 	0.00%
Jul 25, 2013 	86.67 	88.33 	88.33 	86.67 	196.20K 	-1.89%
Jul 24, 2013 	88.33 	87.67 	88.33 	87.47 	198.12K 	0.38%
Jul 23, 2013 	88.00 	86.00 	88.00 	85.73 	229.41K 	2.33%
Jul 22, 2013 	86.00 	83.00 	87.33 	83.00 	227.58K 	3.20%
Jul 19, 2013 	83.33 	83.67 	83.67 	83.27 	171.93K 	0.00%
Jul 18, 2013 	83.33 	83.00 	84.07 	83.00 	60.09K 	-0.64%
Jul 17, 2013 	83.87 	83.87 	83.93 	83.00 	140.97K 	0.00%
Jul 16, 2013 	83.87 	84.20 	84.20 	82.67 	234.96K 	0.00%
Jul 15, 2013 	83.87 	81.67 	84.13 	81.67 	188.37K 	2.69%
Jul 12, 2013 	81.67 	82.00 	82.67 	81.67 	1.40M 	0.00%
Jul 11, 2013 	81.67 	81.67 	82.67 	81.53 	1.10M 	-0.41%
Jul 10, 2013 	82.00 	82.67 	83.93 	81.67 	424.17K 	-0.81%
Jul 09, 2013 	82.67 	82.80 	84.27 	81.93 	412.44K 	0.00%
Jul 08, 2013 	82.67 	83.33 	85.00 	82.00 	216.00K 	1.22%
Jul 05, 2013 	81.67 	83.33 	83.33 	81.67 	466.23K 	0.00%
Jul 04, 2013 	81.67 	83.33 	83.33 	81.67 	465.03K 	0.00%
Jul 03, 2013 	81.67 	83.73 	83.73 	81.07 	913.80K 	-2.00%
Jul 02, 2013 	83.33 	86.67 	86.67 	83.33 	574.50K 	-3.85%
Jul 01, 2013 	86.67 	87.67 	88.33 	83.33 	601.29K 	-6.07%
Jun 28, 2013 	92.27 	81.67 	92.27 	81.67 	4.37M 	13.82%
Jun 27, 2013 	81.07 	79.07 	81.33 	79.07 	1.52M 	3.05%
Jun 26, 2013 	78.67 	77.00 	80.60 	77.00 	338.79K 	2.16%
Jun 25, 2013 	77.00 	76.33 	77.00 	75.00 	777.78K 	0.87%
Jun 24, 2013 	76.33 	76.73 	78.33 	75.93 	467.22K 	-0.43%
Jun 21, 2013 	76.67 	86.00 	86.00 	76.67 	3.31M 	-11.54%
Jun 20, 2013 	86.67 	86.67 	86.67 	83.33 	558.87K 	-0.69%
Jun 19, 2013 	87.27 	87.33 	87.33 	87.20 	371.64K 	-0.08%
Jun 18, 2013 	87.33 	87.33 	87.40 	87.07 	789.93K 	0.08%
Jun 17, 2013 	87.27 	87.27 	87.47 	87.00 	377.91K 	0.23%
Jun 14, 2013 	87.07 	86.00 	89.00 	86.00 	411.54K 	1.24%
Jun 13, 2013 	86.00 	86.67 	86.67 	85.67 	558.00K 	-0.92%
Jun 11, 2013 	86.80 	90.00 	90.00 	86.00 	474.93K 	-3.56%
Jun 10, 2013 	90.00 	90.00 	93.00 	89.87 	605.58K 	0.00%
Jun 07, 2013 	90.00 	90.00 	90.00 	89.73 	654.75K 	0.00%
Jun 06, 2013 	90.00 	89.67 	90.00 	88.80 	377.37K 	0.00%
Jun 05, 2013 	90.00 	92.60 	93.33 	89.73 	1.19M 	-2.81%
Jun 04, 2013 	92.60 	91.93 	92.60 	90.00 	179.01K 	0.73%
Jun 03, 2013 	91.93 	92.67 	92.67 	91.33 	168.99K 	-0.79%
May 31, 2013 	92.67 	93.00 	93.00 	90.87 	432.03K 	-0.36%
May 30, 2013 	93.00 	92.67 	93.33 	92.00 	180.75K 	-0.29%
May 29, 2013 	93.27 	93.33 	93.33 	92.67 	270.03K 	0.00%
May 28, 2013 	93.27 	93.33 	93.33 	90.67 	366.69K 	-0.07%
May 27, 2013 	93.33 	94.33 	94.33 	92.00 	792.99K 	-1.06%
May 24, 2013 	94.33 	93.00 	95.00 	93.00 	1.49M 	1.07%
May 23, 2013 	93.33 	93.33 	93.33 	91.67 	866.58K 	0.00%
May 22, 2013 	93.33 	93.33 	93.67 	92.67 	1.36M 	-0.71%
May 21, 2013 	94.00 	93.00 	94.00 	91.67 	761.76K 	1.08%
May 20, 2013 	93.00 	93.00 	94.87 	93.00 	764.49K 	-0.36%
May 17, 2013 	93.33 	95.33 	95.33 	93.00 	355.35K 	-0.71%
May 16, 2013 	94.00 	94.00 	95.33 	91.67 	1.08M 	0.00%
May 15, 2013 	94.00 	97.67 	97.67 	94.00 	641.58K 	-3.75%
May 14, 2013 	97.67 	99.67 	99.67 	96.67 	1.49M 	-2.33%
May 10, 2013 	100.00 	99.67 	100.20 	99.67 	933.03K 	0.33%
May 09, 2013 	99.67 	99.67 	100.00 	99.33 	332.04K 	0.00%
May 08, 2013 	99.67 	101.27 	101.27 	99.33 	230.13K 	0.00%
May 07, 2013 	99.67 	99.67 	101.33 	98.33 	692.97K 	-0.33%
May 06, 2013 	100.00 	100.67 	101.67 	99.67 	672.39K 	-0.66%
May 03, 2013 	100.67 	101.33 	101.93 	100.00 	737.31K 	-0.33%
May 02, 2013 	101.00 	99.33 	101.33 	99.00 	664.62K 	1.00%
Apr 30, 2013 	100.00 	101.33 	101.33 	99.33 	668.55K 	0.00%
Apr 29, 2013 	100.00 	99.87 	101.60 	99.87 	834.99K 	0.20%
Apr 26, 2013 	99.80 	95.00 	100.60 	95.00 	2.34M 	3.24%
Apr 25, 2013 	96.67 	95.87 	96.73 	95.00 	673.35K 	0.83%
Apr 24, 2013 	95.87 	95.00 	97.20 	95.00 	832.86K 	1.27%
Apr 23, 2013 	94.67 	94.67 	97.00 	94.67 	919.77K 	-2.07%
Apr 22, 2013 	96.67 	96.67 	97.33 	96.67 	735.90K 	0.00%
Apr 19, 2013 	96.67 	97.33 	97.33 	96.67 	107.25K 	0.35%
Apr 18, 2013 	96.33 	94.00 	97.33 	94.00 	446.91K 	1.40%
Apr 17, 2013 	95.00 	94.60 	96.00 	94.60 	574.74K 	0.42%
Apr 16, 2013 	94.60 	96.00 	96.00 	93.33 	947.25K 	-1.87%
Apr 15, 2013 	96.40 	96.67 	97.13 	96.40 	237.60K 	-1.63%
Apr 12, 2013 	98.00 	96.33 	98.33 	96.33 	1.05M 	1.73%
Apr 11, 2013 	96.33 	94.67 	96.73 	94.67 	1.50M 	1.76%
Apr 10, 2013 	94.67 	90.67 	96.67 	90.33 	1.04M 	4.03%
Apr 08, 2013 	91.00 	90.67 	91.33 	90.00 	439.23K 	0.07%
Apr 05, 2013 	90.93 	90.00 	91.33 	89.67 	793.68K 	0.29%
Apr 04, 2013 	90.67 	90.67 	90.67 	89.00 	209.94K 	-0.37%
Apr 03, 2013 	91.00 	90.67 	91.67 	90.67 	764.97K 	0.00%
Apr 02, 2013 	91.00 	91.27 	92.67 	89.33 	481.29K 	-0.51%
Apr 01, 2013 	91.47 	91.67 	91.67 	89.13 	828.18K 	2.62%
Mar 27, 2013 	89.13 	86.33 	89.13 	86.00 	883.86K 	2.93%
Mar 26, 2013 	86.60 	86.00 	87.67 	84.33 	619.86K 	0.70%
Mar 25, 2013 	86.00 	86.67 	86.93 	84.67 	356.01K 	-1.15%
Mar 22, 2013 	87.00 	84.33 	87.67 	84.27 	1.52M 	2.84%
Mar 21, 2013 	84.60 	79.00 	85.33 	79.00 	1.95M 	7.09%
Mar 20, 2013 	79.00 	79.27 	79.27 	77.67 	541.83K 	0.08%
Mar 19, 2013 	78.93 	77.00 	78.93 	76.67 	505.50K 	1.63%
Mar 18, 2013 	77.67 	79.00 	79.00 	77.00 	783.66K 	0.87%
Mar 15, 2013 	77.00 	80.33 	81.00 	77.00 	518.07K 	-4.15%
Mar 14, 2013 	80.33 	80.20 	80.33 	79.33 	469.50K 	0.42%
Mar 13, 2013 	80.00 	82.00 	82.00 	78.67 	568.23K 	-1.64%
Mar 12, 2013 	81.33 	81.33 	81.67 	80.93 	347.04K 	-0.49%
Mar 11, 2013 	81.73 	82.33 	82.33 	81.67 	633.39K 	0.00%
Mar 08, 2013 	81.73 	81.60 	81.93 	81.60 	605.49K 	0.08%
Mar 07, 2013 	81.67 	81.80 	81.80 	81.00 	2.15M 	-0.81%
Mar 06, 2013 	82.33 	80.00 	85.00 	80.00 	1.99M 	2.92%
Mar 05, 2013 	80.00 	80.00 	80.27 	79.33 	524.01K 	-0.74%
Mar 04, 2013 	80.60 	80.00 	80.60 	79.87 	323.91K 	0.33%
Mar 01, 2013 	80.33 	79.33 	81.13 	79.33 	831.93K 	1.18%
Feb 28, 2013 	79.40 	79.07 	80.33 	79.00 	2.04M 	1.88%
Feb 27, 2013 	77.93 	77.00 	78.53 	77.00 	1.40M 	2.19%
Feb 26, 2013 	76.27 	76.67 	77.00 	76.13 	987.81K 	-0.52%
Feb 25, 2013 	76.67 	76.93 	77.00 	76.53 	318.69K 	-0.35%
Feb 22, 2013 	76.93 	77.00 	77.13 	76.67 	845.25K 	-0.09%
Feb 21, 2013 	77.00 	77.67 	78.33 	74.00 	1.43M 	-0.86%
Feb 20, 2013 	77.67 	79.00 	79.33 	77.60 	1.38M 	-0.68%
Feb 19, 2013 	78.20 	79.53 	79.67 	78.00 	880.77K 	-1.68%
Feb 18, 2013 	79.53 	76.93 	80.67 	76.93 	1.54M 	3.11%
Feb 15, 2013 	77.13 	78.67 	78.93 	76.00 	4.23M 	-2.45%
Feb 14, 2013 	79.07 	85.00 	85.00 	73.33 	7.68M 	-7.99%
Feb 13, 2013 	85.93 	85.00 	86.00 	85.00 	1.04M 	1.10%
Feb 12, 2013 	85.00 	85.00 	85.00 	84.80 	627.63K 	0.00%
Feb 11, 2013 	85.00 	84.33 	85.00 	84.33 	727.38K 	1.11%
Feb 08, 2013 	84.07 	83.73 	84.20 	83.67 	9.54K 	0.40%
Feb 07, 2013 	83.73 	83.33 	84.13 	83.33 	324.57K 	0.48%
Feb 06, 2013 	83.33 	83.27 	83.40 	82.87 	1.26M 	0.00%
Feb 05, 2013 	83.33 	83.27 	83.33 	82.33 	912.45K 	0.00%
Feb 04, 2013 	83.33 	83.27 	83.47 	83.27 	2.04M 	0.08%
Feb 01, 2013 	83.27 	82.00 	83.27 	81.67 	280.35K 	1.55%
Jan 31, 2013 	82.00 	83.93 	83.93 	82.00 	553.32K 	-1.60%
Jan 30, 2013 	83.33 	83.33 	84.07 	83.20 	1.15M 	0.00%
Jan 29, 2013 	83.33 	83.93 	84.07 	82.07 	2.11M 	-0.24%
Jan 28, 2013 	83.53 	83.33 	84.00 	83.20 	3.21M 	0.64%
Jan 25, 2013 	83.00 	80.20 	84.00 	80.20 	3.31M 	3.49%
Jan 24, 2013 	80.20 	80.13 	80.33 	80.07 	187.14K 	0.09%
Jan 23, 2013 	80.13 	80.60 	80.67 	80.00 	627.00K 	-0.58%
Jan 22, 2013 	80.60 	81.33 	81.33 	80.40 	1.00M 	-0.09%
Jan 21, 2013 	80.67 	81.00 	81.27 	80.60 	133.08K 	-0.25%
Jan 18, 2013 	80.87 	81.13 	81.33 	80.67 	410.49K 	-0.25%
Jan 17, 2013 	81.07 	80.93 	81.13 	80.60 	823.23K 	0.25%
Jan 16, 2013 	80.87 	80.87 	80.93 	80.67 	1.11M 	-0.07%
Jan 15, 2013 	80.93 	81.00 	81.33 	80.67 	424.41K 	-0.49%
Jan 14, 2013 	81.33 	80.80 	81.33 	80.67 	223.77K 	0.66%
Jan 11, 2013 	80.80 	80.33 	81.00 	80.33 	1.52M 	0.16%
Jan 10, 2013 	80.67 	81.33 	81.33 	80.47 	945.39K 	-0.81%
Jan 09, 2013 	81.33 	80.13 	81.53 	80.00 	632.67K 	1.50%
Jan 08, 2013 	80.13 	80.20 	80.20 	80.00 	837.09K 	0.00%
Jan 07, 2013 	80.13 	79.40 	80.60 	79.40 	2.32M 	1.01%
Jan 04, 2013 	79.33 	80.00 	80.00 	79.33 	2.18M 	0.00%
Jan 03, 2013 	79.33 	78.47 	79.73 	78.33 	1.79M 	1.35%
Jan 02, 2013 	78.27 	78.00 	78.33 	77.80 	2.50M 	0.60%
Dec 28, 2012 	77.80 	76.00 	78.00 	76.00 	1.31M 	2.37%
Dec 27, 2012 	76.00 	76.73 	77.00 	75.67 	604.62K 	-1.64%
Dec 26, 2012 	77.27 	77.00 	77.27 	77.00 	279.60K 	0.78%
Dec 21, 2012 	76.67 	76.67 	78.00 	75.67 	536.70K 	0.00%
Dec 20, 2012 	76.67 	75.00 	77.07 	75.00 	1.80M 	2.32%
Dec 19, 2012 	74.93 	74.47 	74.93 	74.47 	630.99K 	0.71%
Dec 18, 2012 	74.40 	74.33 	74.53 	74.20 	548.19K 	0.09%
Dec 17, 2012 	74.33 	74.33 	74.67 	74.00 	432.54K 	0.45%
Dec 14, 2012 	74.00 	73.80 	74.00 	73.27 	81.27K 	0.91%
Dec 13, 2012 	73.33 	73.33 	73.47 	73.20 	912.63K 	0.08%
Dec 12, 2012 	73.27 	73.93 	73.93 	73.27 	66.99K 	-0.08%
Dec 11, 2012 	73.33 	73.33 	74.27 	73.20 	123.21K 	-0.10%
Dec 10, 2012 	73.40 	73.67 	74.60 	73.40 	46.71K 	0.00%
Dec 07, 2012 	73.40 	74.33 	74.33 	73.40 	65.49K 	-0.81%
Dec 06, 2012 	74.00 	73.27 	75.00 	73.27 	333.48K 	1.00%
Dec 05, 2012 	73.27 	73.27 	73.33 	73.20 	232.44K 	-0.08%
Dec 04, 2012 	73.33 	74.00 	74.07 	73.20 	273.24K 	-0.91%
Dec 03, 2012 	74.00 	73.33 	74.87 	73.20 	1.07M 	0.91%
Nov 29, 2012 	73.33 	73.33 	73.33 	73.07 	128.31K 	0.00%
Nov 28, 2012 	73.33 	73.27 	73.33 	73.00 	145.92K 	0.08%
Nov 27, 2012 	73.27 	73.27 	73.33 	73.20 	56.01K 	-0.08%
Nov 26, 2012 	73.33 	73.27 	73.33 	73.20 	463.14K 	0.00%
Nov 23, 2012 	73.33 	73.00 	73.73 	73.00 	110.34K 	0.45%
Nov 22, 2012 	73.00 	73.80 	73.80 	73.00 	130.32K 	-1.08%
Nov 21, 2012 	73.80 	73.67 	74.87 	73.33 	1.34M 	-0.27%
Nov 20, 2012 	74.00 	73.00 	75.00 	73.00 	1.03M 	1.75%
Nov 19, 2012 	72.73 	73.00 	73.00 	72.33 	163.92K 	-0.74%
Nov 16, 2012 	73.27 	73.20 	73.27 	73.00 	316.38K 	-0.08%
Nov 15, 2012 	73.33 	73.33 	73.33 	73.27 	61.59K 	0.00%
Nov 14, 2012 	73.33 	73.33 	73.33 	73.27 	466.53K 	0.00%
Nov 13, 2012 	73.33 	73.33 	73.33 	73.20 	231.48K 	0.00%
Nov 12, 2012 	73.33 	73.00 	75.00 	72.67 	579.54K 	0.00%
Nov 09, 2012 	73.33 	73.33 	73.33 	73.20 	566.13K 	0.00%
Nov 08, 2012 	73.33 	73.33 	73.33 	73.07 	426.96K 	0.00%
Nov 07, 2012 	73.33 	73.27 	75.00 	73.13 	1.26M 	0.00%
Nov 06, 2012 	73.33 	73.33 	73.33 	73.20 	362.25K 	0.00%
Nov 05, 2012 	73.33 	73.00 	73.33 	72.67 	1.11M 	0.45%
Oct 31, 2012 	73.00 	73.33 	73.33 	72.67 	155.13K 	-0.45%
Oct 30, 2012 	73.33 	73.00 	73.33 	73.00 	645.27K 	0.00%
Oct 29, 2012 	73.33 	73.13 	73.33 	72.33 	290.79K 	0.00%
Oct 25, 2012 	73.33 	73.33 	73.33 	73.20 	642.30K 	0.00%
Oct 24, 2012 	73.33 	73.67 	73.67 	73.20 	240.99K 	-0.91%
Oct 23, 2012 	74.00 	73.40 	74.00 	73.40 	121.08K 	-0.09%
Oct 22, 2012 	74.07 	74.00 	74.07 	73.67 	139.26K 	0.09%
Oct 19, 2012 	74.00 	74.13 	74.27 	73.67 	148.23K 	-0.63%
Oct 18, 2012 	74.47 	74.67 	74.67 	73.87 	70.50K 	-0.08%
Oct 17, 2012 	74.53 	74.67 	75.00 	74.33 	71.76K 	-0.63%
Oct 16, 2012 	75.00 	75.33 	75.33 	74.67 	289.71K 	0.44%
Oct 15, 2012 	74.67 	74.33 	75.00 	73.33 	178.23K 	0.00%
Oct 12, 2012 	74.67 	75.00 	75.13 	74.33 	137.58K 	-0.80%
Oct 11, 2012 	75.27 	74.60 	76.33 	74.60 	388.05K 	0.80%
Oct 10, 2012 	74.67 	74.67 	74.67 	74.33 	142.32K 	0.00%
Oct 09, 2012 	74.67 	74.93 	74.93 	74.33 	54.96K 	-0.35%
Oct 08, 2012 	74.93 	74.53 	74.93 	74.53 	778.23K 	0.00%
Oct 05, 2012 	74.93 	75.00 	75.07 	74.33 	1.56M 	0.00%
Oct 04, 2012 	74.93 	74.20 	75.20 	74.13 	480.36K 	0.98%
Oct 03, 2012 	74.20 	74.20 	74.40 	74.13 	480.27K 	0.00%
Oct 02, 2012 	74.20 	74.73 	74.73 	74.07 	335.67K 	0.09%
Oct 01, 2012 	74.13 	74.07 	74.27 	74.00 	171.18K 	0.18%
Sep 28, 2012 	74.00 	74.33 	74.33 	73.67 	297.72K 	-0.44%
Sep 27, 2012 	74.33 	73.33 	74.33 	73.00 	352.32K 	1.36%
Sep 26, 2012 	73.33 	73.33 	73.33 	73.00 	342.75K 	0.00%
Sep 25, 2012 	73.33 	73.33 	73.60 	73.33 	514.11K 	-0.46%
Sep 24, 2012 	73.67 	73.33 	73.67 	73.27 	831.54K 	0.46%
Sep 21, 2012 	73.33 	74.07 	74.27 	73.33 	1.87M 	-1.00%
Sep 20, 2012 	74.07 	74.40 	74.40 	74.00 	999.09K 	-0.71%
Sep 19, 2012 	74.60 	73.67 	74.87 	73.67 	756.15K 	0.36%
Sep 18, 2012 	74.33 	73.67 	74.67 	73.67 	445.29K 	-0.80%
Sep 17, 2012 	74.93 	74.67 	76.00 	74.00 	496.23K 	0.27%
Sep 14, 2012 	74.73 	73.60 	75.73 	73.33 	417.51K 	1.54%
Sep 13, 2012 	73.60 	72.27 	73.60 	72.27 	649.20K 	1.76%
Sep 12, 2012 	72.33 	71.67 	72.67 	71.60 	356.52K 	0.92%
Sep 11, 2012 	71.67 	71.67 	71.80 	71.47 	494.19K 	0.00%
Sep 10, 2012 	71.67 	73.00 	73.00 	71.67 	670.20K 	-1.82%
Sep 07, 2012 	73.00 	73.33 	73.33 	72.60 	446.91K 	-0.45%
Sep 06, 2012 	73.33 	73.00 	73.60 	72.93 	216.39K 	0.36%
Sep 05, 2012 	73.07 	73.33 	73.33 	72.73 	259.95K 	0.00%
Sep 04, 2012 	73.07 	73.00 	73.33 	72.67 	359.01K 	0.00%
Sep 03, 2012 	73.07 	72.60 	73.07 	72.60 	173.07K 	-2.14%
Aug 31, 2012 	74.67 	73.00 	74.67 	72.47 	271.41K 	2.29%
Aug 30, 2012 	73.00 	73.93 	73.93 	73.00 	316.83K 	-1.35%
Aug 29, 2012 	74.00 	74.33 	76.00 	73.67 	251.13K 	-1.33%
Aug 28, 2012 	75.00 	74.93 	75.00 	74.27 	95.01K 	0.00%
Aug 24, 2012 	75.00 	74.93 	75.00 	73.00 	449.13K 	0.09%
Aug 23, 2012 	74.93 	74.00 	75.33 	74.00 	485.82K 	0.81%
Aug 22, 2012 	74.33 	73.93 	74.33 	73.80 	187.05K 	-0.89%
Aug 17, 2012 	75.00 	74.33 	75.00 	73.67 	53.40K 	0.90%
Aug 16, 2012 	74.33 	74.33 	74.33 	73.67 	56.43K 	0.00%
Aug 15, 2012 	74.33 	75.00 	75.00 	74.00 	274.65K 	-0.09%
Aug 14, 2012 	74.40 	74.33 	74.40 	73.80 	66.81K 	0.09%
Aug 13, 2012 	74.33 	75.87 	75.87 	74.33 	538.59K 	-2.20%
Aug 10, 2012 	76.00 	76.13 	76.13 	75.93 	446.52K 	0.00%
Aug 09, 2012 	76.00 	75.33 	76.67 	73.73 	813.24K 	-0.43%
Aug 08, 2012 	76.33 	75.33 	76.33 	75.33 	434.40K 	-66.23%
Aug 06, 2012 	226.00 	227.00 	227.00 	226.00 	81.82K 	-0.44%
Aug 03, 2012 	227.00 	226.00 	236.00 	224.00 	233.90K 	0.00%
Aug 02, 2012 	227.00 	224.80 	232.00 	222.00 	180.77K 	1.89%
Aug 01, 2012 	222.80 	222.00 	225.00 	221.20 	155.09K 	-0.89%
Jul 31, 2012 	224.80 	225.80 	229.80 	222.00 	178.41K 	-0.53%
Jul 30, 2012 	226.00 	227.00 	227.00 	225.00 	691.49K 	-0.44%
Jul 27, 2012 	227.00 	227.40 	231.00 	227.00 	94.23K 	-0.35%
Jul 26, 2012 	227.80 	226.80 	229.40 	226.80 	197.72K 	0.44%
Jul 25, 2012 	226.80 	226.00 	230.00 	226.00 	295.57K 	0.35%
Jul 24, 2012 	226.00 	221.00 	226.20 	220.00 	259.14K 	2.26%
Jul 23, 2012 	221.00 	220.00 	221.00 	219.00 	195.26K 	0.45%
Jul 20, 2012 	220.00 	228.80 	228.80 	218.00 	106.68K 	-2.65%
Jul 19, 2012 	226.00 	226.80 	228.00 	223.20 	86.67K 	-0.44%
Jul 18, 2012 	227.00 	231.00 	231.00 	226.80 	253.50K 	-1.73%
Jul 17, 2012 	231.00 	228.00 	231.00 	227.60 	400.02K 	0.87%
Jul 16, 2012 	229.00 	221.20 	229.80 	221.20 	298.85K 	3.53%
Jul 13, 2012 	221.20 	218.00 	221.20 	218.00 	107.35K 	1.47%
Jul 12, 2012 	218.00 	218.00 	219.00 	217.80 	204.32K 	-0.09%
Jul 11, 2012 	218.20 	219.00 	219.00 	218.00 	177.88K 	-0.37%
Jul 10, 2012 	219.00 	220.40 	220.40 	217.80 	246.43K 	-0.54%
Jul 09, 2012 	220.20 	218.00 	220.40 	218.00 	98.75K 	1.01%
Jul 06, 2012 	218.00 	220.40 	220.40 	217.60 	105.22K 	-1.18%
Jul 05, 2012 	220.60 	221.00 	221.80 	219.80 	52.50K 	0.36%
Jul 04, 2012 	219.80 	220.00 	221.80 	219.20 	292.63K 	0.37%
Jul 03, 2012 	219.00 	217.80 	219.60 	217.80 	187.13K 	0.55%
Jul 02, 2012 	217.80 	219.80 	221.00 	217.20 	330.34K 	-0.18%
Jun 29, 2012 	218.20 	217.20 	218.40 	216.80 	354.99K 	1.02%
Jun 28, 2012 	216.00 	219.00 	219.00 	216.00 	278.12K 	-1.37%
Jun 27, 2012 	219.00 	220.20 	220.20 	219.00 	317.05K 	-0.45%
Jun 26, 2012 	220.00 	217.00 	220.20 	215.20 	230.28K 	2.33%
Jun 25, 2012 	215.00 	215.80 	216.00 	212.20 	134.97K 	1.90%
Jun 22, 2012 	211.00 	218.00 	218.00 	208.60 	206.68K 	-2.41%
Jun 21, 2012 	216.20 	217.00 	217.00 	216.00 	91.09K 	-0.37%
Jun 20, 2012 	217.00 	216.40 	218.00 	216.20 	173.34K 	0.28%
Jun 19, 2012 	216.40 	216.00 	216.60 	214.00 	97.97K 	0.19%
Jun 18, 2012 	216.00 	212.00 	216.00 	208.00 	468.66K 	8.00%
Jun 15, 2012 	200.00 	220.00 	220.00 	200.00 	804.55K 	-7.41%
Jun 14, 2012 	216.00 	222.40 	224.00 	214.80 	458.91K 	-2.88%
Jun 13, 2012 	222.40 	222.00 	226.00 	218.00 	122.26K 	2.02%
Jun 11, 2012 	218.00 	222.00 	222.00 	216.80 	157.05K 	-0.73%
Jun 08, 2012 	219.60 	220.00 	220.40 	219.00 	264.40K 	-0.18%
Jun 07, 2012 	220.00 	222.00 	222.00 	220.00 	148.74K 	0.00%
Jun 06, 2012 	220.00 	223.40 	223.40 	220.00 	67.60K 	-1.43%
Jun 05, 2012 	223.20 	223.00 	224.00 	221.00 	90.48K 	0.54%
Jun 04, 2012 	222.00 	224.80 	224.80 	218.20 	157.61K 	-1.77%
Jun 01, 2012 	226.00 	223.00 	230.00 	223.00 	265.71K 	-1.74%
May 31, 2012 	230.00 	219.40 	230.00 	219.00 	312.65K 	3.14%
May 30, 2012 	223.00 	232.00 	232.00 	219.80 	610.63K 	-3.88%
May 29, 2012 	232.00 	222.00 	232.80 	220.20 	293.49K 	4.50%
May 28, 2012 	222.00 	219.00 	222.00 	215.80 	180.79K 	0.27%
May 25, 2012 	221.40 	221.00 	223.00 	220.20 	160.10K 	0.18%
May 24, 2012 	221.00 	234.00 	234.00 	221.00 	1.52M 	-7.53%
May 23, 2012 	239.00 	241.00 	241.20 	234.20 	1.08M 	-0.83%
May 22, 2012 	241.00 	244.00 	249.00 	240.60 	464.66K 	-2.03%
May 21, 2012 	246.00 	247.60 	254.80 	246.00 	125.06K 	-1.60%
May 18, 2012 	250.00 	249.80 	252.00 	249.80 	237.04K 	0.08%
May 17, 2012 	249.80 	244.00 	254.00 	244.00 	148.01K 	1.96%
May 16, 2012 	245.00 	245.00 	247.80 	244.00 	402.02K 	-1.21%
May 15, 2012 	248.00 	250.00 	250.00 	240.00 	376.34K 	-0.80%
May 14, 2012 	250.00 	249.00 	250.00 	245.80 	322.23K 	0.40%
May 11, 2012 	249.00 	253.00 	253.00 	246.00 	111.10K 	-1.58%
May 10, 2012 	253.00 	253.20 	253.40 	246.00 	482.76K 	-0.63%
May 09, 2012 	254.60 	257.00 	257.00 	253.40 	82.96K 	-0.55%
May 08, 2012 	256.00 	255.00 	256.00 	252.20 	155.41K 	1.67%
May 07, 2012 	251.80 	253.00 	253.00 	251.40 	113.08K 	-0.47%
May 04, 2012 	253.00 	255.00 	255.80 	251.60 	400.63K 	-0.78%
May 03, 2012 	255.00 	256.00 	256.00 	254.80 	257.41K 	0.08%
May 02, 2012 	254.80 	252.00 	257.80 	252.00 	275.44K 	1.11%
Apr 30, 2012 	252.00 	246.00 	255.20 	241.80 	426.23K 	2.11%
Apr 27, 2012 	246.80 	245.00 	251.00 	244.80 	360.38K 	0.82%
Apr 26, 2012 	244.80 	246.00 	246.00 	244.80 	61.48K 	-0.08%
Apr 25, 2012 	245.00 	245.20 	247.00 	244.80 	314.31K 	-0.08%
Apr 24, 2012 	245.20 	244.60 	245.20 	240.00 	510.56K 	0.25%
Apr 23, 2012 	244.60 	244.40 	246.00 	244.40 	100.43K 	0.08%
Apr 20, 2012 	244.40 	242.00 	245.00 	242.00 	192.90K 	2.26%
Apr 19, 2012 	239.00 	246.40 	248.00 	239.00 	535.15K 	-3.00%
Apr 18, 2012 	246.40 	247.00 	248.00 	246.00 	227.50K 	0.57%
Apr 17, 2012 	245.00 	244.80 	245.60 	244.00 	338.13K 	0.08%
Apr 16, 2012 	244.80 	245.20 	245.20 	243.60 	203.44K 	-0.24%
Apr 13, 2012 	245.40 	247.60 	248.00 	245.00 	171.47K 	-0.81%
Apr 12, 2012 	247.40 	246.00 	247.80 	246.00 	36.04K 	-0.24%
Apr 11, 2012 	248.00 	246.20 	248.00 	245.20 	106.18K 	0.57%
Apr 10, 2012 	246.60 	249.00 	249.00 	246.00 	135.07K 	-0.56%
Apr 04, 2012 	248.00 	247.40 	249.00 	247.20 	57.40K 	0.08%
Apr 03, 2012 	247.80 	248.00 	249.00 	247.40 	340.55K 	-0.08%
Apr 02, 2012 	248.00 	243.00 	249.80 	243.00 	122.91K 	1.31%
Mar 30, 2012 	244.80 	242.60 	245.00 	242.00 	160.23K 	-0.33%
Mar 29, 2012 	245.60 	250.00 	250.00 	244.20 	129.55K 	-1.29%
Mar 28, 2012 	248.80 	248.00 	250.00 	248.00 	249.49K 	0.32%
Mar 27, 2012 	248.00 	244.00 	249.00 	244.00 	289.99K 	2.06%
Mar 26, 2012 	243.00 	244.00 	244.80 	242.00 	75.44K 	-0.41%
Mar 23, 2012 	244.00 	241.20 	247.00 	241.20 	519.88K 	0.25%
Mar 22, 2012 	243.40 	248.00 	248.00 	242.00 	75.23K 	-1.46%
Mar 21, 2012 	247.00 	244.00 	247.00 	243.00 	237.87K 	0.65%
Mar 20, 2012 	245.40 	248.00 	248.00 	245.00 	163.43K 	-1.05%
Mar 19, 2012 	248.00 	245.40 	252.00 	241.20 	546.50K 	1.14%
Mar 16, 2012 	245.20 	243.60 	246.00 	242.80 	600.13K 	0.66%
Mar 15, 2012 	243.60 	244.00 	246.00 	243.40 	386.70K 	0.25%
Mar 14, 2012 	243.00 	240.00 	243.00 	240.00 	317.90K 	1.50%
Mar 13, 2012 	239.40 	240.40 	241.00 	239.00 	123.33K 	-0.42%
Mar 12, 2012 	240.40 	234.00 	242.00 	229.80 	1.10M 	2.74%
Mar 09, 2012 	234.00 	229.20 	234.00 	229.20 	609.02K 	2.18%
Mar 08, 2012 	229.00 	225.60 	230.20 	225.40 	634.26K 	2.23%
Mar 07, 2012 	224.00 	219.80 	225.20 	218.00 	733.89K 	1.82%
Mar 06, 2012 	220.00 	221.00 	221.00 	218.40 	539.14K 	-0.45%
Mar 05, 2012 	221.00 	221.00 	223.00 	220.80 	1.01M 	0.09%
Mar 02, 2012 	220.80 	222.00 	222.00 	219.80 	206.64K 	1.28%
Mar 01, 2012 	218.00 	221.60 	222.00 	218.00 	384.42K 	-1.36%
Feb 29, 2012 	221.00 	220.00 	223.20 	220.00 	334.96K 	0.45%
Feb 28, 2012 	220.00 	220.00 	220.20 	219.00 	183.18K 	0.92%
Feb 27, 2012 	218.00 	218.60 	222.80 	218.00 	171.45K 	-0.91%
Feb 24, 2012 	220.00 	221.20 	221.80 	217.80 	106.46K 	-0.54%
Feb 23, 2012 	221.20 	223.60 	223.60 	221.20 	247.78K 	0.09%
Feb 22, 2012 	221.00 	221.60 	225.00 	220.00 	314.46K 	1.66%
Feb 21, 2012 	217.40 	216.00 	219.00 	216.00 	388.66K 	0.56%
Feb 20, 2012 	216.20 	217.00 	221.00 	216.20 	341.47K 	-0.09%
Feb 17, 2012 	216.40 	215.00 	219.00 	214.00 	563.71K 	2.56%
Feb 16, 2012 	211.00 	220.40 	220.40 	211.00 	564.19K 	-4.26%
Feb 15, 2012 	220.40 	222.00 	222.00 	220.40 	395.49K 	-0.27%
Feb 14, 2012 	221.00 	224.40 	224.60 	221.00 	649.51K 	-1.52%
Feb 13, 2012 	224.40 	223.80 	225.80 	223.80 	461.95K 	0.09%
Feb 10, 2012 	224.20 	223.80 	226.00 	223.80 	270.59K 	0.09%
Feb 09, 2012 	224.00 	225.80 	226.80 	224.00 	689.74K 	-0.80%
Feb 08, 2012 	225.80 	224.60 	227.00 	224.60 	565.32K 	0.62%
Feb 07, 2012 	224.40 	226.20 	226.20 	224.00 	668.83K 	-0.80%
Feb 06, 2012 	226.20 	225.80 	226.20 	224.00 	172.62K 	0.27%
Feb 03, 2012 	225.60 	225.40 	226.80 	225.00 	556.05K 	-1.23%
Feb 02, 2012 	228.40 	224.00 	230.20 	223.80 	236.16K 	2.06%
Feb 01, 2012 	223.80 	225.00 	225.20 	222.80 	909.04K 	-0.71%
Jan 31, 2012 	225.40 	223.80 	226.60 	223.80 	174.72K 	0.18%
Jan 30, 2012 	225.00 	226.00 	226.20 	223.80 	177.89K 	-0.44%
Jan 27, 2012 	226.00 	226.80 	226.80 	226.00 	146.29K 	-0.26%
Jan 26, 2012 	226.60 	228.80 	231.40 	226.00 	854.24K 	-0.44%
Jan 25, 2012 	227.60 	228.00 	228.00 	227.00 	65.21K 	-0.18%
Jan 24, 2012 	228.00 	228.60 	229.20 	225.00 	259.11K 	-0.44%
Jan 20, 2012 	229.00 	226.00 	230.00 	226.00 	232.01K 	1.78%
Jan 19, 2012 	225.00 	226.00 	226.40 	224.00 	250.36K 	-0.44%
Jan 18, 2012 	226.00 	226.00 	229.40 	225.00 	673.29K 	0.00%
Jan 17, 2012 	226.00 	225.20 	228.00 	225.20 	572.45K 	0.53%
Jan 16, 2012 	224.80 	224.00 	228.00 	224.00 	820.24K 	0.36%
Jan 13, 2012 	224.00 	226.00 	226.00 	223.60 	595.39K 	-0.88%
Jan 12, 2012 	226.00 	226.00 	227.80 	225.40 	1.50M 	0.00%
Jan 11, 2012 	226.00 	229.60 	229.60 	226.00 	565.93K 	-1.48%
Jan 10, 2012 	229.40 	230.00 	230.60 	226.00 	420.82K 	-0.17%
Jan 09, 2012 	229.80 	225.80 	230.20 	225.60 	296.13K 	1.77%
Jan 06, 2012 	225.80 	228.00 	228.00 	225.00 	102.04K 	-0.96%
Jan 05, 2012 	228.00 	224.00 	230.00 	222.40 	395.11K 	1.33%
Jan 04, 2012 	225.00 	220.00 	225.00 	220.00 	187.79K 	2.09%
Jan 03, 2012 	220.40 	222.00 	222.40 	220.00 	537.11K 	-0.72%
Jan 02, 2012 	222.00 	221.00 	222.00 	219.00 	355.60K 	0.27%