Feb 07, 2018 	246.00 	247.00 	248.80 	242.00 	303.97K 	3.36%
Feb 06, 2018 	238.00 	230.00 	238.00 	225.00 	769.13K 	0.00%
Feb 05, 2018 	238.00 	242.00 	242.00 	235.00 	703.91K 	-2.22%
Feb 02, 2018 	243.40 	245.20 	245.20 	242.40 	1.11M 	-0.73%
Feb 01, 2018 	245.20 	250.00 	250.00 	244.40 	260.18K 	-0.33%
Jan 31, 2018 	246.00 	247.00 	250.00 	244.00 	807.43K 	-0.32%
Jan 30, 2018 	246.80 	252.00 	252.40 	246.80 	728.81K 	-2.06%
Jan 29, 2018 	252.00 	251.60 	254.00 	250.80 	518.07K 	0.16%
Jan 26, 2018 	251.60 	251.60 	251.80 	250.20 	1.15M 	-0.08%
Jan 25, 2018 	251.80 	252.00 	252.00 	250.80 	731.92K 	0.00%
Jan 24, 2018 	251.80 	252.00 	253.00 	251.20 	553.11K 	0.24%
Jan 23, 2018 	251.20 	251.00 	252.00 	250.80 	911.49K 	0.24%
Jan 22, 2018 	250.60 	250.00 	253.20 	250.00 	459.94K 	0.24%
Jan 19, 2018 	250.00 	251.60 	251.60 	249.20 	1.17M 	-0.64%
Jan 18, 2018 	251.60 	252.00 	253.20 	250.40 	925.28K 	-0.16%
Jan 17, 2018 	252.00 	255.00 	256.20 	251.00 	1.06M 	-1.18%
Jan 16, 2018 	255.00 	258.80 	258.80 	254.00 	823.62K 	0.39%
Jan 15, 2018 	254.00 	259.00 	259.00 	254.00 	183.87K 	-0.55%
Jan 12, 2018 	255.40 	255.00 	260.00 	254.40 	3.14M 	0.47%
Jan 11, 2018 	254.20 	254.00 	255.60 	253.00 	609.40K 	0.47%
Jan 10, 2018 	253.00 	252.80 	255.40 	252.80 	584.75K 	0.16%
Jan 09, 2018 	252.60 	251.00 	255.00 	250.80 	732.15K 	1.45%
Jan 08, 2018 	249.00 	248.00 	251.00 	247.40 	1.00M 	1.22%
Jan 05, 2018 	246.00 	250.00 	251.00 	246.00 	5.33M 	-1.52%
Jan 04, 2018 	249.80 	251.60 	254.00 	249.60 	1.51M 	-1.58%
Jan 03, 2018 	253.80 	252.00 	254.80 	250.20 	511.58K 	0.95%
Dec 29, 2017 	251.40 	254.40 	254.60 	251.40 	226.51K 	-0.32%
Dec 28, 2017 	252.20 	254.00 	254.60 	251.60 	147.89K 	-0.79%
Dec 27, 2017 	254.20 	254.00 	254.40 	251.00 	164.03K 	0.87%
Dec 22, 2017 	252.00 	255.00 	255.00 	251.40 	90.70K 	-0.16%
Dec 21, 2017 	252.40 	255.00 	255.00 	250.60 	771.11K 	0.40%
Dec 20, 2017 	251.40 	255.40 	255.80 	249.00 	433.51K 	-1.02%
Dec 19, 2017 	254.00 	250.00 	255.20 	250.00 	1.21M 	0.87%
Dec 18, 2017 	251.80 	250.20 	255.00 	245.60 	713.31K 	-1.25%
Dec 15, 2017 	255.00 	248.00 	255.00 	248.00 	532.71K 	1.43%
Dec 14, 2017 	251.40 	250.00 	253.00 	247.80 	357.82K 	-0.63%
Dec 13, 2017 	253.00 	254.40 	254.40 	251.00 	537.35K 	0.40%
Dec 12, 2017 	252.00 	251.40 	254.20 	251.40 	488.35K 	0.72%
Dec 11, 2017 	250.20 	250.00 	251.00 	247.00 	363.69K 	0.08%
Dec 08, 2017 	250.00 	240.20 	250.00 	240.20 	474.43K 	2.46%
Dec 07, 2017 	244.00 	240.80 	245.60 	236.00 	830.84K 	1.24%
Dec 06, 2017 	241.00 	237.00 	243.00 	235.00 	1.01M 	1.69%
Dec 05, 2017 	237.00 	242.00 	246.00 	236.20 	590.41K 	-1.66%
Dec 04, 2017 	241.00 	247.00 	247.00 	240.00 	815.41K 	-2.43%
Dec 01, 2017 	247.00 	252.80 	253.00 	246.60 	289.91K 	-1.20%
Nov 29, 2017 	250.00 	252.40 	252.40 	247.00 	865.33K 	0.00%
Nov 28, 2017 	250.00 	253.80 	253.80 	249.60 	562.68K 	-0.56%
Nov 27, 2017 	251.40 	254.40 	254.40 	250.60 	196.01K 	-1.18%
Nov 24, 2017 	254.40 	251.20 	254.40 	250.60 	342.12K 	0.16%
Nov 23, 2017 	254.00 	250.00 	254.00 	249.80 	177.70K 	0.00%
Nov 22, 2017 	254.00 	247.80 	254.00 	247.80 	260.87K 	2.50%
Nov 21, 2017 	247.80 	253.80 	253.80 	247.60 	374.71K 	-1.27%
Nov 20, 2017 	251.00 	251.00 	254.00 	251.00 	153.07K 	0.40%
Nov 17, 2017 	250.00 	250.20 	251.80 	249.00 	375.17K 	0.00%
Nov 16, 2017 	250.00 	248.60 	254.80 	248.60 	404.98K 	-0.08%
Nov 15, 2017 	250.20 	249.20 	255.00 	249.20 	376.78K 	0.40%
Nov 14, 2017 	249.20 	254.40 	258.60 	248.20 	740.10K 	-0.91%
Nov 13, 2017 	251.50 	259.48 	259.48 	250.70 	267.62K 	-2.63%
Nov 10, 2017 	258.29 	260.28 	261.28 	256.49 	101.66K 	-0.46%
Nov 09, 2017 	259.48 	258.88 	262.48 	258.49 	206.90K 	0.23%
Nov 08, 2017 	258.88 	252.50 	259.48 	251.50 	279.47K 	2.53%
Nov 07, 2017 	252.50 	251.30 	253.70 	249.70 	95.37K 	0.40%
Nov 06, 2017 	251.50 	249.50 	254.29 	249.50 	358.47K 	1.28%
Nov 03, 2017 	248.31 	257.09 	263.48 	248.31 	328.49K 	-3.38%
Nov 02, 2017 	257.00 	246.00 	257.40 	244.80 	281.95K 	4.47%
Oct 30, 2017 	246.00 	252.00 	252.20 	246.00 	390.28K 	-2.38%
Oct 27, 2017 	252.00 	252.00 	253.80 	250.00 	180.56K 	-1.18%
Oct 26, 2017 	255.00 	255.20 	255.20 	250.00 	137.06K 	0.00%
Oct 25, 2017 	255.00 	253.80 	255.40 	249.00 	935.89K 	2.41%
Oct 24, 2017 	249.00 	260.20 	261.80 	249.00 	580.63K 	-4.23%
Oct 23, 2017 	260.00 	263.00 	264.80 	259.00 	207.56K 	-1.22%
Oct 20, 2017 	263.20 	265.00 	265.00 	262.00 	261.18K 	-0.75%
Oct 19, 2017 	265.20 	261.00 	266.00 	261.00 	424.92K 	1.61%
Oct 18, 2017 	261.00 	266.80 	266.80 	258.00 	379.28K 	-2.17%
Oct 17, 2017 	266.80 	260.00 	268.20 	260.00 	942.69K 	2.69%
Oct 13, 2017 	259.80 	252.00 	259.80 	252.00 	772.29K 	3.10%
Oct 12, 2017 	252.00 	252.00 	254.00 	251.00 	200.21K 	0.72%
Oct 11, 2017 	250.20 	252.00 	255.00 	250.20 	573.62K 	0.00%
Oct 10, 2017 	250.20 	248.20 	254.20 	248.20 	457.14K 	0.81%
Oct 09, 2017 	248.20 	248.40 	248.40 	246.60 	366.79K 	0.00%
Oct 06, 2017 	248.20 	250.00 	250.00 	244.00 	188.01K 	-0.32%
Oct 05, 2017 	249.00 	245.00 	250.20 	245.00 	305.52K 	2.05%
Oct 04, 2017 	244.00 	254.60 	254.60 	244.00 	174.98K 	-3.17%
Oct 03, 2017 	252.00 	247.60 	254.40 	246.00 	624.87K 	2.44%
Oct 02, 2017 	246.00 	243.20 	247.00 	242.20 	667.75K 	1.15%
Sep 29, 2017 	243.20 	244.00 	249.00 	243.20 	790.06K 	-2.33%
Sep 28, 2017 	249.00 	249.60 	250.40 	243.20 	871.87K 	-0.24%
Sep 27, 2017 	249.60 	249.00 	252.00 	249.00 	788.94K 	0.24%
Sep 26, 2017 	249.00 	251.00 	253.00 	247.00 	1.13M 	-1.35%
Sep 25, 2017 	252.40 	254.60 	256.00 	251.00 	377.96K 	-0.86%
Sep 22, 2017 	254.60 	252.20 	254.80 	252.00 	501.29K 	1.03%
Sep 21, 2017 	252.00 	249.40 	253.80 	249.00 	210.97K 	1.12%
Sep 20, 2017 	249.20 	248.80 	249.40 	248.00 	774.83K 	0.73%
Sep 19, 2017 	247.40 	244.20 	247.80 	244.20 	1.20M 	0.98%
Sep 18, 2017 	245.00 	250.00 	250.00 	244.00 	429.78K 	-0.97%
Sep 15, 2017 	247.40 	249.00 	249.20 	245.20 	1.94M 	-0.64%
Sep 14, 2017 	249.00 	250.80 	250.80 	247.00 	451.73K 	0.00%
Sep 13, 2017 	249.00 	245.00 	253.40 	245.00 	642.93K 	2.38%
Sep 11, 2017 	243.20 	241.20 	246.00 	241.20 	182.59K 	-0.08%
Sep 08, 2017 	243.40 	243.00 	247.00 	241.20 	588.42K 	0.16%
Sep 07, 2017 	243.00 	245.40 	245.40 	241.40 	734.24K 	0.83%
Sep 06, 2017 	241.00 	244.60 	244.60 	239.60 	460.90K 	-1.47%
Sep 05, 2017 	244.60 	244.40 	244.60 	242.60 	1.00M 	0.08%
Sep 04, 2017 	244.40 	250.00 	250.00 	241.60 	519.57K 	-2.24%
Aug 31, 2017 	250.00 	250.00 	252.20 	248.00 	7.86M 	0.48%
Aug 30, 2017 	248.80 	253.00 	257.00 	246.80 	1.14M 	-1.58%
Aug 29, 2017 	252.80 	257.00 	258.00 	251.40 	934.93K 	-0.47%
Aug 25, 2017 	254.00 	254.20 	258.00 	252.20 	573.27K 	0.00%
Aug 24, 2017 	254.00 	255.00 	256.00 	249.80 	524.77K 	-0.08%
Aug 23, 2017 	254.20 	255.00 	258.00 	254.20 	399.25K 	-0.31%
Aug 22, 2017 	255.00 	256.00 	258.00 	254.40 	791.11K 	-0.39%
Aug 18, 2017 	256.00 	259.00 	261.40 	256.00 	759.48K 	-1.92%
Aug 17, 2017 	261.00 	255.20 	262.00 	255.20 	1.40M 	2.35%
Aug 16, 2017 	255.00 	258.00 	260.00 	255.00 	647.32K 	-1.16%
Aug 15, 2017 	258.00 	257.00 	261.60 	256.40 	1.22M 	0.78%
Aug 14, 2017 	256.00 	259.40 	263.00 	254.00 	659.56K 	1.59%
Aug 11, 2017 	252.00 	250.00 	255.00 	248.60 	1.90M 	3.28%
Aug 10, 2017 	244.00 	241.80 	245.20 	241.60 	561.67K 	0.91%
Aug 09, 2017 	241.80 	243.00 	247.00 	236.40 	673.16K 	-0.49%
Aug 08, 2017 	243.00 	235.00 	244.20 	233.80 	1.01M 	3.58%
Aug 07, 2017 	234.60 	230.00 	234.80 	230.00 	298.43K 	2.00%
Aug 04, 2017 	230.00 	230.00 	232.80 	229.00 	322.87K 	0.44%
Aug 03, 2017 	229.00 	230.00 	232.80 	227.60 	314.54K 	0.00%
Aug 02, 2017 	229.00 	230.00 	232.00 	227.00 	228.04K 	0.17%
Aug 01, 2017 	228.60 	234.00 	234.00 	228.00 	537.75K 	-2.31%
Jul 31, 2017 	234.00 	234.80 	236.00 	232.00 	603.21K 	0.17%
Jul 28, 2017 	233.60 	232.00 	238.20 	230.60 	675.68K 	0.69%
Jul 27, 2017 	232.00 	228.00 	234.40 	228.00 	523.43K 	1.75%
Jul 26, 2017 	228.00 	226.40 	230.00 	225.80 	383.53K 	0.71%
Jul 25, 2017 	226.40 	223.00 	227.60 	223.00 	396.39K 	1.52%
Jul 24, 2017 	223.00 	225.00 	226.00 	223.00 	162.43K 	-2.11%
Jul 21, 2017 	227.80 	219.00 	227.80 	217.00 	268.11K 	2.98%
Jul 20, 2017 	221.20 	222.00 	223.80 	220.00 	615.79K 	-0.36%
Jul 19, 2017 	222.00 	224.80 	224.80 	220.00 	408.03K 	-1.16%
Jul 18, 2017 	224.60 	221.40 	224.60 	219.40 	322.60K 	1.45%
Jul 17, 2017 	221.40 	221.20 	222.80 	221.20 	306.29K 	0.64%
Jul 14, 2017 	220.00 	220.80 	221.60 	219.60 	631.39K 	-0.36%
Jul 13, 2017 	220.80 	221.00 	221.20 	219.20 	1.01M 	0.27%
Jul 12, 2017 	220.20 	220.00 	220.40 	218.20 	969.42K 	0.36%
Jul 11, 2017 	219.40 	221.00 	221.00 	217.80 	546.79K 	-0.72%
Jul 10, 2017 	221.00 	220.80 	222.80 	220.60 	325.31K 	0.18%
Jul 07, 2017 	220.60 	221.00 	221.40 	219.40 	189.36K 	-0.09%
Jul 06, 2017 	220.80 	219.40 	223.00 	219.40 	399.52K 	0.64%
Jul 05, 2017 	219.40 	217.00 	221.00 	215.00 	319.26K 	-0.81%
Jul 04, 2017 	221.20 	223.00 	223.00 	221.00 	58.71K 	0.09%
Jul 03, 2017 	221.00 	220.00 	223.80 	219.60 	439.94K 	1.84%
Jun 30, 2017 	217.00 	217.00 	219.80 	216.00 	761.13K 	-1.27%
Jun 29, 2017 	219.80 	220.00 	220.00 	219.20 	553.46K 	-0.09%
Jun 28, 2017 	220.00 	222.20 	222.20 	219.00 	332.74K 	-0.99%
Jun 27, 2017 	222.20 	222.00 	222.80 	220.00 	186.50K 	0.91%
Jun 23, 2017 	220.20 	221.40 	221.40 	220.00 	506.75K 	-0.54%
Jun 22, 2017 	221.40 	221.00 	222.40 	220.80 	633.96K 	0.18%
Jun 21, 2017 	221.00 	220.60 	221.00 	217.80 	639.40K 	0.18%
Jun 20, 2017 	220.60 	221.60 	221.60 	218.00 	693.53K 	-0.45%
Jun 19, 2017 	221.60 	222.20 	222.20 	219.20 	437.14K 	-0.27%
Jun 16, 2017 	222.20 	220.00 	222.20 	218.60 	4.66M 	0.63%
Jun 15, 2017 	220.80 	220.00 	221.40 	219.00 	422.08K 	0.36%
Jun 14, 2017 	220.00 	222.00 	222.00 	216.60 	527.89K 	-0.72%
Jun 13, 2017 	221.60 	224.80 	224.80 	221.40 	1.14M 	0.00%
Jun 09, 2017 	221.60 	224.80 	225.00 	221.60 	533.63K 	-0.09%
Jun 08, 2017 	221.80 	222.00 	225.00 	221.00 	689.83K 	-0.45%
Jun 07, 2017 	222.80 	224.20 	225.00 	221.00 	276.51K 	-0.62%
Jun 06, 2017 	224.20 	226.00 	228.00 	223.80 	265.51K 	-0.36%
Jun 05, 2017 	225.00 	225.00 	225.60 	223.20 	427.78K 	0.36%
Jun 02, 2017 	224.20 	222.00 	225.00 	221.40 	1.28M 	1.45%
Jun 01, 2017 	221.00 	217.60 	222.00 	215.20 	973.66K 	1.47%
May 31, 2017 	217.80 	216.00 	218.00 	216.00 	2.47M 	1.02%
May 30, 2017 	215.60 	218.80 	218.80 	215.20 	484.36K 	-0.55%
May 29, 2017 	216.80 	216.00 	219.80 	216.00 	489.81K 	-0.37%
May 26, 2017 	217.60 	217.00 	219.00 	215.20 	421.51K 	0.55%
May 25, 2017 	216.40 	215.60 	218.00 	215.20 	448.99K 	0.00%
May 24, 2017 	216.40 	215.40 	217.60 	215.00 	217.37K 	-0.28%
May 23, 2017 	217.00 	216.80 	217.80 	215.60 	635.03K 	0.46%
May 22, 2017 	216.00 	216.00 	218.00 	215.00 	388.87K 	0.19%
May 19, 2017 	215.60 	215.80 	216.00 	215.20 	614.28K 	-0.37%
May 18, 2017 	216.40 	216.00 	216.60 	214.00 	577.30K 	0.09%
May 17, 2017 	216.20 	217.40 	217.40 	214.00 	1.31M 	0.09%
May 16, 2017 	216.00 	217.00 	217.00 	214.40 	287.60K 	0.47%
May 15, 2017 	215.00 	216.80 	217.40 	213.00 	792.71K 	-1.10%
May 12, 2017 	217.40 	217.80 	219.40 	216.00 	272.16K 	-0.18%
May 11, 2017 	217.80 	216.40 	220.00 	216.20 	382.58K 	0.65%
May 10, 2017 	216.40 	220.00 	221.40 	216.40 	543.03K 	-1.19%
May 09, 2017 	219.00 	217.60 	221.60 	216.80 	1.66M 	0.74%
May 08, 2017 	217.40 	216.00 	219.60 	216.00 	1.14M 	1.07%
May 05, 2017 	215.10 	213.70 	217.49 	213.70 	1.17M 	0.28%
May 04, 2017 	214.50 	215.90 	215.90 	213.90 	204.45K 	0.28%
May 03, 2017 	213.90 	214.10 	216.10 	213.50 	376.27K 	-0.19%
May 02, 2017 	214.30 	216.30 	216.30 	212.71 	532.54K 	0.75%
Apr 27, 2017 	212.71 	213.50 	213.70 	211.51 	192.48K 	-0.37%
Apr 26, 2017 	213.50 	214.90 	216.30 	212.51 	712.77K 	-0.56%
Apr 25, 2017 	214.70 	213.50 	216.10 	211.71 	698.71K 	1.27%
Apr 24, 2017 	212.00 	215.40 	215.40 	211.00 	1.21M 	-1.58%
Apr 21, 2017 	215.40 	216.00 	216.80 	215.40 	955.74K 	-0.09%
Apr 20, 2017 	215.60 	215.00 	216.60 	215.00 	1.07M 	-0.19%
Apr 19, 2017 	216.00 	216.20 	216.40 	215.00 	694.45K 	0.00%
Apr 18, 2017 	216.00 	219.00 	219.00 	213.40 	766.17K 	-1.10%
Apr 17, 2017 	218.40 	217.00 	219.00 	214.80 	1.13M 	0.65%
Apr 12, 2017 	217.00 	213.00 	217.00 	213.00 	886.61K 	1.88%
Apr 11, 2017 	213.00 	215.00 	215.00 	213.00 	834.62K 	0.09%
Apr 10, 2017 	212.80 	214.00 	215.00 	212.00 	418.76K 	-0.19%
Apr 07, 2017 	213.20 	210.40 	214.40 	210.00 	955.29K 	1.33%
Apr 06, 2017 	210.40 	211.00 	212.00 	209.00 	425.29K 	-0.28%
Apr 05, 2017 	211.00 	208.00 	211.80 	206.20 	1.79M 	2.63%
Apr 04, 2017 	205.60 	203.00 	207.20 	202.00 	786.19K 	1.38%
Apr 03, 2017 	202.80 	202.20 	203.00 	201.20 	107.29K 	0.40%
Mar 31, 2017 	202.00 	201.80 	202.20 	201.00 	1.08M 	0.10%
Mar 30, 2017 	201.80 	202.00 	202.80 	201.20 	540.48K 	-0.10%
Mar 29, 2017 	202.00 	202.00 	203.00 	201.00 	1.00M 	0.40%
Mar 28, 2017 	201.20 	202.00 	202.00 	200.80 	261.32K 	0.10%
Mar 27, 2017 	201.00 	201.00 	201.20 	199.00 	851.81K 	0.00%
Mar 24, 2017 	201.00 	201.80 	201.80 	199.90 	382.27K 	0.50%
Mar 23, 2017 	200.00 	202.00 	202.00 	199.80 	486.14K 	-1.48%
Mar 22, 2017 	203.00 	201.00 	203.00 	197.00 	646.80K 	1.00%
Mar 21, 2017 	201.00 	202.80 	203.00 	200.80 	631.73K 	0.00%
Mar 20, 2017 	201.00 	201.00 	203.00 	200.80 	614.31K 	0.00%
Mar 17, 2017 	201.00 	204.00 	204.00 	200.60 	1.55M 	0.50%
Mar 16, 2017 	200.00 	200.00 	204.00 	200.00 	683.71K 	0.00%
Mar 15, 2017 	200.00 	200.00 	201.20 	199.70 	773.00K 	0.00%
Mar 14, 2017 	200.00 	201.00 	202.60 	200.00 	885.13K 	-0.50%
Mar 13, 2017 	201.00 	201.00 	201.60 	199.70 	836.79K 	0.50%
Mar 10, 2017 	200.00 	203.00 	203.00 	200.00 	480.44K 	-1.57%
Mar 09, 2017 	203.20 	202.00 	204.00 	201.00 	600.50K 	0.10%
Mar 08, 2017 	203.00 	206.00 	206.00 	202.40 	1.61M 	-1.84%
Mar 07, 2017 	206.80 	202.20 	210.00 	202.20 	2.87M 	2.38%
Mar 06, 2017 	202.00 	198.20 	204.80 	198.00 	469.90K 	2.02%
Mar 03, 2017 	198.00 	200.20 	200.20 	197.00 	438.73K 	-1.10%
Mar 02, 2017 	200.20 	200.00 	201.40 	197.10 	839.26K 	0.00%
Mar 01, 2017 	200.20 	199.90 	202.80 	198.90 	606.79K 	0.15%
Feb 28, 2017 	199.90 	202.80 	202.80 	199.90 	1.05M 	-1.53%
Feb 27, 2017 	203.00 	201.20 	203.20 	201.20 	427.33K 	0.20%
Feb 24, 2017 	202.60 	205.00 	205.00 	200.80 	554.28K 	-1.17%
Feb 23, 2017 	205.00 	209.00 	209.00 	202.00 	1.45M 	-1.16%
Feb 22, 2017 	207.40 	208.60 	211.00 	207.40 	1.28M 	-0.58%
Feb 21, 2017 	208.60 	210.40 	210.40 	208.00 	1.04M 	-0.95%
Feb 20, 2017 	210.60 	211.60 	211.80 	210.40 	256.81K 	-0.28%
Feb 17, 2017 	211.20 	210.40 	213.00 	210.40 	230.46K 	-0.28%
Feb 16, 2017 	211.80 	211.40 	212.60 	211.00 	668.64K 	0.19%
Feb 15, 2017 	211.40 	212.00 	212.40 	211.40 	474.73K 	-0.38%
Feb 14, 2017 	212.20 	212.60 	214.00 	212.20 	591.61K 	-0.19%
Feb 13, 2017 	212.60 	213.00 	215.00 	212.00 	939.29K 	-0.19%
Feb 10, 2017 	213.00 	213.20 	213.80 	212.80 	384.55K 	-0.37%
Feb 09, 2017 	213.80 	213.20 	215.00 	212.80 	512.93K 	0.28%
Feb 08, 2017 	213.20 	213.40 	213.80 	212.60 	986.67K 	-0.09%
Feb 07, 2017 	213.40 	212.80 	216.00 	212.80 	679.40K 	0.28%
Feb 06, 2017 	212.80 	210.40 	214.00 	210.40 	236.23K 	1.04%
Feb 03, 2017 	210.60 	211.00 	212.00 	209.80 	281.61K 	-0.09%
Feb 02, 2017 	210.80 	208.00 	213.00 	208.00 	862.34K 	0.86%
Feb 01, 2017 	209.00 	214.40 	214.40 	208.40 	695.43K 	-1.97%
Jan 31, 2017 	213.20 	213.80 	215.00 	212.80 	445.77K 	-0.28%
Jan 30, 2017 	213.80 	213.80 	215.00 	212.00 	202.32K 	0.09%
Jan 27, 2017 	213.60 	213.20 	214.00 	213.00 	859.50K 	-0.19%
Jan 26, 2017 	214.00 	214.00 	215.80 	213.40 	559.53K 	0.28%
Jan 25, 2017 	213.40 	216.40 	217.40 	213.40 	398.98K 	-0.19%
Jan 24, 2017 	213.80 	214.80 	216.60 	213.20 	773.89K 	0.00%
Jan 23, 2017 	213.80 	213.00 	214.80 	211.80 	845.40K 	0.38%
Jan 20, 2017 	213.00 	213.20 	214.00 	211.60 	456.22K 	0.00%
Jan 19, 2017 	213.00 	215.00 	215.00 	212.60 	486.90K 	-0.47%
Jan 18, 2017 	214.00 	211.00 	214.00 	210.00 	246.15K 	1.61%
Jan 17, 2017 	210.60 	211.00 	211.40 	210.40 	475.85K 	-0.19%
Jan 16, 2017 	211.00 	214.60 	214.60 	211.00 	914.02K 	-1.49%
Jan 13, 2017 	214.20 	217.00 	217.40 	213.40 	843.36K 	-1.29%
Jan 12, 2017 	217.00 	218.00 	219.60 	216.00 	855.07K 	0.00%
Jan 11, 2017 	217.00 	218.00 	219.40 	213.60 	742.18K 	0.93%
Jan 10, 2017 	215.00 	215.20 	218.40 	213.60 	784.36K 	-0.56%
Jan 09, 2017 	216.20 	218.40 	218.40 	214.40 	1.36M 	-1.01%
Jan 06, 2017 	218.40 	220.00 	220.40 	215.40 	1.95M 	-0.73%
Jan 05, 2017 	220.00 	200.60 	220.20 	200.60 	2.99M 	8.91%
Jan 04, 2017 	202.00 	192.00 	202.00 	191.90 	1.13M 	5.93%
Jan 03, 2017 	190.70 	193.00 	193.00 	188.80 	226.26K 	0.37%
Dec 29, 2016 	190.00 	193.00 	196.00 	190.00 	737.57K 	-3.06%
Dec 28, 2016 	196.00 	196.00 	198.80 	195.30 	355.91K 	0.77%
Dec 27, 2016 	194.50 	193.00 	196.20 	193.00 	586.64K 	-2.75%
Dec 23, 2016 	200.00 	195.00 	200.00 	192.00 	667.79K 	2.56%
Dec 22, 2016 	195.00 	196.00 	196.00 	192.00 	873.71K 	-0.51%
Dec 21, 2016 	196.00 	200.00 	200.00 	194.60 	469.47K 	-0.36%
Dec 20, 2016 	196.70 	195.00 	197.40 	191.00 	571.87K 	1.13%
Dec 19, 2016 	194.50 	199.00 	199.50 	193.10 	308.09K 	-2.26%
Dec 16, 2016 	199.00 	201.00 	201.00 	198.00 	539.20K 	-1.49%
Dec 15, 2016 	202.00 	200.80 	202.00 	199.20 	331.65K 	0.60%
Dec 14, 2016 	200.80 	202.40 	202.40 	199.80 	507.97K 	-1.57%
Dec 13, 2016 	204.00 	199.90 	204.00 	197.50 	297.35K 	2.26%
Dec 12, 2016 	199.50 	202.00 	202.00 	198.50 	1.01M 	-0.75%
Dec 09, 2016 	201.00 	192.80 	201.00 	191.10 	735.93K 	3.82%
Dec 08, 2016 	193.60 	188.60 	193.70 	187.00 	444.81K 	2.60%
Dec 07, 2016 	188.70 	185.20 	188.70 	184.00 	661.32K 	2.06%
Dec 06, 2016 	184.90 	184.10 	186.00 	183.20 	1.05M 	0.65%
Dec 05, 2016 	183.70 	184.10 	184.10 	183.50 	494.53K 	-0.22%
Dec 02, 2016 	184.10 	185.20 	185.30 	183.00 	996.77K 	-0.59%
Dec 01, 2016 	185.20 	181.50 	186.30 	181.50 	1.67M 	2.04%
Nov 29, 2016 	181.50 	185.00 	185.00 	180.40 	2.67M 	0.55%
Nov 28, 2016 	180.50 	189.60 	190.20 	180.50 	1.59M 	-4.04%
Nov 25, 2016 	188.10 	189.70 	192.40 	188.10 	870.64K 	-0.53%
Nov 24, 2016 	189.10 	190.00 	196.00 	189.10 	1.24M 	-0.21%
Nov 23, 2016 	189.50 	198.50 	198.50 	188.10 	1.09M 	-4.49%
Nov 22, 2016 	198.40 	203.20 	203.20 	198.00 	687.90K 	-2.75%
Nov 21, 2016 	204.00 	207.00 	207.00 	203.80 	337.16K 	-1.45%
Nov 18, 2016 	207.00 	206.40 	207.20 	205.40 	331.73K 	0.00%
Nov 17, 2016 	207.00 	209.00 	214.00 	205.60 	1.92M 	-0.19%
Nov 16, 2016 	207.40 	207.20 	209.00 	205.20 	694.18K 	0.19%
Nov 15, 2016 	207.00 	203.20 	207.20 	203.20 	490.11K 	1.67%
Nov 14, 2016 	203.60 	207.00 	207.20 	203.00 	1.12M 	-1.83%
Nov 11, 2016 	207.40 	210.20 	210.20 	207.00 	1.23M 	-2.17%
Nov 10, 2016 	212.00 	215.00 	215.00 	210.80 	981.69K 	0.09%
Nov 09, 2016 	211.80 	211.00 	214.60 	206.80 	1.29M 	0.86%
Nov 08, 2016 	210.00 	208.20 	212.40 	204.20 	609.82K 	1.25%
Nov 07, 2016 	207.40 	208.80 	210.00 	205.00 	1.06M 	-0.43%
Nov 04, 2016 	208.30 	203.91 	209.50 	203.91 	671.15K 	2.15%
Nov 03, 2016 	203.91 	204.71 	206.50 	201.52 	1.77M 	-0.39%
Nov 02, 2016 	204.71 	215.48 	216.68 	204.11 	1.49M 	-6.89%
Oct 28, 2016 	219.87 	221.47 	221.47 	215.48 	860.84K 	-0.72%
Oct 27, 2016 	221.47 	218.47 	221.47 	213.49 	656.58K 	3.74%
Oct 26, 2016 	213.49 	219.47 	220.87 	213.49 	1.43M 	-3.69%
Oct 25, 2016 	221.67 	226.26 	226.26 	221.67 	445.15K 	-0.77%
Oct 24, 2016 	223.40 	226.00 	227.00 	220.00 	463.73K 	-1.15%
Oct 21, 2016 	226.00 	230.00 	236.00 	226.00 	1.51M 	-2.25%
Oct 20, 2016 	231.20 	230.20 	235.60 	227.00 	1.51M 	-0.52%
Oct 19, 2016 	232.40 	223.60 	233.00 	223.60 	1.19M 	3.94%
Oct 18, 2016 	223.60 	218.80 	224.20 	218.80 	1.31M 	2.19%
Oct 17, 2016 	218.80 	216.00 	220.00 	216.00 	906.95K 	1.39%
Oct 14, 2016 	215.80 	207.00 	218.00 	207.00 	1.53M 	4.25%
Oct 13, 2016 	207.00 	205.20 	208.20 	205.20 	2.18M 	2.07%
Oct 12, 2016 	202.80 	218.60 	218.60 	202.80 	1.94M 	-7.31%
Oct 11, 2016 	218.80 	219.80 	224.80 	218.80 	2.08M 	-0.36%
Oct 10, 2016 	219.60 	223.00 	223.00 	219.60 	535.68K 	-1.52%
Oct 07, 2016 	223.00 	221.40 	223.20 	220.20 	544.48K 	0.00%
Oct 06, 2016 	223.00 	226.00 	226.00 	219.20 	1.54M 	-1.33%
Oct 05, 2016 	226.00 	232.00 	232.20 	225.00 	1.59M 	-2.67%
Oct 04, 2016 	232.20 	237.00 	237.00 	230.80 	2.19M 	-2.35%
Oct 03, 2016 	237.80 	241.00 	242.20 	237.00 	744.15K 	-1.57%
Sep 30, 2016 	241.60 	244.00 	244.00 	240.60 	829.61K 	-0.98%
Sep 29, 2016 	244.00 	245.00 	247.00 	243.20 	1.15M 	-0.41%
Sep 28, 2016 	245.00 	247.00 	247.00 	243.00 	1.48M 	-0.16%
Sep 27, 2016 	245.40 	247.00 	253.00 	242.00 	1.06M 	-0.65%
Sep 26, 2016 	247.00 	245.20 	250.00 	245.20 	1.20M 	-2.37%
Sep 23, 2016 	253.00 	255.00 	255.00 	250.20 	1.02M 	-0.78%
Sep 22, 2016 	255.00 	250.00 	257.00 	247.00 	1.14M 	1.59%
Sep 21, 2016 	251.00 	249.80 	251.60 	244.60 	467.52K 	0.40%
Sep 20, 2016 	250.00 	249.60 	251.00 	244.20 	1.17M 	0.16%
Sep 19, 2016 	249.60 	245.00 	249.60 	240.20 	895.31K 	0.40%
Sep 16, 2016 	248.60 	248.80 	248.80 	244.00 	1.86M 	0.08%
Sep 15, 2016 	248.40 	244.00 	248.40 	240.00 	2.26M 	0.98%
Sep 14, 2016 	246.00 	236.00 	246.00 	236.00 	2.22M 	-0.32%
Sep 13, 2016 	246.80 	239.00 	247.00 	235.00 	3.41M 	-0.48%
Sep 09, 2016 	248.00 	230.40 	248.00 	225.20 	8.85M 	7.64%
Sep 08, 2016 	230.40 	222.20 	231.00 	222.20 	2.61M 	2.31%
Sep 07, 2016 	225.20 	225.80 	226.00 	222.00 	1.47M 	-0.35%
Sep 06, 2016 	226.00 	218.00 	227.00 	218.00 	1.96M 	3.01%
Sep 05, 2016 	219.40 	215.00 	222.20 	214.00 	1.43M 	0.83%
Sep 02, 2016 	217.60 	218.20 	220.00 	217.60 	1.76M 	-0.18%
Sep 01, 2016 	218.00 	214.00 	219.60 	212.40 	2.48M 	2.16%
Aug 31, 2016 	213.40 	215.60 	217.00 	210.20 	12.73M 	-0.56%
Aug 30, 2016 	214.60 	218.40 	219.80 	212.20 	1.68M 	-1.74%
Aug 26, 2016 	218.40 	219.60 	220.80 	218.40 	812.38K 	-0.55%
Aug 25, 2016 	219.60 	219.00 	220.20 	214.60 	2.30M 	0.55%
Aug 24, 2016 	218.40 	213.00 	222.40 	213.00 	2.81M 	2.44%
Aug 23, 2016 	213.20 	213.60 	215.80 	212.00 	853.46K 	-0.19%
Aug 22, 2016 	213.60 	215.60 	215.80 	213.60 	681.62K 	-0.93%
Aug 19, 2016 	215.60 	211.20 	215.80 	211.00 	1.12M 	-0.09%
Aug 18, 2016 	215.80 	217.00 	217.20 	210.80 	1.08M 	-0.55%
Aug 17, 2016 	217.00 	219.00 	222.60 	217.00 	913.41K 	-2.69%
Aug 16, 2016 	223.00 	211.00 	223.00 	211.00 	1.10M 	4.01%
Aug 15, 2016 	214.40 	208.80 	215.00 	202.00 	1.74M 	3.08%
Aug 12, 2016 	208.00 	215.20 	215.20 	205.00 	1.89M 	-5.45%
Aug 11, 2016 	220.00 	220.00 	220.00 	218.40 	480.17K 	-0.90%
Aug 10, 2016 	222.00 	222.00 	224.60 	221.40 	1.24M 	-0.36%
Aug 09, 2016 	222.80 	220.00 	224.60 	218.80 	731.22K 	1.27%
Aug 08, 2016 	220.00 	224.00 	224.80 	215.80 	1.08M 	-1.79%
Aug 05, 2016 	224.00 	225.60 	227.00 	220.40 	663.77K 	-0.71%
Aug 04, 2016 	225.60 	224.40 	226.20 	224.40 	659.41K 	0.53%
Aug 03, 2016 	224.40 	225.00 	225.00 	222.40 	932.68K 	0.18%
Aug 02, 2016 	224.00 	222.00 	224.40 	222.00 	710.65K 	0.90%
Aug 01, 2016 	222.00 	219.20 	223.00 	219.20 	1.90M 	1.37%
Jul 29, 2016 	219.00 	214.80 	219.40 	213.40 	1.58M 	2.05%
Jul 28, 2016 	214.60 	214.00 	215.00 	212.80 	858.91K 	0.37%
Jul 27, 2016 	213.80 	210.60 	213.80 	210.00 	853.43K 	1.71%
Jul 26, 2016 	210.20 	211.40 	211.40 	207.40 	686.29K 	-0.57%
Jul 25, 2016 	211.40 	211.20 	213.40 	210.80 	4.30M 	0.19%
Jul 22, 2016 	211.00 	210.20 	211.80 	210.20 	737.74K 	0.38%
Jul 21, 2016 	210.20 	208.60 	212.00 	207.60 	628.61K 	0.86%
Jul 20, 2016 	208.40 	202.40 	212.00 	202.40 	850.21K 	3.07%
Jul 19, 2016 	202.20 	199.00 	204.20 	199.00 	1.38M 	1.76%
Jul 18, 2016 	198.70 	199.00 	199.20 	198.00 	624.30K 	-0.40%
Jul 15, 2016 	199.50 	199.60 	200.00 	199.00 	466.51K 	0.20%
Jul 14, 2016 	199.10 	197.40 	201.00 	195.10 	752.33K 	0.86%
Jul 13, 2016 	197.40 	195.40 	199.70 	194.40 	645.89K 	0.05%
Jul 12, 2016 	197.30 	196.50 	197.70 	196.40 	671.74K 	0.46%
Jul 11, 2016 	196.40 	191.50 	196.60 	191.40 	649.41K 	2.83%
Jul 08, 2016 	191.00 	190.00 	191.20 	190.00 	1.29M 	0.53%
Jul 07, 2016 	190.00 	190.80 	191.00 	188.10 	1.65M 	-0.94%
Jul 05, 2016 	191.80 	192.00 	192.50 	191.50 	1.29M 	0.00%
Jul 04, 2016 	191.80 	191.50 	192.50 	191.00 	1.97M 	0.42%
Jul 01, 2016 	191.00 	192.20 	195.80 	190.00 	691.92K 	-0.47%
Jun 30, 2016 	191.90 	190.50 	191.90 	187.10 	13.49M 	1.00%
Jun 29, 2016 	190.00 	198.00 	198.00 	182.90 	4.86M 	-4.47%
Jun 28, 2016 	198.90 	200.20 	200.20 	198.90 	294.24K 	0.00%
Jun 27, 2016 	198.90 	198.00 	200.40 	196.50 	581.44K 	0.05%
Jun 24, 2016 	198.80 	202.00 	203.20 	198.00 	477.42K 	-1.09%
Jun 23, 2016 	201.00 	202.80 	202.80 	200.20 	549.78K 	-0.89%
Jun 22, 2016 	202.80 	203.20 	204.00 	201.80 	406.09K 	-0.10%
Jun 21, 2016 	203.00 	202.00 	203.00 	201.60 	469.73K 	1.60%
Jun 20, 2016 	199.80 	201.00 	201.00 	198.00 	228.68K 	-0.60%
Jun 17, 2016 	201.00 	203.00 	203.00 	199.90 	749.76K 	-0.50%
Jun 16, 2016 	202.00 	199.90 	203.00 	196.00 	647.07K 	1.51%
Jun 15, 2016 	199.00 	198.00 	199.00 	197.60 	243.48K 	0.51%
Jun 14, 2016 	198.00 	196.40 	198.00 	196.00 	616.60K 	0.81%
Jun 13, 2016 	196.40 	198.50 	200.00 	196.10 	489.47K 	-1.06%
Jun 10, 2016 	198.50 	198.40 	200.20 	198.40 	614.69K 	0.05%
Jun 09, 2016 	198.40 	202.00 	202.00 	197.00 	269.71K 	-2.27%
Jun 08, 2016 	203.00 	198.20 	203.00 	198.20 	1.12M 	2.42%
Jun 07, 2016 	198.20 	198.80 	200.40 	197.70 	828.84K 	-0.40%
Jun 06, 2016 	199.00 	200.00 	201.80 	196.80 	762.28K 	-1.78%
Jun 03, 2016 	202.60 	203.00 	203.00 	201.80 	350.21K 	0.10%
Jun 02, 2016 	202.40 	200.20 	202.40 	199.00 	1.53M 	1.10%
Jun 01, 2016 	200.20 	200.00 	202.80 	198.50 	2.81M 	-1.38%
May 31, 2016 	203.00 	196.00 	203.00 	193.50 	37.36M 	3.57%
May 30, 2016 	196.00 	198.90 	200.00 	194.70 	3.60M 	-0.31%
May 27, 2016 	196.60 	198.00 	198.40 	195.20 	3.70M 	0.92%
May 26, 2016 	194.80 	197.00 	197.30 	194.80 	1.50M 	-0.76%
May 25, 2016 	196.30 	198.00 	199.40 	192.00 	1.58M 	-0.36%
May 24, 2016 	197.00 	198.90 	199.90 	197.00 	2.22M 	-0.51%
May 23, 2016 	198.00 	194.00 	200.00 	194.00 	2.52M 	2.80%
May 20, 2016 	192.60 	190.00 	193.20 	189.30 	1.85M 	0.52%
May 19, 2016 	191.60 	193.00 	193.50 	190.40 	1.89M 	-0.73%
May 18, 2016 	193.00 	190.80 	195.00 	186.00 	3.19M 	1.10%
May 17, 2016 	190.90 	194.00 	194.00 	190.40 	1.78M 	-1.60%
May 16, 2016 	194.00 	190.00 	195.00 	189.90 	2.36M 	1.84%
May 13, 2016 	190.50 	190.00 	195.00 	189.90 	4.34M 	5.83%
May 12, 2016 	180.00 	186.90 	186.90 	179.40 	1.21M 	-3.74%
May 11, 2016 	187.00 	179.30 	187.00 	179.00 	2.35M 	5.00%
May 10, 2016 	178.10 	171.00 	178.10 	170.60 	1.70M 	3.85%
May 06, 2016 	171.50 	167.00 	171.60 	167.00 	996.12K 	2.08%
May 05, 2016 	168.00 	172.49 	172.69 	168.00 	1.42M 	-2.60%
May 04, 2016 	172.49 	175.38 	175.98 	171.09 	1.33M 	-1.70%
May 03, 2016 	175.48 	167.90 	178.47 	167.90 	760.09K 	4.83%
May 02, 2016 	167.40 	167.50 	172.49 	166.40 	385.88K 	-1.24%
Apr 29, 2016 	169.50 	167.80 	169.79 	167.50 	969.28K 	1.01%
Apr 28, 2016 	167.80 	166.01 	169.50 	166.01 	1.39M 	1.08%
Apr 27, 2016 	166.01 	168.10 	169.10 	165.51 	528.49K 	-1.30%
Apr 26, 2016 	168.20 	169.69 	170.49 	167.50 	650.14K 	-0.77%
Apr 25, 2016 	169.50 	168.50 	173.48 	167.50 	1.13M 	0.30%
Apr 22, 2016 	169.00 	171.00 	172.40 	169.00 	1.33M 	-1.46%
Apr 21, 2016 	171.50 	174.00 	177.00 	171.40 	1.20M 	-1.44%
Apr 20, 2016 	174.00 	174.00 	180.00 	173.00 	1.62M 	0.58%
Apr 19, 2016 	173.00 	174.00 	176.60 	171.80 	1.87M 	-0.57%
Apr 18, 2016 	174.00 	183.50 	183.50 	172.00 	2.28M 	-5.18%
Apr 15, 2016 	183.50 	188.90 	188.90 	183.10 	2.34M 	-3.06%
Apr 14, 2016 	189.30 	191.40 	192.00 	189.20 	2.98M 	-1.10%
Apr 13, 2016 	191.40 	193.10 	201.00 	188.00 	1.14M 	-0.83%
Apr 12, 2016 	193.00 	187.00 	193.00 	187.00 	3.59M 	3.54%
Apr 11, 2016 	186.40 	179.30 	186.50 	178.90 	1.36M 	3.96%
Apr 08, 2016 	179.30 	175.80 	179.40 	175.80 	1.70M 	1.99%
Apr 07, 2016 	175.80 	177.00 	177.00 	175.80 	960.86K 	0.11%
Apr 06, 2016 	175.60 	176.90 	177.10 	174.80 	1.00M 	-0.73%
Apr 05, 2016 	176.90 	177.00 	178.00 	175.00 	1.13M 	-0.23%
Apr 04, 2016 	177.30 	172.20 	178.60 	172.00 	1.69M 	3.08%
Apr 01, 2016 	172.00 	175.20 	178.00 	171.00 	1.36M 	-1.71%
Mar 31, 2016 	175.00 	169.70 	177.70 	169.70 	3.09M 	3.18%
Mar 30, 2016 	169.60 	162.30 	169.60 	162.30 	1.60M 	5.08%
Mar 29, 2016 	161.40 	160.50 	162.30 	160.10 	1.04M 	0.56%
Mar 28, 2016 	160.50 	163.60 	163.60 	159.50 	490.38K 	-1.89%
Mar 23, 2016 	163.60 	162.10 	163.60 	160.00 	735.21K 	0.99%
Mar 22, 2016 	162.00 	163.00 	163.40 	157.00 	976.45K 	-0.18%
Mar 21, 2016 	162.30 	161.00 	163.40 	160.80 	975.06K 	0.81%
Mar 18, 2016 	161.00 	159.90 	161.30 	159.90 	663.88K 	0.69%
Mar 17, 2016 	159.90 	157.00 	160.70 	157.00 	1.65M 	2.63%
Mar 16, 2016 	155.80 	155.00 	158.00 	153.50 	1.65M 	0.58%
Mar 15, 2016 	154.90 	155.10 	155.50 	154.70 	1.02M 	-0.06%
Mar 14, 2016 	155.00 	155.40 	155.70 	154.90 	1.36M 	0.32%
Mar 11, 2016 	154.50 	151.00 	155.00 	150.90 	1.67M 	2.93%
Mar 10, 2016 	150.10 	146.80 	151.00 	146.80 	1.44M 	2.25%
Mar 09, 2016 	146.80 	143.30 	147.60 	143.20 	1.15M 	2.80%
Mar 08, 2016 	142.80 	143.40 	143.40 	142.30 	191.23K 	-0.35%
Mar 07, 2016 	143.30 	143.50 	144.00 	143.10 	685.69K 	0.07%
Mar 04, 2016 	143.20 	142.80 	143.80 	142.20 	458.94K 	0.63%
Mar 03, 2016 	142.30 	142.90 	142.90 	141.70 	1.06M 	0.57%
Mar 02, 2016 	141.50 	143.80 	143.80 	141.00 	876.51K 	-0.21%
Mar 01, 2016 	141.80 	142.40 	143.10 	141.00 	632.90K 	-0.42%
Feb 29, 2016 	142.40 	144.90 	144.90 	142.00 	276.36K 	1.21%
Feb 26, 2016 	140.70 	140.90 	141.10 	140.40 	580.32K 	-0.42%
Feb 24, 2016 	141.30 	142.40 	144.00 	140.70 	259.62K 	-0.84%
Feb 23, 2016 	142.50 	141.80 	144.00 	141.20 	387.18K 	0.71%
Feb 22, 2016 	141.50 	143.00 	143.00 	141.10 	289.28K 	-0.14%
Feb 19, 2016 	141.70 	144.00 	144.00 	141.00 	128.75K 	-0.77%
Feb 18, 2016 	142.80 	143.50 	143.50 	142.00 	317.18K 	1.28%
Feb 17, 2016 	141.00 	142.10 	142.20 	141.00 	1.45M 	-0.63%
Feb 16, 2016 	141.90 	143.20 	143.20 	141.80 	286.51K 	0.78%
Feb 15, 2016 	140.80 	143.50 	143.60 	140.80 	830.15K 	-2.09%
Feb 12, 2016 	143.80 	145.00 	145.00 	142.70 	544.24K 	-1.03%
Feb 11, 2016 	145.30 	144.20 	145.50 	144.20 	604.47K 	1.04%
Feb 10, 2016 	143.80 	142.00 	144.00 	140.00 	789.41K 	0.14%
Feb 09, 2016 	143.60 	144.50 	144.50 	142.70 	157.15K 	-0.35%
Feb 05, 2016 	144.10 	143.40 	145.30 	142.50 	1.01M 	1.19%
Feb 04, 2016 	142.40 	144.00 	144.00 	141.50 	1.09M 	-1.11%
Feb 03, 2016 	144.00 	144.00 	144.10 	140.50 	225.69K 	-0.62%
Feb 02, 2016 	144.90 	145.00 	145.50 	144.80 	186.10K 	0.07%
Feb 01, 2016 	144.80 	141.90 	145.20 	141.90 	1.59M 	2.12%
Jan 29, 2016 	141.80 	142.00 	142.80 	141.70 	779.72K 	0.14%
Jan 28, 2016 	141.60 	139.10 	143.00 	139.00 	815.14K 	1.80%
Jan 27, 2016 	139.10 	138.90 	140.10 	138.80 	1.63M 	0.36%
Jan 26, 2016 	138.60 	139.20 	141.00 	138.00 	762.87K 	-1.35%
Jan 25, 2016 	140.50 	140.00 	143.00 	139.70 	655.14K 	0.36%
Jan 22, 2016 	140.00 	143.50 	145.00 	140.00 	1.34M 	-1.34%
Jan 21, 2016 	141.90 	146.20 	146.20 	141.90 	781.73K 	-3.01%
Jan 20, 2016 	146.30 	147.40 	149.80 	145.70 	666.24K 	-0.48%
Jan 19, 2016 	147.00 	146.60 	147.40 	145.20 	1.47M 	2.44%
Jan 18, 2016 	143.50 	138.00 	147.20 	136.80 	3.05M 	2.87%
Jan 15, 2016 	139.50 	145.00 	147.60 	139.50 	2.66M 	-3.12%
Jan 14, 2016 	144.00 	150.00 	156.00 	143.00 	1.45M 	6.67%
Jan 13, 2016 	135.00 	134.10 	135.40 	134.10 	1.67M 	0.75%
Jan 12, 2016 	134.00 	138.00 	138.00 	133.80 	690.44K 	0.75%
Jan 11, 2016 	133.00 	136.00 	136.10 	133.00 	631.63K 	-2.21%
Jan 08, 2016 	136.00 	137.10 	137.20 	136.00 	335.56K 	-0.80%
Jan 07, 2016 	137.10 	142.10 	142.10 	137.10 	540.09K 	-3.45%
Jan 06, 2016 	142.00 	143.30 	143.40 	142.00 	532.63K 	-0.84%
Jan 05, 2016 	143.20 	142.00 	143.20 	138.00 	352.49K 	0.14%
Jan 04, 2016 	143.00 	142.00 	143.70 	142.00 	573.64K 	0.70%
Dec 29, 2015 	142.00 	140.00 	142.00 	140.00 	821.33K 	2.16%
Dec 28, 2015 	139.00 	138.10 	139.00 	137.80 	296.77K 	0.72%
Dec 23, 2015 	138.00 	140.00 	140.00 	138.00 	60.44K 	0.00%
Dec 22, 2015 	138.00 	137.50 	138.50 	137.50 	294.87K 	0.36%
Dec 21, 2015 	137.50 	137.00 	138.60 	137.00 	443.63K 	0.36%
Dec 18, 2015 	137.00 	137.50 	140.90 	136.00 	204.01K 	-0.94%
Dec 17, 2015 	138.30 	136.40 	139.60 	136.40 	308.19K 	1.69%
Dec 16, 2015 	136.00 	136.00 	137.00 	135.60 	597.79K 	-0.73%
Dec 15, 2015 	137.00 	137.10 	137.20 	136.90 	370.72K 	-0.72%
Dec 14, 2015 	138.00 	135.00 	138.00 	134.80 	71.55K 	1.32%
Dec 11, 2015 	136.20 	138.50 	140.00 	136.00 	390.63K 	-0.73%
Dec 10, 2015 	137.20 	137.00 	137.80 	135.00 	117.56K 	-0.58%
Dec 09, 2015 	138.00 	138.50 	138.50 	136.80 	410.54K 	-0.36%
Dec 08, 2015 	138.50 	137.70 	140.00 	137.70 	100.56K 	0.29%
Dec 07, 2015 	138.10 	138.70 	139.10 	138.00 	447.18K 	-0.43%
Dec 04, 2015 	138.70 	136.00 	138.70 	135.50 	504.99K 	1.24%
Dec 03, 2015 	137.00 	139.80 	139.80 	136.00 	601.11K 	-2.14%
Dec 02, 2015 	140.00 	139.40 	141.00 	138.80 	666.82K 	0.72%
Dec 01, 2015 	139.00 	138.00 	139.00 	138.00 	643.18K 	1.02%
Nov 27, 2015 	137.60 	138.20 	139.50 	136.20 	442.20K 	1.93%
Nov 26, 2015 	135.00 	132.80 	137.00 	132.80 	662.64K 	1.81%
Nov 25, 2015 	132.60 	132.00 	134.90 	131.90 	951.39K 	0.91%
Nov 24, 2015 	131.40 	135.50 	135.50 	131.40 	700.76K 	-3.10%
Nov 23, 2015 	135.60 	136.00 	137.00 	135.60 	535.61K 	-0.29%
Nov 20, 2015 	136.00 	133.70 	136.50 	133.00 	310.58K 	2.26%
Nov 17, 2015 	133.00 	132.90 	134.70 	132.60 	240.17K 	0.30%
Nov 16, 2015 	132.60 	134.10 	135.00 	130.40 	285.66K 	-3.21%
Nov 13, 2015 	137.00 	137.00 	137.10 	136.00 	123.35K 	-0.72%
Nov 12, 2015 	138.00 	137.00 	138.90 	137.00 	167.48K 	1.40%
Nov 11, 2015 	136.10 	136.00 	139.00 	135.00 	241.72K 	0.52%
Nov 10, 2015 	135.40 	141.00 	141.00 	135.00 	231.38K 	-4.71%
Nov 09, 2015 	142.10 	141.90 	142.30 	141.60 	256.47K 	0.14%
Nov 06, 2015 	141.90 	142.90 	142.90 	141.90 	377.79K 	0.00%
Nov 05, 2015 	141.90 	143.00 	143.00 	141.80 	69.83K 	0.00%
Nov 04, 2015 	141.90 	142.50 	143.00 	141.80 	22.03K 	-0.07%
Nov 03, 2015 	142.00 	143.80 	143.80 	141.70 	340.67K 	0.00%
Nov 02, 2015 	142.00 	144.00 	144.00 	142.00 	336.51K 	-0.07%
Oct 30, 2015 	142.10 	142.70 	142.70 	141.90 	581.70K 	-0.42%
Oct 29, 2015 	142.70 	144.00 	144.00 	142.00 	229.10K 	0.35%
Oct 28, 2015 	142.20 	142.00 	143.20 	142.00 	278.72K 	0.42%
Oct 27, 2015 	141.60 	143.00 	143.00 	141.60 	600.62K 	-0.98%
Oct 26, 2015 	143.00 	145.70 	146.20 	142.40 	526.84K 	0.07%
Oct 23, 2015 	142.90 	142.40 	146.00 	142.00 	491.67K 	0.07%
Oct 22, 2015 	142.80 	143.50 	143.50 	142.30 	853.94K 	-0.76%
Oct 21, 2015 	143.90 	143.50 	145.70 	143.40 	231.38K 	0.35%
Oct 20, 2015 	143.40 	145.00 	145.00 	143.20 	135.64K 	0.28%
Oct 19, 2015 	143.00 	147.00 	147.00 	142.90 	354.42K 	-1.79%
Oct 16, 2015 	145.60 	148.00 	148.00 	140.20 	779.84K 	-0.27%
Oct 15, 2015 	146.00 	143.90 	146.00 	143.90 	245.99K 	2.82%
Oct 14, 2015 	142.00 	143.30 	144.80 	142.00 	341.64K 	-0.91%
Oct 13, 2015 	143.30 	146.80 	146.80 	143.10 	508.76K 	-2.38%
Oct 12, 2015 	146.80 	144.50 	148.00 	144.50 	483.34K 	1.80%
Oct 09, 2015 	144.20 	143.50 	145.00 	143.00 	510.55K 	1.41%
Oct 08, 2015 	142.20 	142.00 	143.00 	141.10 	941.98K 	0.85%
Oct 07, 2015 	141.00 	143.10 	143.10 	140.20 	590.22K 	0.50%
Oct 06, 2015 	140.30 	140.00 	143.00 	140.00 	982.45K 	0.94%
Oct 05, 2015 	139.00 	140.30 	140.40 	138.80 	342.70K 	-0.93%
Oct 02, 2015 	140.30 	140.20 	141.30 	137.40 	571.25K 	1.67%
Oct 01, 2015 	138.00 	138.00 	138.50 	135.20 	592.18K 	0.58%
Sep 30, 2015 	137.20 	139.90 	140.00 	135.20 	605.78K 	0.07%
Sep 29, 2015 	137.10 	140.90 	140.90 	136.00 	286.12K 	-1.37%
Sep 28, 2015 	139.00 	139.00 	140.20 	138.00 	183.80K 	1.02%
Sep 24, 2015 	137.60 	139.00 	139.00 	135.00 	157.91K 	-1.01%
Sep 23, 2015 	139.00 	138.00 	143.00 	138.00 	60.32K 	-1.42%
Sep 22, 2015 	141.00 	139.00 	141.40 	138.00 	451.05K 	0.00%
Sep 21, 2015 	141.00 	141.00 	141.40 	139.50 	349.64K 	0.00%
Sep 18, 2015 	141.00 	144.50 	146.00 	141.00 	796.98K 	-2.56%
Sep 17, 2015 	144.70 	142.00 	145.00 	142.00 	48.29K 	1.47%
Sep 16, 2015 	142.60 	142.60 	144.50 	142.20 	652.33K 	0.21%
Sep 15, 2015 	142.30 	138.00 	145.00 	137.90 	992.54K 	3.12%
Sep 14, 2015 	138.00 	136.00 	139.00 	136.00 	228.50K 	1.32%
Sep 11, 2015 	136.20 	134.00 	138.00 	134.00 	268.59K 	0.89%
Sep 10, 2015 	135.00 	135.00 	135.10 	134.50 	901.55K 	0.00%
Sep 09, 2015 	135.00 	134.00 	136.00 	134.00 	1.52M 	1.50%
Sep 08, 2015 	133.00 	134.50 	134.50 	133.00 	1.14M 	-1.26%
Sep 07, 2015 	134.70 	132.00 	136.00 	132.00 	403.70K 	-2.04%
Sep 04, 2015 	137.50 	138.40 	138.80 	137.50 	825.83K 	-1.08%
Sep 03, 2015 	139.00 	138.30 	140.50 	136.00 	757.52K 	0.72%
Sep 02, 2015 	138.00 	132.00 	139.80 	130.10 	1.07M 	1.32%
Sep 01, 2015 	136.20 	132.00 	138.80 	129.50 	1.00M 	3.26%
Aug 28, 2015 	131.90 	128.00 	134.00 	128.00 	943.52K 	3.78%
Aug 27, 2015 	127.10 	128.00 	130.80 	125.80 	564.74K 	0.08%
Aug 26, 2015 	127.00 	124.00 	134.80 	124.00 	1.63M 	1.76%
Aug 25, 2015 	124.80 	120.00 	126.00 	119.50 	660.44K 	4.00%
Aug 24, 2015 	120.00 	130.00 	132.00 	120.00 	1.70M 	-12.41%
Aug 20, 2015 	137.00 	135.00 	137.00 	132.70 	592.43K 	2.93%
Aug 19, 2015 	133.10 	132.00 	133.60 	130.50 	695.50K 	0.83%
Aug 18, 2015 	132.00 	133.00 	133.00 	130.00 	553.96K 	-0.75%
Aug 17, 2015 	133.00 	137.70 	137.70 	133.00 	856.64K 	-3.41%
Aug 14, 2015 	137.70 	138.40 	139.00 	137.10 	157.46K 	-0.51%
Aug 13, 2015 	138.40 	140.50 	140.50 	138.00 	390.08K 	-1.21%
Aug 12, 2015 	140.10 	141.20 	143.00 	138.20 	418.29K 	-1.06%
Aug 11, 2015 	141.60 	142.50 	142.60 	141.20 	88.34K 	-0.84%
Aug 10, 2015 	142.80 	142.60 	143.10 	142.50 	640.09K 	0.14%
Aug 07, 2015 	142.60 	147.10 	147.10 	141.40 	791.84K 	-3.19%
Aug 06, 2015 	147.30 	148.10 	148.10 	147.00 	496.31K 	-0.67%
Aug 05, 2015 	148.30 	148.10 	148.80 	148.00 	536.77K 	0.00%
Aug 04, 2015 	148.30 	148.50 	148.50 	148.00 	1.23M 	-0.13%
Aug 03, 2015 	148.50 	150.00 	150.00 	147.60 	140.52K 	-0.27%
Jul 31, 2015 	148.90 	147.20 	149.60 	147.10 	85.91K 	1.22%
Jul 30, 2015 	147.10 	147.70 	150.00 	147.00 	462.82K 	-0.20%
Jul 29, 2015 	147.40 	147.50 	150.60 	146.70 	2.48M 	-0.07%
Jul 28, 2015 	147.50 	147.50 	148.50 	146.00 	543.14K 	0.00%
Jul 27, 2015 	147.50 	149.90 	150.40 	147.30 	1.07M 	-1.47%
Jul 24, 2015 	149.70 	148.60 	151.40 	148.50 	892.75K 	0.74%
Jul 23, 2015 	148.60 	151.00 	151.20 	148.50 	1.42M 	-1.65%
Jul 22, 2015 	151.10 	152.70 	152.70 	151.00 	179.90K 	-0.85%
Jul 21, 2015 	152.40 	153.60 	153.60 	152.00 	320.24K 	-0.20%
Jul 20, 2015 	152.70 	152.50 	153.00 	151.20 	455.57K 	0.00%
Jul 16, 2015 	152.70 	152.70 	154.40 	152.70 	1.94M 	0.20%
Jul 15, 2015 	152.40 	152.20 	153.70 	152.20 	2.82M 	0.20%
Jul 14, 2015 	152.10 	151.30 	152.90 	151.30 	841.14K 	0.60%
Jul 13, 2015 	151.20 	150.50 	151.50 	150.50 	548.13K 	0.27%
Jul 10, 2015 	150.80 	151.30 	151.40 	150.40 	942.97K 	-0.33%
Jul 09, 2015 	151.30 	150.80 	152.20 	150.00 	861.43K 	0.20%
Jul 08, 2015 	151.00 	154.10 	154.70 	151.00 	1.75M 	-0.53%
Jul 07, 2015 	151.80 	153.00 	156.90 	151.00 	990.64K 	-0.78%
Jul 06, 2015 	153.00 	160.00 	161.00 	153.00 	1.49M 	-4.43%
Jul 03, 2015 	160.10 	163.00 	164.90 	160.10 	983.57K 	-1.78%
Jul 02, 2015 	163.00 	165.00 	166.00 	162.50 	264.87K 	-1.21%
Jul 01, 2015 	165.00 	160.00 	165.00 	159.00 	426.73K 	2.17%
Jun 30, 2015 	161.50 	160.50 	166.00 	160.50 	1.20M 	-0.92%
Jun 29, 2015 	163.00 	163.00 	166.00 	162.00 	299.31K 	-0.73%
Jun 26, 2015 	164.20 	161.50 	165.00 	161.50 	131.71K 	1.67%
Jun 25, 2015 	161.50 	166.40 	166.40 	161.50 	484.94K 	-1.82%
Jun 24, 2015 	164.50 	166.20 	166.20 	164.40 	720.63K 	-0.06%
Jun 23, 2015 	164.60 	166.00 	167.00 	164.30 	521.63K 	0.30%
Jun 22, 2015 	164.10 	165.00 	166.00 	160.00 	472.87K 	-0.55%
Jun 19, 2015 	165.00 	161.20 	167.50 	161.20 	1.05M 	2.48%
Jun 18, 2015 	161.00 	162.00 	170.00 	160.60 	524.25K 	0.19%
Jun 17, 2015 	160.70 	160.00 	161.10 	160.00 	679.56K 	0.44%
Jun 16, 2015 	160.00 	158.00 	160.00 	157.60 	420.14K 	1.65%
Jun 15, 2015 	157.40 	157.90 	158.00 	156.00 	489.23K 	2.88%
Jun 11, 2015 	153.00 	154.50 	156.90 	153.00 	541.37K 	-0.58%
Jun 10, 2015 	153.90 	152.50 	154.10 	152.50 	1.05M 	0.13%
Jun 09, 2015 	153.70 	154.90 	156.00 	152.60 	1.08M 	-2.72%
Jun 08, 2015 	158.00 	156.00 	159.10 	155.10 	161.81K 	-0.69%
Jun 05, 2015 	159.10 	158.80 	159.90 	154.20 	907.51K 	0.19%
Jun 04, 2015 	158.80 	159.80 	160.00 	158.60 	534.78K 	2.45%
Jun 03, 2015 	155.00 	155.00 	158.60 	154.00 	678.70K 	0.00%
Jun 02, 2015 	155.00 	155.00 	157.90 	154.20 	435.31K 	0.00%
Jun 01, 2015 	155.00 	155.50 	157.10 	154.00 	808.76K 	-0.64%
May 29, 2015 	156.00 	153.50 	157.70 	151.60 	2.19M 	1.96%
May 28, 2015 	153.00 	159.48 	159.48 	152.30 	1.48M 	-2.23%
May 27, 2015 	156.49 	162.47 	162.47 	154.40 	823.54K 	-3.86%
May 26, 2015 	162.77 	166.46 	166.56 	161.47 	578.99K 	-2.79%
May 25, 2015 	167.45 	169.45 	169.45 	167.25 	242.91K 	0.00%
May 22, 2015 	167.45 	167.95 	168.95 	167.45 	475.92K 	-0.30%
May 21, 2015 	167.95 	169.45 	169.45 	167.45 	481.06K 	0.00%
May 20, 2015 	167.95 	167.45 	169.55 	167.45 	1.23M 	0.30%
May 19, 2015 	167.45 	169.25 	169.45 	166.56 	93.62K 	-1.06%
May 18, 2015 	169.25 	165.46 	169.45 	165.46 	273.37K 	1.68%
May 15, 2015 	166.46 	164.96 	167.85 	164.96 	639.43K 	1.03%
May 14, 2015 	164.76 	168.35 	169.25 	164.76 	481.42K 	-2.13%
May 13, 2015 	168.35 	167.45 	168.55 	167.45 	127.24K 	0.30%
May 12, 2015 	167.85 	168.65 	168.65 	166.65 	456.22K 	-1.52%
May 11, 2015 	170.44 	169.45 	170.44 	168.85 	23.24K 	0.94%
May 08, 2015 	168.85 	167.65 	170.94 	167.65 	710.70K 	1.20%
May 07, 2015 	166.85 	169.05 	169.05 	165.46 	553.52K 	0.23%
May 06, 2015 	166.46 	166.56 	166.56 	165.56 	282.97K 	-0.06%
May 05, 2015 	166.56 	165.56 	168.95 	165.56 	127.22K 	0.06%
May 04, 2015 	166.46 	169.35 	169.35 	166.16 	156.18K 	-0.59%
Apr 30, 2015 	167.45 	164.46 	167.45 	161.57 	609.31K 	1.14%
Apr 29, 2015 	165.56 	165.76 	165.76 	162.47 	701.73K 	-0.06%
Apr 28, 2015 	165.66 	165.86 	166.85 	165.16 	592.38K 	-0.12%
Apr 27, 2015 	165.86 	163.86 	165.86 	163.47 	313.09K 	1.16%
Apr 24, 2015 	163.96 	164.46 	165.46 	162.97 	534.14K 	-0.30%
Apr 23, 2015 	164.46 	159.98 	164.86 	159.98 	1.18M 	3.12%
Apr 22, 2015 	159.48 	158.68 	161.97 	158.68 	772.16K 	0.50%
Apr 21, 2015 	158.68 	159.98 	163.47 	158.48 	576.46K 	-0.56%
Apr 20, 2015 	159.58 	165.46 	165.46 	159.48 	1.09M 	-3.79%
Apr 17, 2015 	165.86 	165.96 	168.45 	163.76 	669.70K 	0.00%
Apr 16, 2015 	165.86 	168.45 	171.74 	164.46 	710.25K 	-1.24%
Apr 15, 2015 	167.95 	175.92 	175.92 	167.95 	862.03K 	-4.80%
Apr 14, 2015 	176.42 	173.93 	178.42 	173.93 	256.37K 	1.72%
Apr 13, 2015 	173.43 	174.93 	177.42 	173.43 	1.33M 	-1.64%
Apr 10, 2015 	176.32 	176.42 	179.41 	173.03 	1.60M 	-0.06%
Apr 08, 2015 	176.42 	176.22 	176.42 	171.94 	634.08K 	0.56%
Apr 07, 2015 	175.43 	176.32 	178.52 	174.63 	315.08K 	-0.56%
Apr 06, 2015 	176.42 	168.65 	177.42 	168.65 	1.63M 	2.31%
Apr 01, 2015 	172.44 	169.84 	172.54 	168.45 	354.27K 	0.58%
Mar 31, 2015 	171.44 	170.54 	171.44 	168.55 	2.11M 	0.53%
Mar 30, 2015 	170.54 	169.45 	172.34 	169.45 	291.97K 	0.64%
Mar 27, 2015 	169.45 	172.34 	172.44 	169.35 	528.07K 	-0.99%
Mar 26, 2015 	171.14 	173.43 	173.43 	169.45 	357.86K 	-0.41%
Mar 25, 2015 	171.84 	167.45 	173.93 	166.65 	637.08K 	2.44%
Mar 24, 2015 	167.75 	171.94 	172.04 	165.56 	1.04M 	-2.04%
Mar 23, 2015 	171.24 	172.54 	172.54 	170.64 	108.38K 	-0.70%
Mar 20, 2015 	172.44 	169.05 	174.23 	169.05 	2.12M 	2.37%
Mar 19, 2015 	168.45 	165.36 	170.44 	165.36 	1.03M 	2.43%
Mar 18, 2015 	164.46 	163.96 	165.46 	162.97 	539.91K 	0.06%
Mar 17, 2015 	164.36 	161.87 	164.46 	161.87 	598.41K 	1.29%
Mar 16, 2015 	162.27 	162.47 	164.46 	160.67 	263.92K 	-0.12%
Mar 13, 2015 	162.47 	165.46 	167.75 	162.47 	1.36M 	-1.81%
Mar 12, 2015 	165.46 	165.36 	166.46 	163.47 	739.02K 	0.12%
Mar 11, 2015 	165.26 	170.24 	170.24 	165.26 	277.49K 	-2.93%
Mar 10, 2015 	170.24 	168.55 	171.44 	168.55 	790.37K 	0.82%
Mar 09, 2015 	168.85 	166.46 	171.44 	165.46 	2.22M 	1.14%
Mar 06, 2015 	166.95 	167.45 	168.45 	166.36 	923.19K 	-0.30%
Mar 05, 2015 	167.45 	168.25 	168.25 	165.66 	655.71K 	-0.59%
Mar 04, 2015 	168.45 	162.77 	169.15 	162.47 	1.95M 	3.68%
Mar 03, 2015 	162.47 	160.77 	163.27 	160.77 	1.03M 	0.62%
Mar 02, 2015 	161.47 	159.48 	161.47 	159.38 	804.83K 	1.25%
Feb 27, 2015 	159.48 	158.58 	160.57 	156.49 	1.89M 	0.00%
Feb 26, 2015 	159.48 	159.98 	159.98 	158.98 	500.69K 	-0.25%
Feb 25, 2015 	159.88 	160.48 	161.27 	158.98 	2.16M 	0.88%
Feb 24, 2015 	158.48 	152.50 	159.78 	152.50 	3.14M 	3.92%
Feb 23, 2015 	152.50 	154.00 	154.40 	151.50 	445.90K 	-0.78%
Feb 20, 2015 	153.70 	154.59 	154.59 	153.50 	595.68K 	0.00%
Feb 18, 2015 	153.70 	153.20 	154.49 	153.20 	235.05K 	0.33%
Feb 17, 2015 	153.20 	153.10 	153.50 	151.50 	388.56K 	1.06%
Feb 16, 2015 	151.60 	152.40 	152.50 	151.31 	411.86K 	-0.52%
Feb 13, 2015 	152.40 	151.60 	154.49 	151.60 	690.85K 	0.59%
Feb 12, 2015 	151.50 	152.00 	152.50 	151.50 	1.79M 	-0.33%
Feb 11, 2015 	152.00 	154.49 	155.19 	151.50 	714.52K 	-1.61%
Feb 10, 2015 	154.49 	157.98 	157.98 	154.49 	402.61K 	-2.70%
Feb 09, 2015 	158.78 	154.49 	159.98 	154.10 	1.08M 	3.10%
Feb 06, 2015 	154.00 	153.50 	154.59 	153.20 	924.62K 	0.33%
Feb 05, 2015 	153.50 	152.30 	155.49 	152.20 	1.65M 	0.79%
Feb 04, 2015 	152.30 	152.20 	153.10 	150.51 	4.66M 	0.07%
Feb 03, 2015 	152.20 	151.01 	152.40 	150.61 	5.94M 	1.80%
Feb 02, 2015 	149.51 	151.40 	151.50 	149.51 	1.43M 	-1.31%
Jan 30, 2015 	151.50 	152.50 	152.50 	151.01 	1.70M 	-0.66%
Jan 29, 2015 	152.50 	149.01 	153.70 	148.81 	2.54M 	2.41%
Jan 28, 2015 	148.91 	148.51 	149.51 	148.51 	3.15M 	0.27%
Jan 27, 2015 	148.51 	147.02 	149.91 	146.92 	4.35M 	1.08%
Jan 26, 2015 	146.92 	144.53 	148.02 	144.13 	1.55M 	1.65%
Jan 23, 2015 	144.53 	144.03 	145.32 	143.83 	1.37M 	0.49%
Jan 22, 2015 	143.83 	144.53 	144.53 	142.53 	1.74M 	0.00%
Jan 21, 2015 	143.83 	147.52 	148.51 	140.54 	930.28K 	-2.50%
Jan 20, 2015 	147.52 	147.52 	147.52 	146.52 	510.56K 	0.00%
Jan 19, 2015 	147.52 	148.02 	149.31 	147.52 	897.61K 	-0.34%
Jan 14, 2015 	148.02 	147.52 	149.41 	146.52 	878.93K 	0.34%
Jan 13, 2015 	147.52 	147.52 	148.51 	145.22 	931.55K 	-0.53%
Jan 12, 2015 	148.31 	149.01 	149.01 	147.52 	99.65K 	-0.54%
Jan 09, 2015 	149.11 	148.41 	149.51 	147.02 	428.97K 	0.40%
Jan 08, 2015 	148.51 	148.51 	148.51 	147.52 	449.48K 	0.00%
Jan 07, 2015 	148.51 	149.01 	149.31 	148.02 	641.62K 	-0.67%
Jan 06, 2015 	149.51 	151.01 	151.40 	147.52 	924.87K 	-1.31%
Jan 05, 2015 	151.50 	147.52 	151.50 	147.52 	290.47K 	0.00%
Dec 29, 2014 	151.50 	149.51 	151.50 	148.51 	662.98K 	1.33%
Dec 23, 2014 	149.51 	147.52 	150.51 	147.22 	869.39K 	1.56%
Dec 22, 2014 	147.22 	149.51 	154.30 	146.92 	750.07K 	-1.53%
Dec 19, 2014 	149.51 	148.51 	150.51 	148.51 	1.71M 	1.35%
Dec 18, 2014 	147.52 	146.72 	150.11 	146.72 	538.33K 	0.48%
Dec 17, 2014 	146.82 	148.91 	149.01 	146.02 	904.15K 	-1.47%
Dec 16, 2014 	149.01 	149.31 	151.90 	148.51 	845.65K 	-1.00%
Dec 15, 2014 	150.51 	151.50 	151.90 	148.02 	738.08K 	-0.85%
Dec 12, 2014 	151.80 	149.51 	152.00 	149.51 	868.50K 	1.19%
Dec 11, 2014 	150.01 	149.91 	151.31 	149.11 	626.42K 	-0.98%
Dec 10, 2014 	151.50 	151.50 	151.50 	150.51 	228.26K 	0.00%
Dec 09, 2014 	151.50 	155.49 	155.49 	150.51 	1.00M 	-1.24%
Dec 05, 2014 	153.40 	157.98 	158.48 	153.40 	248.98K 	-2.90%
Dec 04, 2014 	157.98 	155.89 	158.48 	155.89 	235.62K 	0.63%
Dec 03, 2014 	156.99 	156.49 	157.68 	156.49 	331.96K 	-0.31%
Dec 02, 2014 	157.48 	156.49 	157.48 	155.49 	528.05K 	-0.06%
Dec 01, 2014 	157.58 	155.69 	158.18 	155.69 	567.45K 	0.06%
Nov 28, 2014 	157.48 	155.49 	158.78 	155.49 	391.79K 	1.28%
Nov 27, 2014 	155.49 	157.48 	157.48 	154.49 	494.10K 	-0.64%
Nov 26, 2014 	156.49 	160.08 	160.08 	156.39 	1.01M 	-2.18%
Nov 25, 2014 	159.98 	158.38 	160.28 	157.88 	7.73M 	1.01%
Nov 24, 2014 	158.38 	159.48 	161.57 	157.58 	1.14M 	-0.38%
Nov 21, 2014 	158.98 	159.28 	160.67 	158.98 	470.58K 	-0.19%
Nov 20, 2014 	159.28 	159.48 	160.67 	158.48 	1.14M 	-0.13%
Nov 19, 2014 	159.48 	155.09 	159.48 	154.59 	1.85M 	2.83%
Nov 18, 2014 	155.09 	152.80 	155.39 	152.80 	602.97K 	1.57%
Nov 17, 2014 	152.70 	153.40 	155.49 	152.00 	365.17K 	-0.46%
Nov 14, 2014 	153.40 	152.10 	154.30 	152.10 	93.04K 	0.92%
Nov 13, 2014 	152.00 	152.00 	153.50 	151.60 	296.19K 	0.00%
Nov 12, 2014 	152.00 	152.90 	154.99 	152.00 	561.49K 	-0.65%
Nov 11, 2014 	153.00 	150.61 	154.30 	150.61 	507.63K 	-0.96%
Nov 10, 2014 	154.49 	153.60 	155.49 	153.50 	623.57K 	1.30%
Nov 07, 2014 	152.50 	156.49 	156.49 	150.61 	3.07M 	2.00%
Nov 06, 2014 	149.51 	152.40 	152.40 	149.51 	202.82K 	-0.33%
Nov 05, 2014 	150.01 	151.80 	152.50 	149.51 	1.34M 	-0.79%
Nov 04, 2014 	151.21 	147.52 	152.10 	147.52 	2.03M 	2.50%
Nov 03, 2014 	147.52 	143.13 	148.02 	143.13 	419.61K 	3.07%
Oct 31, 2014 	143.13 	143.13 	144.53 	142.93 	1.01M 	0.14%
Oct 30, 2014 	142.93 	145.32 	145.32 	142.53 	941.85K 	-1.78%
Oct 29, 2014 	145.52 	142.73 	145.52 	142.33 	655.72K 	2.03%
Oct 28, 2014 	142.63 	141.94 	145.52 	141.94 	434.41K 	0.49%
Oct 27, 2014 	141.94 	141.54 	143.33 	141.54 	1.18M 	0.35%
Oct 24, 2014 	141.44 	143.63 	143.63 	140.54 	547.29K 	-1.46%
Oct 23, 2014 	143.53 	144.73 	144.73 	142.53 	610.22K 	-1.16%
Oct 22, 2014 	145.22 	142.04 	146.02 	141.84 	1.45M 	2.38%
Oct 21, 2014 	141.84 	138.85 	142.14 	138.85 	1.62M 	2.15%
Oct 20, 2014 	138.85 	136.15 	139.05 	136.06 	612.52K 	2.20%
Oct 17, 2014 	135.86 	136.06 	136.06 	135.56 	384.69K 	-0.15%
Oct 16, 2014 	136.06 	132.17 	137.05 	132.17 	1.08M 	0.00%
Oct 15, 2014 	136.06 	136.35 	136.75 	135.66 	684.31K 	0.29%
Oct 14, 2014 	135.66 	133.56 	137.75 	131.57 	617.03K 	1.19%
Oct 13, 2014 	134.06 	139.05 	139.05 	134.06 	1.65M 	-3.59%
Oct 10, 2014 	139.05 	139.44 	139.44 	136.55 	240.94K 	-0.21%
Oct 09, 2014 	139.34 	139.15 	141.03 	139.05 	273.19K 	0.21%
Oct 08, 2014 	139.05 	139.05 	139.44 	138.85 	317.22K 	-0.35%
Oct 07, 2014 	139.54 	139.15 	140.04 	139.05 	758.92K 	0.22%
Oct 03, 2014 	139.24 	139.34 	142.03 	138.85 	1.48M 	-0.07%
Oct 02, 2014 	139.34 	143.52 	143.52 	138.55 	1.35M 	-2.91%
Oct 01, 2014 	143.52 	145.80 	145.80 	141.03 	106.50K 	-1.56%
Sep 30, 2014 	145.80 	144.01 	145.80 	140.54 	3.04M 	1.94%
Sep 29, 2014 	143.02 	139.54 	145.50 	139.54 	1.33M 	2.13%
Sep 26, 2014 	140.04 	139.05 	143.02 	138.05 	826.19K 	0.64%
Sep 25, 2014 	139.15 	140.14 	141.03 	139.05 	585.86K 	-0.92%
Sep 24, 2014 	140.44 	141.03 	142.03 	140.14 	2.12M 	-0.56%
Sep 23, 2014 	141.23 	140.04 	142.22 	140.04 	199.52K 	-0.49%
Sep 22, 2014 	141.93 	141.53 	143.02 	139.05 	500.17K 	0.28%
Sep 18, 2014 	141.53 	141.03 	141.53 	139.05 	369.61K 	0.35%
Sep 17, 2014 	141.03 	136.36 	141.63 	136.36 	1.41M 	3.42%
Sep 16, 2014 	136.36 	133.09 	137.76 	132.59 	1.22M 	2.46%
Sep 15, 2014 	133.09 	132.59 	134.08 	132.09 	512.29K 	0.38%
Sep 12, 2014 	132.59 	132.09 	133.09 	132.09 	875.43K 	0.38%
Sep 11, 2014 	132.09 	133.98 	134.08 	131.20 	617.61K 	-1.48%
Sep 10, 2014 	134.08 	132.09 	134.08 	131.10 	494.38K 	0.37%
Sep 09, 2014 	133.58 	133.19 	137.06 	133.19 	1.42M 	0.14%
Sep 08, 2014 	133.39 	133.19 	134.08 	132.89 	1.19M 	0.23%
Sep 05, 2014 	133.09 	131.60 	133.88 	131.10 	3.89M 	1.52%
Sep 04, 2014 	131.10 	129.11 	132.19 	129.11 	1.68M 	1.54%
Sep 03, 2014 	129.11 	127.13 	130.70 	127.13 	1.04M 	1.56%
Sep 02, 2014 	127.13 	126.13 	127.62 	126.13 	449.12K 	0.79%
Sep 01, 2014 	126.13 	126.33 	127.13 	126.13 	79.85K 	0.31%
Aug 29, 2014 	125.74 	125.64 	126.63 	125.54 	970.02K 	-0.31%
Aug 28, 2014 	126.13 	126.23 	127.72 	126.04 	470.72K 	0.07%
Aug 27, 2014 	126.04 	126.23 	127.13 	125.94 	1.05M 	0.16%
Aug 26, 2014 	125.84 	128.12 	128.12 	124.64 	528.43K 	0.00%
Aug 22, 2014 	125.84 	126.13 	126.33 	125.44 	622.18K 	-0.23%
Aug 20, 2014 	126.13 	125.34 	127.03 	125.34 	237.99K 	0.63%
Aug 19, 2014 	125.34 	127.62 	127.72 	125.04 	1.19M 	-1.79%
Aug 18, 2014 	127.62 	128.12 	128.42 	127.23 	1.13M 	-0.39%
Aug 15, 2014 	128.12 	127.62 	129.02 	127.13 	727.51K 	0.39%
Aug 14, 2014 	127.62 	126.43 	127.62 	126.13 	760.81K 	1.18%
Aug 13, 2014 	126.13 	124.74 	127.13 	124.74 	1.73M 	1.59%
Aug 12, 2014 	124.15 	123.16 	124.84 	123.16 	1.21M 	1.13%
Aug 11, 2014 	122.76 	121.76 	123.16 	121.17 	226.91K 	1.31%
Aug 08, 2014 	121.17 	120.87 	122.26 	120.77 	1.14M 	0.25%
Aug 07, 2014 	120.87 	121.17 	121.67 	120.67 	552.69K 	0.25%
Aug 06, 2014 	120.57 	121.17 	122.36 	120.57 	522.59K 	-0.08%
Aug 05, 2014 	120.67 	120.97 	121.27 	120.18 	389.66K 	-0.25%
Aug 04, 2014 	120.97 	120.28 	121.17 	119.18 	1.07M 	0.66%
Aug 01, 2014 	120.18 	118.29 	120.18 	118.29 	82.17K 	0.84%
Jul 31, 2014 	119.18 	119.08 	121.17 	118.29 	417.72K 	0.00%
Jul 30, 2014 	119.18 	119.68 	119.78 	118.79 	1.89M 	-0.67%
Jul 28, 2014 	119.98 	121.07 	121.07 	119.78 	333.21K 	-0.90%
Jul 25, 2014 	121.07 	120.37 	122.16 	120.28 	941.31K 	0.74%
Jul 24, 2014 	120.18 	118.19 	120.57 	118.19 	1.58M 	1.68%
Jul 23, 2014 	118.19 	118.39 	118.69 	117.69 	787.33K 	0.00%
Jul 22, 2014 	118.19 	117.79 	119.18 	117.69 	2.42M 	0.34%
Jul 21, 2014 	117.79 	118.19 	119.08 	117.39 	1.86M 	-0.34%
Jul 18, 2014 	118.19 	118.19 	118.39 	118.09 	706.81K 	-0.34%
Jul 17, 2014 	118.59 	120.97 	121.07 	117.69 	2.57M 	-1.64%
Jul 15, 2014 	120.57 	120.87 	121.17 	120.57 	582.14K 	-0.41%
Jul 14, 2014 	121.07 	122.16 	122.16 	120.18 	318.39K 	-1.22%
Jul 11, 2014 	122.56 	123.16 	123.16 	122.16 	325.82K 	0.00%
Jul 10, 2014 	122.56 	122.76 	123.65 	122.56 	68.20K 	-0.24%
Jul 09, 2014 	122.86 	123.06 	123.16 	122.56 	363.31K 	-0.16%
Jul 08, 2014 	123.06 	123.45 	123.45 	122.16 	282.70K 	-0.48%
Jul 07, 2014 	123.65 	122.76 	124.74 	122.76 	542.19K 	0.81%
Jul 04, 2014 	122.66 	122.36 	123.16 	122.36 	265.57K 	0.25%
Jul 03, 2014 	122.36 	122.06 	123.16 	122.06 	219.29K 	0.41%
Jul 02, 2014 	121.86 	122.16 	122.16 	119.28 	710.48K 	-0.73%
Jul 01, 2014 	122.76 	122.46 	123.25 	122.46 	721.57K 	0.24%
Jun 30, 2014 	122.46 	123.85 	123.95 	122.46 	706.27K 	-0.08%
Jun 27, 2014 	122.56 	122.96 	123.55 	122.46 	651.56K 	0.08%
Jun 26, 2014 	122.46 	122.16 	122.96 	122.16 	61.54K 	0.25%
Jun 25, 2014 	122.16 	118.79 	124.15 	118.79 	1.11M 	2.84%
Jun 24, 2014 	118.79 	119.88 	119.88 	118.19 	1.28M 	-0.91%
Jun 23, 2014 	119.88 	119.68 	120.28 	119.58 	530.95K 	0.17%
Jun 20, 2014 	119.68 	120.18 	120.97 	119.18 	712.18K 	-0.42%
Jun 19, 2014 	120.18 	120.18 	123.06 	120.08 	280.99K 	0.42%
Jun 18, 2014 	119.68 	118.69 	119.68 	118.09 	270.31K 	1.35%
Jun 17, 2014 	118.09 	120.18 	120.18 	117.69 	224.26K 	-0.91%
Jun 16, 2014 	119.18 	120.28 	120.67 	117.69 	885.81K 	-1.56%
Jun 13, 2014 	121.07 	121.17 	123.16 	120.18 	813.89K 	-0.08%
Jun 11, 2014 	121.17 	121.86 	125.64 	121.17 	576.31K 	-0.48%
Jun 10, 2014 	121.76 	124.15 	124.15 	121.17 	356.06K 	-1.93%
Jun 09, 2014 	124.15 	125.54 	125.54 	124.15 	41.26K 	-1.11%
Jun 06, 2014 	125.54 	127.13 	127.13 	124.94 	1.95M 	-0.94%
Jun 05, 2014 	126.73 	127.03 	127.03 	125.94 	833.99K 	-0.24%
Jun 04, 2014 	127.03 	127.23 	127.23 	126.63 	1.14M 	-0.08%
Jun 03, 2014 	127.13 	124.15 	127.43 	123.95 	1.41M 	2.40%
Jun 02, 2014 	124.15 	122.66 	124.35 	122.66 	3.40M 	0.97%
May 30, 2014 	122.96 	123.35 	123.35 	122.66 	191.66K 	-0.16%
May 29, 2014 	123.16 	123.16 	123.55 	122.96 	614.20K 	0.00%
May 28, 2014 	123.16 	123.16 	123.75 	123.16 	270.30K 	0.16%
May 27, 2014 	122.96 	123.16 	123.35 	122.66 	366.18K 	-0.16%
May 26, 2014 	123.16 	123.06 	124.15 	123.06 	828.17K 	0.00%
May 23, 2014 	123.16 	124.15 	124.15 	123.06 	100.80K 	-0.72%
May 22, 2014 	124.05 	123.06 	124.15 	123.06 	133.98K 	0.80%
May 21, 2014 	123.06 	127.13 	127.13 	123.06 	605.28K 	-2.90%
May 20, 2014 	126.73 	127.13 	127.13 	126.13 	2.40M 	-0.24%
May 19, 2014 	127.03 	123.55 	127.13 	123.45 	2.82M 	2.90%
May 16, 2014 	123.45 	123.25 	123.65 	122.16 	1.85M 	0.16%
May 15, 2014 	123.25 	121.86 	123.95 	121.27 	1.17M 	1.30%
May 14, 2014 	121.67 	123.16 	123.95 	121.67 	668.89K 	-1.21%
May 13, 2014 	123.16 	123.95 	124.45 	122.86 	1.97M 	-0.40%
May 12, 2014 	123.65 	121.96 	124.45 	121.96 	1.67M 	1.47%
May 09, 2014 	121.86 	121.17 	124.94 	121.17 	2.31M 	0.57%
May 08, 2014 	121.17 	121.17 	121.86 	121.17 	235.70K 	0.00%
May 07, 2014 	121.17 	122.56 	122.56 	120.97 	396.06K 	-0.81%
May 06, 2014 	122.16 	123.16 	123.65 	121.76 	2.08M 	-0.16%
May 05, 2014 	122.36 	119.18 	122.96 	118.19 	1.64M 	2.50%
May 02, 2014 	119.38 	119.08 	119.38 	117.20 	746.79K 	0.08%
Apr 30, 2014 	119.28 	112.53 	120.08 	112.53 	3.69M 	6.09%
Apr 29, 2014 	112.43 	111.44 	112.43 	111.44 	1.15M 	0.89%
Apr 28, 2014 	111.44 	112.33 	112.33 	111.04 	552.35K 	-0.79%
Apr 25, 2014 	112.33 	112.43 	112.93 	111.93 	764.35K 	0.09%
Apr 24, 2014 	112.23 	112.43 	112.43 	112.13 	939.05K 	-0.18%
Apr 23, 2014 	112.43 	112.23 	112.53 	112.03 	2.14M 	0.27%
Apr 22, 2014 	112.13 	112.23 	113.22 	111.73 	1.25M 	0.18%
Apr 21, 2014 	111.93 	112.23 	112.93 	111.53 	1.02M 	1.35%
Apr 16, 2014 	110.44 	110.54 	113.22 	110.44 	1.31M 	0.00%
Apr 15, 2014 	110.44 	110.14 	111.04 	110.14 	2.04M 	0.27%
Apr 14, 2014 	110.14 	110.14 	110.74 	108.75 	609.68K 	-0.09%
Apr 11, 2014 	110.24 	110.24 	110.74 	109.65 	1.36M 	-0.90%
Apr 10, 2014 	111.24 	108.46 	111.24 	108.26 	1.15M 	2.66%
Apr 08, 2014 	108.36 	107.76 	109.05 	107.76 	1.43M 	0.56%
Apr 07, 2014 	107.76 	108.26 	109.15 	106.87 	704.51K 	-0.46%
Apr 04, 2014 	108.26 	107.36 	109.05 	107.36 	2.10M 	0.93%
Apr 03, 2014 	107.26 	106.17 	107.46 	105.97 	1.84M 	1.31%
Apr 02, 2014 	105.87 	107.07 	107.16 	105.77 	991.16K 	-0.09%
Apr 01, 2014 	105.97 	105.68 	106.27 	104.78 	2.64M 	0.66%
Mar 31, 2014 	105.28 	105.77 	105.87 	105.08 	631.64K 	-0.46%
Mar 28, 2014 	105.77 	104.38 	108.26 	104.38 	291.71K 	1.33%
Mar 27, 2014 	104.38 	107.16 	108.26 	104.38 	944.71K 	-2.24%
Mar 26, 2014 	106.77 	109.25 	109.25 	106.77 	1.14M 	-2.27%
Mar 25, 2014 	109.25 	109.55 	109.55 	108.75 	702.96K 	-0.18%
Mar 24, 2014 	109.45 	110.74 	110.94 	109.45 	82.17K 	-1.16%
Mar 21, 2014 	110.74 	111.04 	111.14 	109.45 	634.97K 	-0.27%
Mar 20, 2014 	111.04 	111.24 	111.34 	111.04 	315.82K 	0.09%
Mar 19, 2014 	110.94 	110.74 	111.83 	110.24 	664.37K 	0.73%
Mar 18, 2014 	110.14 	110.74 	110.84 	109.65 	552.85K 	-0.36%
Mar 17, 2014 	110.54 	111.24 	111.73 	110.34 	415.26K 	-0.54%
Mar 14, 2014 	111.14 	110.94 	111.63 	110.24 	335.49K 	0.63%
Mar 13, 2014 	110.44 	111.14 	112.13 	110.44 	281.56K 	0.18%
Mar 12, 2014 	110.24 	110.44 	110.84 	110.14 	509.23K 	-0.09%
Mar 11, 2014 	110.34 	110.94 	111.24 	110.24 	760.48K 	-0.54%
Mar 10, 2014 	110.94 	111.93 	111.93 	110.74 	491.16K 	-0.88%
Mar 07, 2014 	111.93 	113.72 	115.21 	111.83 	693.10K 	-1.57%
Mar 06, 2014 	113.72 	115.01 	115.21 	113.72 	591.75K 	-1.04%
Mar 05, 2014 	114.91 	114.91 	116.20 	114.81 	784.14K 	0.00%
Mar 04, 2014 	114.91 	115.11 	115.21 	114.81 	230.91K 	-0.43%
Mar 03, 2014 	115.41 	116.20 	116.20 	115.21 	347.01K 	-0.68%
Feb 28, 2014 	116.20 	116.20 	116.80 	116.20 	60.74K 	0.00%
Feb 27, 2014 	116.20 	116.70 	116.70 	115.91 	347.84K 	0.00%
Feb 26, 2014 	116.20 	117.79 	117.79 	115.91 	375.20K 	-1.35%
Feb 25, 2014 	117.79 	118.79 	119.08 	117.79 	368.80K 	-0.84%
Feb 24, 2014 	118.79 	119.08 	119.08 	118.69 	267.69K 	0.08%
Feb 21, 2014 	118.69 	118.09 	118.88 	118.09 	256.12K 	0.51%
Feb 20, 2014 	118.09 	117.59 	118.39 	117.59 	791.49K 	0.43%
Feb 19, 2014 	117.59 	117.00 	117.59 	117.00 	465.33K 	0.25%
Feb 18, 2014 	117.30 	118.49 	118.49 	117.20 	231.13K 	-1.00%
Feb 17, 2014 	118.49 	117.30 	118.69 	117.30 	60.98K 	1.10%
Feb 14, 2014 	117.20 	115.61 	117.30 	115.61 	366.95K 	1.73%
Feb 13, 2014 	115.21 	115.21 	115.81 	115.21 	388.18K 	0.00%
Feb 12, 2014 	115.21 	114.22 	115.41 	114.22 	421.09K 	1.13%
Feb 11, 2014 	113.92 	114.12 	114.71 	113.52 	278.12K 	0.35%
Feb 10, 2014 	113.52 	112.33 	113.82 	112.33 	2.04M 	1.06%
Feb 07, 2014 	112.33 	112.43 	112.53 	110.44 	102.60K 	1.80%
Feb 06, 2014 	110.34 	112.73 	112.73 	110.05 	218.41K 	0.00%
Feb 05, 2014 	110.34 	110.24 	112.23 	110.05 	417.49K 	0.72%
Feb 04, 2014 	109.55 	111.63 	111.63 	109.15 	699.44K 	-1.95%
Feb 03, 2014 	111.73 	113.32 	114.12 	111.73 	508.55K 	-1.32%
Jan 30, 2014 	113.22 	117.20 	117.20 	113.22 	855.08K 	-3.40%
Jan 29, 2014 	117.20 	119.18 	119.18 	117.00 	333.58K 	0.00%
Jan 28, 2014 	117.20 	117.49 	118.29 	116.90 	473.46K 	-0.42%
Jan 27, 2014 	117.69 	121.17 	121.17 	117.69 	629.39K 	-2.87%
Jan 24, 2014 	121.17 	124.74 	124.74 	121.17 	559.32K 	-3.02%
Jan 23, 2014 	124.94 	121.76 	127.13 	121.76 	1.02M 	2.69%
Jan 22, 2014 	121.67 	118.29 	122.16 	118.29 	765.83K 	2.86%
Jan 21, 2014 	118.29 	116.80 	118.59 	116.80 	798.46K 	1.36%
Jan 20, 2014 	116.70 	116.70 	116.90 	116.40 	238.83K 	0.34%
Jan 17, 2014 	116.30 	116.60 	116.60 	116.20 	496.06K 	-0.09%
Jan 16, 2014 	116.40 	116.20 	116.70 	115.71 	878.39K 	0.17%
Jan 15, 2014 	116.20 	115.71 	116.40 	115.71 	198.71K 	0.51%
Jan 14, 2014 	115.61 	117.69 	117.69 	114.81 	690.09K 	-1.36%
Jan 13, 2014 	117.20 	116.20 	118.39 	116.20 	296.62K 	0.95%
Jan 10, 2014 	116.10 	116.40 	116.40 	115.71 	616.88K 	0.09%
Jan 09, 2014 	116.00 	117.10 	117.20 	115.71 	264.68K 	0.34%
Jan 08, 2014 	115.61 	117.20 	117.20 	115.21 	256.22K 	0.61%
Jan 07, 2014 	114.91 	116.80 	117.59 	114.91 	344.82K 	-1.62%
Jan 06, 2014 	116.80 	117.30 	117.49 	116.70 	286.30K 	-0.43%
Jan 03, 2014 	117.30 	117.20 	117.69 	116.70 	623.46K 	0.51%
Jan 02, 2014 	116.70 	114.22 	117.10 	114.22 	349.90K 	1.65%
Dec 27, 2013 	114.81 	114.71 	115.21 	114.22 	935.55K 	0.52%
Dec 26, 2013 	114.22 	115.31 	115.31 	113.82 	476.29K 	-0.86%
Dec 23, 2013 	115.21 	115.21 	116.20 	115.11 	510.01K 	0.00%
Dec 20, 2013 	115.21 	112.43 	115.21 	110.24 	674.74K 	2.47%
Dec 19, 2013 	112.43 	113.72 	115.21 	112.23 	375.28K 	-0.50%
Dec 18, 2013 	113.00 	113.20 	113.40 	112.30 	1.17M 	-0.18%
Dec 17, 2013 	113.20 	111.70 	113.90 	111.70 	1.04M 	1.34%
Dec 16, 2013 	111.70 	111.00 	112.00 	111.00 	771.46K 	2.01%
Dec 13, 2013 	109.50 	109.00 	112.00 	107.50 	295.38K 	-0.90%
Dec 12, 2013 	110.50 	113.00 	113.00 	109.60 	663.90K 	-3.49%
Dec 11, 2013 	114.50 	114.80 	114.80 	114.00 	676.16K 	-0.26%
Dec 10, 2013 	114.80 	116.00 	116.00 	114.50 	1.23M 	0.26%
Dec 09, 2013 	114.50 	114.80 	114.80 	114.00 	1.01M 	-0.09%
Dec 06, 2013 	114.60 	114.70 	114.80 	114.30 	468.63K 	-0.17%
Dec 05, 2013 	114.80 	113.00 	115.00 	113.00 	582.13K 	0.44%
Dec 04, 2013 	114.30 	115.00 	115.00 	114.10 	155.77K 	0.26%
Dec 03, 2013 	114.00 	115.10 	115.20 	114.00 	542.41K 	-0.87%
Dec 02, 2013 	115.00 	114.90 	117.00 	114.70 	935.36K 	0.09%
Nov 29, 2013 	114.90 	115.10 	115.10 	113.00 	981.87K 	-0.17%
Nov 28, 2013 	115.10 	118.00 	119.00 	115.00 	1.07M 	2.69%
Nov 26, 2013 	112.08 	106.42 	112.75 	106.33 	792.47K 	6.16%
Nov 25, 2013 	105.58 	105.17 	105.83 	105.00 	1.31M 	0.55%
Nov 22, 2013 	105.00 	107.08 	108.33 	104.17 	3.06M 	-1.18%
Nov 21, 2013 	106.25 	110.83 	110.83 	105.58 	1.94M 	-4.49%
Nov 20, 2013 	111.25 	115.00 	115.08 	111.17 	1.19M 	-4.30%
Nov 19, 2013 	116.25 	116.67 	117.42 	115.42 	1.97M 	-1.00%
Nov 18, 2013 	117.42 	118.42 	119.17 	116.83 	383.64K 	-0.84%
Nov 15, 2013 	118.42 	116.58 	118.67 	116.58 	1.11M 	1.58%
Nov 14, 2013 	116.58 	114.42 	117.50 	114.42 	1.74M 	1.97%
Nov 13, 2013 	114.33 	113.33 	114.83 	112.92 	640.19K 	1.03%
Nov 12, 2013 	113.17 	114.00 	114.17 	112.50 	445.31K 	0.60%
Nov 11, 2013 	112.50 	112.50 	112.50 	110.83 	309.60K 	0.67%
Nov 08, 2013 	111.75 	112.25 	112.50 	111.58 	173.45K 	-0.45%
Nov 07, 2013 	112.25 	112.00 	113.08 	111.75 	383.50K 	0.29%
Nov 06, 2013 	111.92 	114.17 	115.83 	111.83 	967.28K 	-0.44%
Nov 05, 2013 	112.42 	112.00 	115.00 	112.00 	531.58K 	0.00%
Nov 04, 2013 	112.42 	115.83 	115.83 	112.33 	589.69K 	-2.94%
Oct 31, 2013 	115.83 	115.83 	115.83 	114.50 	1.39M 	0.22%
Oct 30, 2013 	115.58 	115.83 	116.17 	115.50 	576.86K 	0.14%
Oct 29, 2013 	115.42 	115.42 	117.50 	115.00 	197.40K 	0.00%
Oct 25, 2013 	115.42 	115.83 	115.83 	113.83 	1.01M 	-0.35%
Oct 24, 2013 	115.83 	118.33 	118.33 	115.67 	498.76K 	-2.11%
Oct 23, 2013 	118.33 	117.50 	120.25 	117.50 	474.82K 	0.71%
Oct 22, 2013 	117.50 	115.83 	118.42 	115.67 	921.02K 	1.73%
Oct 21, 2013 	115.50 	114.17 	116.83 	114.17 	592.48K 	1.91%
Oct 18, 2013 	113.33 	113.75 	114.17 	113.25 	980.46K 	0.44%
Oct 17, 2013 	112.83 	115.75 	115.75 	112.08 	916.99K 	-1.17%
Oct 16, 2013 	114.17 	115.00 	116.92 	113.83 	712.86K 	-0.36%
Oct 14, 2013 	114.58 	113.83 	114.58 	113.33 	32.34K 	0.66%
Oct 11, 2013 	113.83 	115.00 	116.42 	113.83 	2.28M 	1.79%
Oct 10, 2013 	111.83 	114.42 	114.92 	111.83 	896.48K 	-2.26%
Oct 09, 2013 	114.42 	116.67 	116.67 	113.42 	296.29K 	-2.27%
Oct 08, 2013 	117.08 	116.92 	117.50 	115.42 	103.52K 	0.35%
Oct 07, 2013 	116.67 	117.08 	117.08 	115.83 	1.75M 	0.73%
Oct 04, 2013 	115.83 	116.67 	118.08 	115.00 	1.19M 	0.00%
Oct 03, 2013 	115.83 	114.58 	116.92 	114.17 	874.92K 	0.29%
Oct 02, 2013 	115.50 	112.92 	116.58 	112.33 	982.43K 	3.75%
Oct 01, 2013 	111.33 	108.83 	112.92 	108.42 	843.46K 	1.90%
Sep 30, 2013 	109.25 	110.83 	111.42 	108.92 	1.17M 	-2.52%
Sep 27, 2013 	112.08 	109.17 	112.50 	108.33 	1.66M 	5.07%
Sep 26, 2013 	106.67 	110.00 	110.00 	105.00 	2.07M 	-2.66%
Sep 25, 2013 	109.58 	110.75 	110.75 	109.08 	2.15M 	-0.76%
Sep 24, 2013 	110.42 	111.58 	111.58 	109.92 	322.14K 	0.00%
Sep 23, 2013 	110.42 	111.33 	111.33 	108.75 	492.70K 	-0.75%
Sep 20, 2013 	111.25 	113.08 	114.42 	110.08 	1.29M 	-0.82%
Sep 19, 2013 	112.17 	107.92 	115.00 	107.92 	4.86M 	6.57%
Sep 18, 2013 	105.25 	102.42 	105.75 	102.42 	2.28M 	2.93%
Sep 17, 2013 	102.25 	100.00 	102.50 	99.67 	4.40M 	3.54%
Sep 16, 2013 	98.75 	97.50 	100.00 	97.50 	2.21M 	1.54%
Sep 13, 2013 	97.25 	97.42 	97.50 	95.83 	3.37M 	0.78%
Sep 12, 2013 	96.50 	97.92 	98.33 	96.42 	682.38K 	-1.03%
Sep 11, 2013 	97.50 	97.50 	98.33 	97.42 	713.48K 	0.00%
Sep 10, 2013 	97.50 	97.50 	98.33 	97.33 	4.15M 	0.34%
Sep 09, 2013 	97.17 	97.50 	98.33 	95.83 	914.54K 	0.78%
Sep 06, 2013 	96.42 	95.83 	97.50 	95.75 	818.05K 	0.52%
Sep 05, 2013 	95.92 	94.58 	97.50 	94.58 	1.82M 	-1.62%
Sep 04, 2013 	97.50 	100.00 	100.00 	96.67 	1.05M 	-2.18%
Sep 03, 2013 	99.67 	99.58 	99.83 	99.17 	1.11M 	0.50%
Sep 02, 2013 	99.17 	97.92 	99.92 	97.92 	1.78M 	1.28%
Aug 30, 2013 	97.92 	94.17 	99.17 	94.17 	5.09M 	6.34%
Aug 29, 2013 	92.08 	88.42 	92.50 	88.42 	3.27M 	4.54%
Aug 28, 2013 	88.08 	95.00 	95.00 	88.08 	3.31M 	-8.89%
Aug 27, 2013 	96.67 	98.33 	99.17 	94.58 	1.12M 	-1.69%
Aug 23, 2013 	98.33 	100.08 	101.67 	98.08 	1.74M 	-1.67%
Aug 22, 2013 	100.00 	105.83 	105.83 	99.00 	2.44M 	-10.78%
Aug 16, 2013 	112.08 	110.67 	112.67 	109.17 	340.74K 	1.27%
Aug 15, 2013 	110.67 	111.67 	111.67 	109.00 	785.66K 	-0.52%
Aug 14, 2013 	111.25 	110.83 	112.50 	110.33 	1.22M 	0.75%
Aug 13, 2013 	110.42 	113.75 	115.00 	109.50 	2.05M 	-2.57%
Aug 12, 2013 	113.33 	118.25 	118.25 	113.25 	1.12M 	-4.16%
Aug 08, 2013 	118.25 	117.08 	118.42 	117.08 	809.77K 	0.00%
Aug 07, 2013 	118.25 	118.08 	118.83 	117.42 	1.15M 	0.14%
Aug 06, 2013 	118.08 	119.92 	119.92 	116.67 	1.40M 	-1.60%
Aug 05, 2013 	120.00 	121.67 	121.67 	118.75 	716.15K 	-1.10%
Aug 02, 2013 	121.33 	120.00 	122.08 	120.00 	1.23M 	0.97%
Aug 01, 2013 	120.17 	120.00 	120.42 	118.75 	635.02K 	0.14%
Jul 31, 2013 	120.00 	119.08 	120.00 	117.50 	834.82K 	0.77%
Jul 30, 2013 	119.08 	120.00 	120.17 	118.33 	941.80K 	-0.49%
Jul 29, 2013 	119.67 	122.25 	122.33 	119.58 	775.81K 	-2.11%
Jul 26, 2013 	122.25 	124.08 	124.33 	121.92 	2.39M 	-0.14%
Jul 25, 2013 	122.42 	121.92 	124.17 	121.67 	848.42K 	0.62%
Jul 24, 2013 	121.67 	116.58 	121.67 	116.58 	1.09M 	4.82%
Jul 23, 2013 	116.08 	118.83 	118.83 	114.58 	4.66M 	-2.59%
Jul 22, 2013 	119.17 	122.08 	122.08 	118.67 	932.54K 	-2.38%
Jul 19, 2013 	122.08 	122.50 	122.92 	121.17 	637.93K 	0.54%
Jul 18, 2013 	121.42 	123.33 	124.17 	120.83 	1.55M 	0.14%
Jul 17, 2013 	121.25 	124.25 	124.25 	120.00 	1.44M 	-2.48%
Jul 16, 2013 	124.33 	124.92 	125.00 	124.17 	2.80M 	-0.54%
Jul 15, 2013 	125.00 	125.00 	126.50 	123.33 	1.21M 	1.35%
Jul 12, 2013 	123.33 	126.67 	128.33 	123.33 	987.94K 	0.33%
Jul 11, 2013 	122.92 	123.75 	126.67 	122.92 	1.20M 	0.34%
Jul 10, 2013 	122.50 	130.00 	130.00 	121.50 	1.10M 	-5.77%
Jul 09, 2013 	130.00 	133.33 	133.33 	126.67 	1.85M 	-2.50%
Jul 08, 2013 	133.33 	135.00 	135.08 	132.50 	1.33M 	-1.36%
Jul 05, 2013 	135.17 	134.17 	135.25 	134.17 	408.48K 	1.00%
Jul 04, 2013 	133.83 	133.92 	134.42 	133.33 	1.12M 	-0.19%
Jul 03, 2013 	134.08 	133.33 	135.00 	133.33 	1.09M 	0.56%
Jul 02, 2013 	133.33 	133.33 	136.58 	133.25 	1.79M 	0.50%
Jul 01, 2013 	132.67 	129.92 	134.17 	126.17 	1.04M 	5.29%
Jun 28, 2013 	126.00 	133.33 	135.00 	126.00 	3.00M 	-4.91%
Jun 27, 2013 	132.50 	126.75 	132.75 	126.67 	1.15M 	6.00%
Jun 26, 2013 	125.00 	119.17 	125.33 	119.17 	2.37M 	7.14%
Jun 25, 2013 	116.67 	119.17 	119.17 	106.67 	2.23M 	-0.71%
Jun 24, 2013 	117.50 	130.00 	130.00 	116.67 	785.77K 	-8.44%
Jun 21, 2013 	128.33 	133.33 	133.33 	128.33 	1.67M 	-5.52%
Jun 20, 2013 	135.83 	142.50 	142.50 	135.83 	1.06M 	-5.23%
Jun 19, 2013 	143.33 	145.83 	145.83 	137.50 	925.58K 	-1.66%
Jun 18, 2013 	145.75 	142.08 	145.83 	142.08 	821.28K 	2.58%
Jun 17, 2013 	142.08 	138.00 	142.50 	137.67 	919.97K 	1.49%
Jun 14, 2013 	140.00 	143.33 	144.17 	139.17 	504.92K 	-2.89%
Jun 13, 2013 	144.17 	145.00 	145.00 	137.50 	1.59M 	-1.59%
Jun 11, 2013 	146.50 	152.08 	152.08 	145.08 	1.78M 	-1.79%
Jun 10, 2013 	149.17 	148.33 	149.17 	145.42 	958.91K 	2.58%
Jun 07, 2013 	145.42 	140.00 	146.00 	140.00 	1.01M 	4.49%
Jun 06, 2013 	139.17 	136.33 	140.83 	135.00 	1.36M 	4.38%
Jun 05, 2013 	133.33 	143.42 	145.00 	133.33 	1.54M 	-7.04%
Jun 04, 2013 	143.42 	142.92 	145.83 	142.08 	2.44M 	0.35%
Jun 03, 2013 	142.92 	145.83 	145.83 	141.67 	1.62M 	-0.87%
May 31, 2013 	144.17 	149.58 	150.83 	144.17 	2.27M 	-3.62%
May 30, 2013 	149.58 	153.25 	153.25 	145.92 	2.97M 	-2.45%
May 29, 2013 	153.33 	154.17 	155.83 	151.67 	1.52M 	0.00%
May 28, 2013 	153.33 	152.92 	154.17 	150.00 	903.50K 	0.27%
May 27, 2013 	152.92 	153.58 	154.17 	152.50 	330.23K 	-0.59%
May 24, 2013 	153.83 	154.17 	154.17 	153.75 	567.78K 	1.32%
May 23, 2013 	151.83 	155.42 	155.42 	151.83 	603.11K 	-2.57%
May 22, 2013 	155.83 	153.75 	158.42 	153.75 	1.18M 	1.35%
May 21, 2013 	153.75 	153.75 	153.75 	150.00 	1.77M 	0.00%
May 20, 2013 	153.75 	154.92 	155.83 	151.67 	982.57K 	1.94%
May 17, 2013 	150.83 	159.17 	159.17 	150.00 	1.85M 	-5.14%
May 16, 2013 	159.00 	162.08 	162.25 	159.00 	543.67K 	-2.00%
May 15, 2013 	162.25 	162.17 	162.50 	161.92 	1.46M 	0.05%
May 14, 2013 	162.17 	168.33 	168.33 	161.67 	1.66M 	-3.08%
May 10, 2013 	167.33 	164.17 	169.83 	164.17 	1.11M 	2.97%
May 09, 2013 	162.50 	162.92 	162.92 	162.33 	384.83K 	0.00%
May 08, 2013 	162.50 	164.17 	164.17 	161.67 	245.40K 	-0.87%
May 07, 2013 	163.92 	164.58 	164.75 	163.58 	342.04K 	-0.15%
May 06, 2013 	164.17 	169.17 	172.00 	164.17 	540.05K 	-2.57%
May 03, 2013 	168.50 	165.83 	168.50 	165.83 	749.84K 	2.28%
May 02, 2013 	164.75 	165.00 	165.25 	162.92 	566.93K 	0.26%
Apr 30, 2013 	164.33 	165.83 	166.17 	164.33 	317.59K 	-0.90%
Apr 29, 2013 	165.83 	163.17 	165.83 	162.83 	626.41K 	1.69%
Apr 26, 2013 	163.08 	161.67 	164.17 	160.67 	544.49K 	1.13%
Apr 25, 2013 	161.25 	161.25 	161.33 	161.17 	2.04M 	0.05%
Apr 24, 2013 	161.17 	161.67 	164.17 	160.83 	274.15K 	0.21%
Apr 23, 2013 	160.83 	164.17 	164.17 	160.00 	416.02K 	-3.16%
Apr 22, 2013 	166.08 	160.83 	166.08 	156.67 	640.25K 	6.01%
Apr 19, 2013 	156.67 	156.67 	160.83 	156.25 	2.37M 	0.27%
Apr 18, 2013 	156.25 	158.50 	158.50 	156.25 	127.49K 	-1.42%
Apr 17, 2013 	158.50 	159.17 	159.17 	158.00 	840.89K 	-0.42%
Apr 16, 2013 	159.17 	161.25 	161.25 	157.50 	479.77K 	-1.80%
Apr 15, 2013 	162.08 	160.00 	162.92 	160.00 	1.07M 	1.30%
Apr 12, 2013 	160.00 	159.17 	160.00 	158.75 	187.92K 	1.05%
Apr 11, 2013 	158.33 	156.08 	160.17 	156.08 	704.15K 	1.55%
Apr 10, 2013 	155.92 	155.00 	156.25 	155.00 	336.86K 	1.03%
Apr 08, 2013 	154.33 	154.17 	154.33 	154.00 	188.30K 	0.16%
Apr 05, 2013 	154.08 	154.17 	154.17 	153.33 	398.99K 	0.10%
Apr 04, 2013 	153.92 	155.42 	155.42 	153.75 	1.25M 	-0.97%
Apr 03, 2013 	155.42 	155.75 	155.83 	154.92 	721.01K 	0.27%
Apr 02, 2013 	155.00 	153.83 	155.00 	152.50 	1.20M 	0.76%
Apr 01, 2013 	153.83 	152.58 	155.08 	152.58 	558.67K 	1.42%
Mar 27, 2013 	151.67 	150.00 	152.50 	150.00 	763.48K 	0.89%
Mar 26, 2013 	150.33 	151.67 	152.50 	149.58 	305.28K 	-0.88%
Mar 25, 2013 	151.67 	149.33 	151.75 	149.33 	2.19M 	1.57%
Mar 22, 2013 	149.33 	149.58 	150.00 	149.25 	1.04M 	-0.06%
Mar 21, 2013 	149.42 	147.92 	150.00 	147.92 	520.98K 	1.30%
Mar 20, 2013 	147.50 	150.42 	150.42 	145.92 	2.54M 	-1.94%
Mar 19, 2013 	150.42 	151.25 	151.25 	145.83 	631.36K 	-0.55%
Mar 18, 2013 	151.25 	154.83 	154.83 	150.00 	434.88K 	-2.42%
Mar 15, 2013 	155.00 	153.33 	155.00 	152.50 	481.68K 	1.64%
Mar 14, 2013 	152.50 	153.00 	153.00 	151.67 	326.36K 	-0.27%
Mar 13, 2013 	152.92 	153.67 	153.67 	152.50 	336.92K 	-0.43%
Mar 12, 2013 	153.58 	154.00 	154.00 	153.33 	1.46M 	0.10%
Mar 11, 2013 	153.42 	154.17 	154.17 	153.33 	552.76K 	-0.49%
Mar 08, 2013 	154.17 	153.92 	155.17 	153.83 	367.93K 	0.27%
Mar 07, 2013 	153.75 	153.33 	154.17 	152.50 	456.85K 	0.27%
Mar 06, 2013 	153.33 	154.08 	154.67 	153.17 	642.78K 	0.00%
Mar 05, 2013 	153.33 	154.92 	154.92 	153.33 	367.10K 	-0.65%
Mar 04, 2013 	154.33 	154.17 	154.58 	154.17 	519.24K 	0.10%
Mar 01, 2013 	154.17 	149.58 	154.17 	149.58 	801.71K 	4.70%
Feb 28, 2013 	147.25 	150.83 	151.75 	147.25 	1.57M 	-1.72%
Feb 27, 2013 	149.83 	149.33 	151.08 	149.33 	811.01K 	0.33%
Feb 26, 2013 	149.33 	148.25 	150.17 	148.17 	1.06M 	1.30%
Feb 25, 2013 	147.42 	144.83 	148.25 	144.83 	744.25K 	2.25%
Feb 22, 2013 	144.17 	143.67 	144.25 	143.58 	344.57K 	0.35%
Feb 21, 2013 	143.67 	144.00 	144.00 	143.17 	972.89K 	-0.23%
Feb 20, 2013 	144.00 	144.17 	144.58 	143.33 	1.32M 	-0.12%
Feb 19, 2013 	144.17 	144.58 	144.75 	143.75 	772.40K 	-0.28%
Feb 18, 2013 	144.58 	144.92 	145.25 	144.50 	1.72M 	-0.23%
Feb 15, 2013 	144.92 	143.33 	145.00 	143.33 	905.47K 	0.99%
Feb 14, 2013 	143.50 	145.42 	147.92 	143.33 	799.06K 	-1.60%
Feb 13, 2013 	145.83 	145.42 	146.08 	144.92 	541.76K 	0.57%
Feb 12, 2013 	145.00 	144.83 	145.00 	144.75 	418.82K 	0.12%
Feb 11, 2013 	144.83 	145.00 	145.33 	144.83 	344.17K 	-0.34%
Feb 08, 2013 	145.33 	145.58 	145.58 	145.17 	807.50K 	-0.12%
Feb 07, 2013 	145.50 	145.25 	145.83 	145.25 	547.31K 	0.17%
Feb 06, 2013 	145.25 	145.33 	145.33 	144.92 	786.26K 	-0.06%
Feb 05, 2013 	145.33 	146.67 	146.67 	143.33 	602.20K 	-0.91%
Feb 04, 2013 	146.67 	142.83 	147.33 	142.83 	1.58M 	2.69%
Feb 01, 2013 	142.83 	144.17 	144.75 	141.67 	1.18M 	-1.33%
Jan 31, 2013 	144.75 	146.25 	146.25 	144.17 	913.85K 	-0.91%
Jan 30, 2013 	146.08 	147.17 	147.17 	145.83 	912.68K 	-0.74%
Jan 29, 2013 	147.17 	147.17 	147.50 	146.25 	701.58K 	-0.11%
Jan 28, 2013 	147.33 	146.33 	148.33 	145.42 	921.61K 	0.68%
Jan 25, 2013 	146.33 	142.08 	146.75 	142.08 	763.00K 	2.99%
Jan 24, 2013 	142.08 	140.00 	144.17 	140.00 	1.13M 	1.61%
Jan 23, 2013 	139.83 	138.33 	140.00 	138.25 	1.45M 	1.33%
Jan 22, 2013 	138.00 	138.75 	138.92 	137.33 	1.10M 	-0.54%
Jan 21, 2013 	138.75 	138.50 	138.83 	137.92 	1.32M 	0.30%
Jan 18, 2013 	138.33 	137.50 	138.75 	137.50 	1.72M 	0.36%
Jan 17, 2013 	137.83 	137.08 	138.08 	137.08 	546.29K 	0.55%
Jan 16, 2013 	137.08 	137.17 	137.33 	136.17 	1.05M 	0.06%
Jan 15, 2013 	137.00 	136.67 	137.17 	136.67 	1.41M 	0.24%
Jan 14, 2013 	136.67 	135.33 	136.75 	135.33 	1.84M 	0.99%
Jan 11, 2013 	135.33 	134.17 	135.83 	134.17 	1.02M 	1.18%
Jan 10, 2013 	133.75 	134.25 	134.25 	133.33 	351.77K 	-0.37%
Jan 09, 2013 	134.25 	133.75 	134.42 	133.75 	719.86K 	0.25%
Jan 08, 2013 	133.92 	133.92 	134.58 	133.92 	666.91K 	0.00%
Jan 07, 2013 	133.92 	134.08 	134.25 	133.67 	1.05M 	-0.12%
Jan 04, 2013 	134.08 	134.67 	134.67 	133.33 	601.25K 	-0.56%
Jan 03, 2013 	134.83 	132.75 	135.42 	132.75 	578.81K 	1.19%
Jan 02, 2013 	133.25 	130.83 	133.33 	130.83 	385.01K 	2.50%
Dec 28, 2012 	130.00 	133.42 	133.42 	130.00 	1.71M 	-2.56%
Dec 27, 2012 	133.42 	133.83 	133.83 	133.33 	272.89K 	-0.25%
Dec 26, 2012 	133.75 	133.83 	133.92 	133.50 	171.22K 	0.00%
Dec 21, 2012 	133.75 	134.67 	134.92 	133.58 	575.40K 	-0.62%
Dec 20, 2012 	134.58 	135.17 	135.17 	134.58 	218.26K 	-0.44%
Dec 19, 2012 	135.17 	135.00 	135.50 	135.00 	417.61K 	0.13%
Dec 18, 2012 	135.00 	135.42 	135.42 	134.83 	670.30K 	0.00%
Dec 17, 2012 	135.00 	134.25 	135.00 	134.25 	410.35K 	0.62%
Dec 14, 2012 	134.17 	135.00 	135.08 	133.33 	852.34K 	-0.80%
Dec 13, 2012 	135.25 	136.25 	136.25 	134.83 	315.29K 	-0.73%
Dec 12, 2012 	136.25 	136.17 	136.42 	135.67 	554.62K 	0.12%
Dec 11, 2012 	136.08 	135.00 	136.83 	135.00 	821.96K 	-0.55%
Dec 10, 2012 	136.83 	137.67 	137.75 	135.83 	671.32K 	-0.61%
Dec 07, 2012 	137.67 	137.42 	137.75 	137.33 	484.86K 	1.10%
Dec 06, 2012 	136.17 	135.42 	136.67 	135.42 	1.03M 	0.55%
Dec 05, 2012 	135.42 	135.00 	135.42 	135.00 	490.72K 	-1.33%
Dec 04, 2012 	137.25 	137.50 	138.17 	137.08 	892.58K 	-0.18%
Dec 03, 2012 	137.50 	136.58 	137.75 	136.58 	472.04K 	0.67%
Nov 29, 2012 	136.58 	137.08 	137.50 	136.58 	1.03M 	-0.07%
Nov 28, 2012 	136.67 	136.25 	136.67 	136.17 	475.49K 	0.25%
Nov 27, 2012 	136.33 	135.00 	136.58 	134.00 	650.08K 	0.99%
Nov 26, 2012 	135.00 	134.00 	135.00 	134.00 	1.30M 	0.75%
Nov 23, 2012 	134.00 	137.50 	137.50 	134.00 	182.05K 	-1.95%
Nov 22, 2012 	136.67 	137.25 	137.50 	136.17 	941.15K 	0.00%
Nov 21, 2012 	136.67 	134.17 	140.00 	134.17 	1.48M 	1.86%
Nov 20, 2012 	134.17 	131.00 	135.42 	131.00 	1.23M 	2.55%
Nov 19, 2012 	130.83 	129.17 	131.67 	129.17 	606.35K 	1.22%
Nov 16, 2012 	129.25 	128.33 	130.00 	127.92 	2.20M 	1.04%
Nov 15, 2012 	127.92 	135.00 	135.00 	126.17 	2.87M 	-5.19%
Nov 14, 2012 	134.92 	135.00 	135.08 	134.75 	651.36K 	-0.06%
Nov 13, 2012 	135.00 	135.33 	135.33 	134.83 	507.78K 	0.13%
Nov 12, 2012 	134.83 	133.75 	135.08 	133.75 	547.24K 	-0.74%
Nov 09, 2012 	135.83 	134.92 	135.83 	134.92 	808.75K 	0.74%
Nov 08, 2012 	134.83 	138.67 	138.67 	134.83 	773.47K 	-2.53%
Nov 07, 2012 	138.33 	138.33 	139.17 	138.33 	670.32K 	0.00%
Nov 06, 2012 	138.33 	137.83 	140.00 	136.83 	1.34M 	0.36%
Nov 05, 2012 	137.83 	134.92 	138.33 	134.92 	732.36K 	2.16%
Oct 31, 2012 	134.92 	134.17 	135.25 	134.17 	217.33K 	0.56%
Oct 30, 2012 	134.17 	134.83 	134.83 	133.33 	552.61K 	-0.56%
Oct 29, 2012 	134.92 	136.17 	136.25 	134.92 	669.26K 	-0.92%
Oct 25, 2012 	136.17 	138.33 	138.33 	135.83 	259.56K 	-0.06%
Oct 24, 2012 	136.25 	139.17 	139.33 	135.00 	975.50K 	-1.86%
Oct 23, 2012 	138.83 	137.50 	139.08 	137.50 	338.90K 	0.42%
Oct 22, 2012 	138.25 	139.17 	139.17 	138.00 	395.99K 	-0.60%
Oct 19, 2012 	139.08 	139.17 	139.42 	138.92 	613.22K 	0.00%
Oct 18, 2012 	139.08 	139.17 	139.17 	138.33 	852.85K 	0.12%
Oct 17, 2012 	138.92 	139.17 	139.25 	138.33 	828.90K 	1.34%
Oct 16, 2012 	137.08 	135.83 	139.25 	135.83 	771.77K 	2.11%
Oct 15, 2012 	134.25 	135.00 	135.00 	133.33 	575.60K 	-0.80%
Oct 12, 2012 	135.33 	135.00 	136.25 	135.00 	458.96K 	-0.98%
Oct 11, 2012 	136.67 	134.17 	136.75 	134.17 	425.90K 	0.00%
Oct 10, 2012 	136.67 	133.33 	136.92 	133.25 	1.31M 	2.51%
Oct 09, 2012 	133.33 	135.75 	135.75 	132.75 	1.49M 	-1.78%
Oct 08, 2012 	135.75 	136.67 	136.67 	135.17 	626.17K 	-0.73%
Oct 05, 2012 	136.75 	138.00 	138.00 	135.75 	929.63K 	-0.91%
Oct 04, 2012 	138.00 	140.00 	140.00 	136.67 	688.51K 	-1.95%
Oct 03, 2012 	140.75 	138.67 	140.92 	138.67 	1.64M 	1.50%
Oct 02, 2012 	138.67 	135.33 	139.17 	135.33 	1.02M 	-0.18%
Oct 01, 2012 	138.92 	136.67 	139.67 	136.67 	1.37M 	1.65%
Sep 28, 2012 	136.67 	137.42 	137.42 	135.08 	1.18M 	1.18%
Sep 27, 2012 	135.08 	135.42 	135.42 	135.00 	715.01K 	-0.25%
Sep 26, 2012 	135.42 	133.58 	136.67 	133.58 	1.12M 	1.63%
Sep 25, 2012 	133.25 	133.83 	133.83 	133.25 	458.81K 	-0.06%
Sep 24, 2012 	133.33 	131.83 	133.75 	131.83 	1.92M 	1.07%
Sep 21, 2012 	131.92 	132.08 	132.08 	131.08 	944.53K 	-0.06%
Sep 20, 2012 	132.00 	132.08 	132.17 	131.92 	801.90K 	-0.06%
Sep 19, 2012 	132.08 	132.75 	132.83 	132.08 	432.77K 	-0.63%
Sep 18, 2012 	132.92 	135.00 	135.00 	132.50 	1.10M 	-1.96%
Sep 17, 2012 	135.58 	137.08 	137.58 	135.17 	451.07K 	-0.55%
Sep 14, 2012 	136.33 	133.25 	137.00 	133.25 	1.31M 	2.37%
Sep 13, 2012 	133.17 	132.92 	133.58 	132.92 	577.03K 	0.19%
Sep 12, 2012 	132.92 	133.33 	133.33 	131.67 	269.52K 	0.95%
Sep 11, 2012 	131.67 	132.33 	132.50 	131.67 	917.89K 	-0.50%
Sep 10, 2012 	132.33 	128.33 	133.33 	128.33 	1.75M 	3.12%
Sep 07, 2012 	128.33 	126.25 	128.33 	126.25 	1.48M 	2.66%
Sep 06, 2012 	125.00 	125.42 	125.50 	125.00 	296.88K 	-0.33%
Sep 05, 2012 	125.42 	125.25 	125.58 	124.83 	691.08K 	0.14%
Sep 04, 2012 	125.25 	125.00 	125.58 	125.00 	1.27M 	0.20%
Sep 03, 2012 	125.00 	121.75 	126.42 	121.75 	942.72K 	3.45%
Aug 31, 2012 	120.83 	124.58 	125.83 	120.83 	1.86M 	-3.01%
Aug 30, 2012 	124.58 	123.17 	125.00 	123.17 	1.55M 	1.35%
Aug 29, 2012 	122.92 	120.92 	123.33 	120.92 	572.81K 	1.65%
Aug 28, 2012 	120.92 	121.58 	123.83 	120.00 	533.52K 	-0.62%
Aug 24, 2012 	121.67 	121.67 	124.17 	120.83 	669.97K 	-0.34%
Aug 23, 2012 	122.08 	121.67 	122.17 	121.67 	910.31K 	0.41%
Aug 22, 2012 	121.58 	123.75 	124.17 	120.83 	447.67K 	-1.75%
Aug 17, 2012 	123.75 	124.92 	125.00 	123.75 	817.79K 	-0.94%
Aug 16, 2012 	124.92 	125.83 	125.83 	124.17 	444.70K 	-0.72%
Aug 15, 2012 	125.83 	124.58 	129.00 	124.58 	923.64K 	2.03%
Aug 14, 2012 	123.33 	122.75 	123.50 	122.75 	829.91K 	0.68%
Aug 13, 2012 	122.50 	121.67 	122.83 	121.67 	602.90K 	0.68%
Aug 10, 2012 	121.67 	119.17 	122.50 	119.17 	1.52M 	2.10%
Aug 09, 2012 	119.17 	124.33 	124.58 	119.17 	423.16K 	-4.15%
Aug 08, 2012 	124.33 	123.33 	124.58 	123.33 	920.11K 	0.81%
Aug 06, 2012 	123.33 	125.75 	125.83 	122.50 	716.95K 	-1.34%
Aug 03, 2012 	125.00 	122.58 	129.17 	122.58 	1.24M 	0.14%
Aug 02, 2012 	124.83 	119.58 	124.83 	119.42 	2.36M 	4.53%
Aug 01, 2012 	119.42 	119.17 	119.67 	119.08 	1.52M 	1.27%
Jul 31, 2012 	117.92 	114.67 	119.83 	114.67 	1.52M 	3.06%
Jul 30, 2012 	114.42 	115.42 	115.42 	113.75 	949.07K 	0.96%
Jul 27, 2012 	113.33 	114.17 	115.83 	113.33 	826.96K 	-0.52%
Jul 26, 2012 	113.92 	115.00 	115.00 	113.75 	593.52K 	-0.22%
Jul 25, 2012 	114.17 	113.50 	114.17 	112.50 	320.47K 	0.59%
Jul 24, 2012 	113.50 	113.33 	113.58 	112.50 	873.05K 	-1.30%
Jul 23, 2012 	115.00 	114.25 	115.17 	114.25 	432.56K 	-1.43%
Jul 20, 2012 	116.67 	115.83 	116.67 	115.83 	539.64K 	0.73%
Jul 19, 2012 	115.83 	116.67 	117.50 	115.83 	1.41M 	-1.42%
Jul 18, 2012 	117.50 	116.67 	119.17 	116.50 	1.08M 	0.79%
Jul 17, 2012 	116.58 	115.83 	116.75 	115.83 	2.44M 	-0.08%
Jul 16, 2012 	116.67 	115.83 	117.50 	115.83 	1.16M 	1.45%
Jul 13, 2012 	115.00 	114.17 	116.58 	114.17 	957.10K 	0.73%
Jul 12, 2012 	114.17 	116.58 	117.17 	114.17 	266.92K 	-2.07%
Jul 11, 2012 	116.58 	116.67 	116.67 	116.33 	600.94K 	-0.21%
Jul 10, 2012 	116.83 	117.50 	117.50 	116.67 	1.04M 	0.00%
Jul 09, 2012 	116.83 	118.75 	118.75 	116.67 	97.38K 	-1.96%
Jul 06, 2012 	119.17 	120.08 	120.08 	119.17 	1.04M 	-0.83%
Jul 05, 2012 	120.17 	119.42 	120.25 	119.42 	920.51K 	0.77%
Jul 04, 2012 	119.25 	119.17 	119.92 	119.17 	1.39M 	0.07%
Jul 03, 2012 	119.17 	116.67 	119.17 	116.67 	1.03M 	2.66%
Jul 02, 2012 	116.08 	118.75 	121.25 	115.83 	574.55K 	-2.18%
Jun 29, 2012 	118.67 	116.50 	118.67 	116.50 	908.68K 	0.64%
Jun 28, 2012 	117.92 	115.42 	117.92 	115.00 	771.38K 	3.28%
Jun 27, 2012 	114.17 	113.33 	114.25 	113.33 	524.18K 	0.66%
Jun 26, 2012 	113.42 	115.33 	115.33 	113.17 	999.40K 	-1.73%
Jun 25, 2012 	115.42 	115.83 	115.83 	115.17 	380.54K 	-0.22%
Jun 22, 2012 	115.67 	115.83 	116.42 	115.17 	582.48K 	-0.50%
Jun 21, 2012 	116.25 	117.50 	117.50 	115.67 	719.64K 	-1.13%
Jun 20, 2012 	117.58 	114.75 	119.17 	114.75 	946.87K 	2.39%
Jun 19, 2012 	114.83 	116.25 	116.25 	114.67 	620.89K 	-1.22%
Jun 18, 2012 	116.25 	114.17 	116.25 	114.17 	407.02K 	2.58%
Jun 15, 2012 	113.33 	117.50 	118.25 	113.33 	280.01K 	-2.09%
Jun 14, 2012 	115.75 	115.83 	115.83 	115.75 	724.20K 	-2.18%
Jun 13, 2012 	118.33 	110.83 	118.42 	110.83 	1.94M 	6.77%
Jun 11, 2012 	110.83 	108.25 	110.92 	108.25 	874.48K 	2.38%
Jun 08, 2012 	108.25 	108.75 	108.75 	107.75 	388.27K 	-0.39%
Jun 07, 2012 	108.67 	106.67 	109.50 	106.67 	493.24K 	2.28%
Jun 06, 2012 	106.25 	106.67 	108.33 	105.92 	133.81K 	-2.00%
Jun 05, 2012 	108.42 	108.08 	109.17 	108.00 	187.55K 	0.16%
Jun 04, 2012 	108.25 	109.17 	109.17 	107.58 	424.30K 	-3.06%
Jun 01, 2012 	111.67 	110.42 	111.67 	110.42 	360.88K 	2.29%
May 31, 2012 	109.17 	109.17 	115.83 	108.33 	756.85K 	-1.28%
May 30, 2012 	110.58 	115.00 	115.00 	109.58 	424.22K 	-3.14%
May 29, 2012 	114.17 	112.50 	114.17 	112.33 	600.18K 	1.86%
May 28, 2012 	112.08 	108.33 	116.25 	106.33 	2.80M 	5.32%
May 25, 2012 	106.42 	106.67 	106.83 	104.25 	522.32K 	2.08%
May 24, 2012 	104.25 	108.42 	108.42 	103.33 	330.59K 	-3.85%
May 23, 2012 	108.42 	109.17 	109.17 	107.92 	577.25K 	-0.69%
May 22, 2012 	109.17 	108.33 	110.83 	108.33 	823.80K 	2.75%
May 21, 2012 	106.25 	104.58 	106.42 	104.17 	822.05K 	1.60%
May 18, 2012 	104.58 	108.08 	108.08 	104.17 	501.06K 	-4.93%
May 17, 2012 	110.00 	103.33 	112.50 	103.33 	2.43M 	9.91%
May 16, 2012 	100.08 	106.67 	106.67 	100.08 	2.07M 	-4.00%
May 15, 2012 	104.25 	109.17 	109.17 	100.42 	3.46M 	-6.08%
May 14, 2012 	111.00 	118.33 	118.33 	108.33 	1.54M 	-6.66%
May 11, 2012 	118.92 	119.17 	120.00 	118.50 	1.95M 	-0.55%
May 10, 2012 	119.58 	120.83 	121.00 	119.17 	1.30M 	-1.03%
May 09, 2012 	120.83 	123.25 	123.25 	120.75 	277.78K 	-2.30%
May 08, 2012 	123.67 	121.00 	124.00 	121.00 	1.14M 	-0.80%
May 07, 2012 	124.67 	128.17 	128.17 	124.17 	1.09M 	-2.85%
May 04, 2012 	128.33 	128.50 	129.33 	125.08 	1.81M 	-0.65%
May 03, 2012 	129.17 	122.75 	129.17 	122.75 	2.91M 	4.03%
May 02, 2012 	124.17 	119.25 	126.67 	119.17 	2.57M 	4.20%
Apr 30, 2012 	119.17 	119.17 	119.50 	119.08 	1.08M 	0.00%
Apr 27, 2012 	119.17 	120.83 	120.83 	118.67 	1.85M 	-1.37%
Apr 26, 2012 	120.83 	119.25 	121.67 	119.17 	1.67M 	1.32%
Apr 25, 2012 	119.25 	120.83 	121.67 	119.25 	297.91K 	-0.62%
Apr 24, 2012 	120.00 	120.92 	120.92 	118.33 	720.94K 	1.41%
Apr 23, 2012 	118.33 	121.67 	122.08 	118.33 	657.78K 	-2.81%
Apr 20, 2012 	121.75 	121.58 	121.92 	121.58 	1.57M 	0.14%
Apr 19, 2012 	121.58 	120.42 	123.25 	120.00 	1.38M 	0.90%
Apr 18, 2012 	120.50 	117.67 	120.83 	117.67 	1.65M 	2.48%
Apr 17, 2012 	117.58 	117.83 	118.33 	116.67 	2.17M 	-0.21%
Apr 16, 2012 	117.83 	116.42 	118.33 	115.83 	865.18K 	1.21%
Apr 13, 2012 	116.42 	115.83 	116.67 	115.83 	1.59M 	0.51%
Apr 12, 2012 	115.83 	115.83 	116.00 	115.50 	917.58K 	0.29%
Apr 11, 2012 	115.50 	114.67 	115.75 	114.67 	578.44K 	-0.28%
Apr 10, 2012 	115.83 	116.75 	116.75 	114.42 	927.60K 	-0.79%
Apr 04, 2012 	116.75 	118.33 	118.50 	116.75 	585.35K 	-1.34%
Apr 03, 2012 	118.33 	115.00 	118.42 	114.67 	883.21K 	2.97%
Apr 02, 2012 	114.92 	119.17 	119.17 	114.92 	906.07K 	-3.57%
Mar 30, 2012 	119.17 	120.00 	120.83 	116.67 	1.48M 	-0.63%
Mar 29, 2012 	119.92 	119.58 	119.92 	119.58 	259.80K 	0.28%
Mar 28, 2012 	119.58 	117.25 	120.83 	117.25 	1.17M 	2.06%
Mar 27, 2012 	117.17 	117.92 	122.92 	117.08 	764.90K 	-0.28%
Mar 26, 2012 	117.50 	122.50 	123.25 	115.00 	1.48M 	-4.73%
Mar 23, 2012 	123.33 	123.33 	126.25 	122.92 	2.46M 	0.00%
Mar 22, 2012 	123.33 	122.50 	123.75 	121.67 	1.37M 	-0.34%
Mar 21, 2012 	123.75 	124.33 	124.58 	123.75 	949.42K 	-0.47%
Mar 20, 2012 	124.33 	122.92 	125.83 	122.92 	2.09M 	1.49%
Mar 19, 2012 	122.50 	121.25 	122.50 	121.25 	1.18M 	0.34%
Mar 16, 2012 	122.08 	119.58 	122.50 	119.58 	2.43M 	2.37%
Mar 15, 2012 	119.25 	119.17 	119.33 	119.00 	2.30M 	0.21%
Mar 14, 2012 	119.00 	116.67 	120.00 	116.67 	1.75M 	2.08%
Mar 13, 2012 	116.58 	114.17 	117.50 	114.17 	2.30M 	2.11%