Feb 07, 2018 	35.950 	36.400 	36.650 	35.550 	11.01M 	0.42%
Feb 06, 2018 	35.800 	35.050 	35.800 	34.300 	15.99M 	1.56%
Feb 05, 2018 	35.250 	36.000 	36.000 	35.250 	17.07M 	-4.60%
Feb 02, 2018 	36.950 	36.700 	37.100 	36.050 	13.41M 	1.23%
Feb 01, 2018 	36.500 	36.950 	37.500 	36.500 	15.96M 	-1.08%
Jan 31, 2018 	36.900 	37.700 	37.700 	36.900 	14.51M 	-2.51%
Jan 30, 2018 	37.850 	38.500 	38.650 	37.500 	23.47M 	-3.20%
Jan 29, 2018 	39.100 	38.700 	39.100 	38.150 	6.55M 	1.30%
Jan 26, 2018 	38.600 	38.550 	39.150 	38.150 	10.44M 	0.26%
Jan 25, 2018 	38.500 	38.900 	39.150 	38.400 	10.43M 	-1.03%
Jan 24, 2018 	38.900 	39.600 	39.600 	38.600 	6.59M 	-1.52%
Jan 23, 2018 	39.500 	39.600 	39.650 	39.300 	5.82M 	0.00%
Jan 22, 2018 	39.500 	39.000 	39.600 	39.000 	10.02M 	1.28%
Jan 19, 2018 	39.000 	39.400 	39.400 	38.400 	9.33M 	-0.51%
Jan 18, 2018 	39.200 	39.500 	39.500 	38.900 	7.02M 	-0.63%
Jan 17, 2018 	39.450 	39.400 	39.600 	39.100 	5.40M 	0.38%
Jan 16, 2018 	39.300 	39.400 	39.650 	39.300 	7.64M 	-0.13%
Jan 15, 2018 	39.350 	39.000 	39.600 	38.900 	5.62M 	1.16%
Jan 12, 2018 	38.900 	38.500 	38.900 	38.500 	6.45M 	1.04%
Jan 11, 2018 	38.500 	39.150 	39.200 	38.000 	6.20M 	-1.53%
Jan 10, 2018 	39.100 	39.650 	39.650 	39.100 	3.46M 	-1.51%
Jan 09, 2018 	39.700 	38.400 	39.700 	38.150 	7.90M 	3.39%
Jan 08, 2018 	38.400 	39.500 	39.650 	37.800 	11.20M 	-2.41%
Jan 05, 2018 	39.350 	39.300 	39.700 	38.950 	11.43M 	-0.38%
Jan 04, 2018 	39.500 	38.750 	39.500 	38.000 	20.34M 	1.94%
Jan 03, 2018 	38.750 	37.550 	38.850 	37.500 	9.98M 	3.33%
Dec 29, 2017 	37.500 	37.600 	38.150 	37.300 	11.28M 	0.40%
Dec 28, 2017 	37.350 	36.800 	37.700 	36.800 	7.31M 	-0.27%
Dec 27, 2017 	37.450 	37.250 	37.450 	37.050 	3.49M 	1.22%
Dec 22, 2017 	37.000 	36.900 	37.000 	36.800 	2.03M 	0.27%
Dec 21, 2017 	36.900 	36.700 	37.150 	36.600 	2.24M 	0.54%
Dec 20, 2017 	36.700 	36.700 	36.950 	36.500 	1.93M 	0.00%
Dec 19, 2017 	36.700 	36.900 	37.100 	36.700 	5.42M 	0.00%
Dec 18, 2017 	36.700 	36.350 	37.100 	36.350 	10.42M 	1.94%
Dec 15, 2017 	36.000 	37.750 	37.750 	36.000 	22.98M 	-4.76%
Dec 14, 2017 	37.800 	36.600 	37.800 	36.600 	9.26M 	3.56%
Dec 13, 2017 	36.500 	36.850 	37.000 	36.300 	6.76M 	-0.95%
Dec 12, 2017 	36.850 	36.850 	37.000 	36.250 	12.99M 	0.14%
Dec 11, 2017 	36.800 	36.550 	37.000 	36.500 	9.45M 	0.82%
Dec 08, 2017 	36.500 	35.900 	36.750 	35.900 	9.99M 	1.81%
Dec 07, 2017 	35.850 	35.600 	36.300 	35.600 	7.13M 	0.70%
Dec 06, 2017 	35.600 	36.500 	36.500 	35.600 	12.52M 	-2.47%
Dec 05, 2017 	36.500 	35.750 	36.750 	35.700 	32.44M 	2.10%
Dec 04, 2017 	35.750 	35.150 	35.850 	35.100 	14.57M 	-0.14%
Dec 01, 2017 	35.800 	35.800 	36.300 	35.450 	11.94M 	-1.38%
Nov 29, 2017 	36.300 	36.000 	36.650 	35.550 	17.73M 	0.00%
Nov 28, 2017 	36.300 	36.800 	36.800 	36.000 	5.32M 	-1.36%
Nov 27, 2017 	36.800 	36.000 	36.800 	35.600 	6.78M 	2.22%
Nov 24, 2017 	36.000 	36.000 	36.200 	35.650 	6.87M 	0.14%
Nov 23, 2017 	35.950 	35.700 	35.950 	35.550 	2.03M 	0.98%
Nov 22, 2017 	35.600 	35.400 	36.300 	35.400 	8.81M 	0.56%
Nov 21, 2017 	35.400 	35.700 	36.000 	35.100 	9.46M 	-0.70%
Nov 20, 2017 	35.650 	35.950 	36.000 	35.550 	5.63M 	-0.28%
Nov 17, 2017 	35.750 	36.000 	36.600 	35.750 	6.08M 	0.70%
Nov 16, 2017 	35.500 	35.500 	36.400 	35.500 	7.33M 	0.00%
Nov 15, 2017 	35.500 	36.000 	36.000 	35.500 	7.09M 	-1.39%
Nov 14, 2017 	36.000 	36.100 	36.150 	35.750 	7.81M 	0.00%
Nov 13, 2017 	36.000 	37.000 	37.400 	35.900 	4.50M 	-1.64%
Nov 10, 2017 	36.600 	38.050 	38.150 	36.600 	9.98M 	-3.56%
Nov 09, 2017 	37.950 	37.500 	38.250 	37.400 	6.55M 	1.20%
Nov 08, 2017 	37.500 	37.150 	37.650 	36.900 	4.86M 	0.94%
Nov 07, 2017 	37.150 	37.100 	37.650 	36.500 	3.92M 	0.27%
Nov 06, 2017 	37.050 	36.900 	37.400 	36.800 	8.54M 	-0.94%
Nov 03, 2017 	37.400 	37.950 	38.000 	36.950 	7.49M 	-0.40%
Nov 02, 2017 	37.550 	36.700 	37.900 	36.300 	10.46M 	1.49%
Oct 30, 2017 	37.000 	36.050 	37.000 	35.850 	6.72M 	3.64%
Oct 27, 2017 	35.700 	35.750 	35.800 	35.550 	2.62M 	-0.14%
Oct 26, 2017 	35.750 	36.100 	36.400 	35.600 	3.81M 	-0.97%
Oct 25, 2017 	36.100 	36.100 	36.150 	35.400 	6.71M 	0.70%
Oct 24, 2017 	35.850 	36.150 	36.400 	35.850 	7.10M 	-0.83%
Oct 23, 2017 	36.150 	36.500 	36.550 	36.150 	6.77M 	-0.96%
Oct 20, 2017 	36.500 	36.300 	36.600 	36.100 	8.69M 	-0.82%
Oct 19, 2017 	36.800 	37.000 	37.050 	36.250 	17.20M 	-0.54%
Oct 18, 2017 	37.000 	37.400 	37.850 	35.800 	13.07M 	-0.80%
Oct 17, 2017 	37.300 	36.800 	38.000 	36.400 	16.27M 	2.19%
Oct 13, 2017 	36.500 	35.950 	36.750 	35.600 	20.75M 	1.53%
Oct 12, 2017 	35.950 	34.900 	35.950 	34.750 	12.01M 	3.01%
Oct 11, 2017 	34.900 	34.700 	35.000 	34.600 	7.67M 	0.58%
Oct 10, 2017 	34.700 	34.850 	34.900 	34.650 	3.73M 	-0.43%
Oct 09, 2017 	34.850 	34.900 	35.000 	34.550 	5.45M 	0.58%
Oct 06, 2017 	34.650 	34.950 	35.400 	34.650 	8.91M 	-0.72%
Oct 05, 2017 	34.900 	35.000 	35.000 	34.800 	6.64M 	-0.14%
Oct 04, 2017 	34.950 	35.000 	35.000 	34.850 	6.65M 	-0.14%
Oct 03, 2017 	35.000 	35.000 	35.050 	34.850 	7.73M 	0.00%
Oct 02, 2017 	35.000 	34.900 	35.400 	34.750 	10.56M 	1.60%
Sep 29, 2017 	34.450 	34.800 	35.000 	34.450 	14.42M 	-1.01%
Sep 28, 2017 	34.800 	35.000 	35.000 	34.600 	11.66M 	-0.57%
Sep 27, 2017 	35.000 	34.600 	35.000 	34.550 	10.36M 	1.16%
Sep 26, 2017 	34.600 	34.800 	34.800 	34.050 	9.77M 	-0.57%
Sep 25, 2017 	34.800 	34.850 	35.000 	34.700 	6.04M 	-0.14%
Sep 22, 2017 	34.850 	34.850 	35.050 	34.800 	6.10M 	0.14%
Sep 21, 2017 	34.800 	34.850 	35.000 	34.700 	8.29M 	-0.14%
Sep 20, 2017 	34.850 	34.900 	34.950 	34.500 	4.42M 	1.01%
Sep 19, 2017 	34.500 	35.050 	35.150 	34.200 	11.46M 	-1.43%
Sep 18, 2017 	35.000 	34.800 	35.050 	34.200 	15.26M 	0.57%
Sep 15, 2017 	34.800 	34.100 	34.800 	33.900 	20.40M 	0.87%
Sep 14, 2017 	34.500 	33.900 	34.650 	33.550 	12.10M 	2.99%
Sep 13, 2017 	33.500 	34.000 	34.200 	33.050 	11.44M 	-0.89%
Sep 11, 2017 	33.800 	33.500 	33.900 	33.300 	4.20M 	0.90%
Sep 08, 2017 	33.500 	33.600 	33.600 	33.300 	6.17M 	-0.30%
Sep 07, 2017 	33.600 	33.500 	33.650 	33.200 	6.28M 	0.60%
Sep 06, 2017 	33.400 	33.950 	33.950 	33.150 	8.89M 	-1.76%
Sep 05, 2017 	34.000 	33.900 	34.000 	33.800 	7.98M 	0.29%
Sep 04, 2017 	33.900 	33.750 	34.000 	33.400 	8.03M 	1.50%
Aug 31, 2017 	33.400 	33.750 	33.900 	33.200 	8.54M 	-0.60%
Aug 30, 2017 	33.600 	34.000 	34.000 	33.250 	18.11M 	-0.59%
Aug 29, 2017 	33.800 	34.200 	34.300 	33.700 	15.84M 	-0.59%
Aug 25, 2017 	34.000 	34.500 	34.700 	34.000 	3.78M 	0.00%
Aug 24, 2017 	34.000 	34.750 	34.750 	34.000 	4.80M 	-1.59%
Aug 23, 2017 	34.550 	34.150 	34.750 	34.100 	7.19M 	1.32%
Aug 22, 2017 	34.100 	34.050 	34.350 	34.000 	9.26M 	-1.02%
Aug 18, 2017 	34.450 	34.900 	34.900 	34.400 	2.81M 	-1.01%
Aug 17, 2017 	34.800 	35.000 	35.000 	34.550 	4.72M 	0.29%
Aug 16, 2017 	34.700 	34.550 	34.950 	34.400 	5.33M 	0.58%
Aug 15, 2017 	34.500 	34.750 	34.750 	34.200 	4.06M 	0.29%
Aug 14, 2017 	34.400 	33.850 	34.550 	33.850 	2.75M 	1.62%
Aug 11, 2017 	33.850 	34.400 	34.400 	33.850 	3.68M 	-2.17%
Aug 10, 2017 	34.600 	34.500 	34.800 	34.250 	5.91M 	1.17%
Aug 09, 2017 	34.200 	34.000 	34.250 	33.800 	3.81M 	1.18%
Aug 08, 2017 	33.800 	34.200 	34.900 	33.800 	7.46M 	-0.59%
Aug 07, 2017 	34.000 	34.400 	34.400 	33.700 	4.15M 	0.00%
Aug 04, 2017 	34.000 	33.650 	34.650 	33.650 	6.68M 	1.19%
Aug 03, 2017 	33.600 	33.900 	34.250 	33.400 	8.11M 	-0.74%
Aug 02, 2017 	33.850 	33.850 	34.500 	33.750 	6.62M 	0.00%
Aug 01, 2017 	33.850 	34.900 	34.900 	33.850 	6.38M 	-3.01%
Jul 31, 2017 	34.900 	34.950 	35.000 	34.450 	9.47M 	-0.29%
Jul 28, 2017 	35.000 	34.950 	35.000 	34.650 	7.55M 	1.01%
Jul 27, 2017 	34.650 	35.100 	35.100 	34.650 	10.53M 	-0.29%
Jul 26, 2017 	34.750 	34.350 	35.100 	34.350 	10.65M 	1.76%
Jul 25, 2017 	34.150 	34.300 	34.400 	34.000 	3.84M 	0.44%
Jul 24, 2017 	34.000 	34.700 	34.700 	33.900 	8.98M 	-2.30%
Jul 21, 2017 	34.800 	33.700 	34.800 	33.300 	5.18M 	3.73%
Jul 20, 2017 	33.550 	34.600 	34.700 	33.550 	7.12M 	-2.75%
Jul 19, 2017 	34.500 	34.150 	34.650 	34.100 	6.59M 	1.62%
Jul 18, 2017 	33.950 	33.500 	34.350 	33.500 	6.92M 	1.65%
Jul 17, 2017 	33.400 	32.900 	33.600 	32.900 	4.94M 	1.21%
Jul 14, 2017 	33.000 	33.600 	33.700 	32.900 	12.35M 	-1.79%
Jul 13, 2017 	33.600 	33.650 	34.000 	33.300 	8.49M 	-0.15%
Jul 12, 2017 	33.650 	33.200 	33.750 	33.200 	5.60M 	1.82%
Jul 11, 2017 	33.050 	33.000 	33.150 	32.900 	6.53M 	0.30%
Jul 10, 2017 	32.950 	33.300 	33.300 	32.900 	2.34M 	-1.05%
Jul 07, 2017 	33.300 	33.300 	33.500 	33.250 	1.40M 	0.15%
Jul 06, 2017 	33.250 	33.050 	33.350 	33.000 	6.31M 	0.61%
Jul 05, 2017 	33.050 	32.950 	33.300 	32.950 	4.91M 	0.30%
Jul 04, 2017 	32.950 	33.200 	33.200 	32.900 	4.66M 	-0.75%
Jul 03, 2017 	33.200 	33.000 	33.450 	32.700 	6.61M 	0.61%
Jun 30, 2017 	33.000 	32.700 	33.000 	32.150 	10.71M 	0.76%
Jun 29, 2017 	32.750 	33.500 	33.800 	32.700 	5.93M 	-1.95%
Jun 28, 2017 	33.400 	33.700 	34.000 	33.400 	5.91M 	-0.89%
Jun 27, 2017 	33.700 	33.450 	33.800 	33.300 	5.82M 	1.51%
Jun 23, 2017 	33.200 	34.200 	34.250 	32.950 	11.52M 	-2.50%
Jun 22, 2017 	34.050 	34.350 	34.350 	33.900 	15.72M 	-0.87%
Jun 21, 2017 	34.350 	34.600 	34.600 	34.200 	11.40M 	-0.72%
Jun 20, 2017 	34.600 	34.450 	34.650 	34.050 	9.06M 	0.44%
Jun 19, 2017 	34.450 	34.050 	34.550 	34.050 	7.19M 	0.58%
Jun 16, 2017 	34.250 	34.300 	34.500 	33.900 	23.29M 	-0.15%
Jun 15, 2017 	34.300 	34.500 	35.000 	34.100 	7.48M 	-0.58%
Jun 14, 2017 	34.500 	34.000 	34.550 	33.300 	10.55M 	0.88%
Jun 13, 2017 	34.200 	34.550 	34.850 	33.900 	10.94M 	-2.29%
Jun 09, 2017 	35.000 	34.400 	35.100 	34.400 	9.07M 	1.30%
Jun 08, 2017 	34.550 	34.600 	35.200 	34.400 	12.03M 	0.29%
Jun 07, 2017 	34.450 	34.300 	34.700 	34.100 	8.44M 	0.58%
Jun 06, 2017 	34.250 	34.700 	34.850 	34.000 	6.36M 	-1.01%
Jun 05, 2017 	34.600 	34.000 	35.100 	33.750 	9.60M 	2.52%
Jun 02, 2017 	33.750 	33.600 	34.500 	33.600 	13.03M 	0.00%
Jun 01, 2017 	33.750 	33.500 	34.350 	33.150 	14.47M 	0.15%
May 31, 2017 	33.700 	33.700 	33.850 	33.500 	26.97M 	0.60%
May 30, 2017 	33.500 	33.600 	33.950 	33.350 	12.97M 	0.00%
May 29, 2017 	33.500 	32.800 	33.850 	32.800 	9.00M 	2.13%
May 26, 2017 	32.800 	32.800 	33.000 	32.650 	4.95M 	0.00%
May 25, 2017 	32.800 	32.800 	33.200 	32.700 	5.87M 	0.00%
May 24, 2017 	32.800 	32.750 	33.000 	32.500 	4.56M 	0.00%
May 23, 2017 	32.800 	32.800 	33.450 	32.700 	9.44M 	0.00%
May 22, 2017 	32.800 	32.550 	33.000 	32.550 	7.39M 	0.92%
May 19, 2017 	32.500 	32.450 	32.650 	32.150 	8.35M 	0.00%
May 18, 2017 	32.500 	32.700 	32.800 	32.000 	11.35M 	-0.91%
May 17, 2017 	32.800 	32.600 	32.850 	32.450 	8.23M 	0.61%
May 16, 2017 	32.600 	32.200 	32.850 	32.150 	10.25M 	1.87%
May 15, 2017 	32.000 	31.950 	32.850 	31.900 	11.48M 	0.31%
May 12, 2017 	31.900 	32.000 	32.050 	31.600 	11.85M 	-0.78%
May 11, 2017 	32.150 	32.000 	32.400 	31.750 	11.88M 	0.47%
May 10, 2017 	32.000 	32.450 	32.900 	31.850 	12.12M 	-1.54%
May 09, 2017 	32.500 	32.900 	33.000 	32.350 	13.88M 	-1.22%
May 08, 2017 	32.900 	32.250 	33.000 	32.250 	10.44M 	2.17%
May 05, 2017 	32.200 	31.300 	32.700 	31.200 	18.47M 	3.21%
May 04, 2017 	31.200 	30.650 	31.400 	30.600 	10.28M 	1.96%
May 03, 2017 	30.600 	30.700 	30.900 	30.600 	13.22M 	-0.33%
May 02, 2017 	30.700 	29.800 	30.900 	29.650 	11.32M 	3.02%
Apr 27, 2017 	29.800 	29.850 	30.000 	29.750 	4.88M 	-0.50%
Apr 26, 2017 	29.950 	30.000 	30.150 	29.850 	6.90M 	0.17%
Apr 25, 2017 	29.900 	29.700 	30.200 	29.700 	7.99M 	0.84%
Apr 24, 2017 	29.650 	29.650 	29.900 	29.450 	6.03M 	0.00%
Apr 21, 2017 	29.650 	29.600 	29.950 	29.400 	6.88M 	0.17%
Apr 20, 2017 	29.600 	29.400 	29.700 	29.400 	2.94M 	0.00%
Apr 19, 2017 	29.600 	29.800 	30.200 	29.300 	5.11M 	-0.67%
Apr 18, 2017 	29.800 	30.000 	30.100 	29.750 	2.01M 	-0.67%
Apr 17, 2017 	30.000 	30.150 	30.200 	29.800 	2.66M 	-0.66%
Apr 12, 2017 	30.200 	29.650 	30.200 	29.600 	5.10M 	2.37%
Apr 11, 2017 	29.500 	30.200 	30.200 	29.500 	3.34M 	-2.48%
Apr 10, 2017 	30.250 	30.000 	30.250 	29.900 	2.75M 	1.34%
Apr 07, 2017 	29.850 	29.900 	31.000 	29.800 	21.84M 	-0.17%
Apr 06, 2017 	29.900 	29.950 	30.050 	29.250 	6.28M 	-0.17%
Apr 05, 2017 	29.950 	29.600 	30.100 	29.600 	17.44M 	1.35%
Apr 04, 2017 	29.550 	28.700 	29.650 	28.700 	9.11M 	2.96%
Apr 03, 2017 	28.700 	28.300 	28.850 	28.200 	23.09M 	1.41%
Mar 31, 2017 	28.300 	28.600 	28.600 	28.200 	8.14M 	-0.35%
Mar 30, 2017 	28.400 	28.650 	28.850 	28.250 	7.90M 	-0.35%
Mar 29, 2017 	28.500 	28.500 	28.700 	28.300 	25.81M 	0.00%
Mar 28, 2017 	28.500 	28.500 	28.700 	28.350 	16.88M 	0.00%
Mar 27, 2017 	28.500 	28.150 	28.950 	28.150 	8.55M 	1.79%
Mar 24, 2017 	28.000 	28.300 	28.450 	27.950 	16.02M 	-1.06%
Mar 23, 2017 	28.300 	28.500 	28.600 	27.900 	16.52M 	-0.70%
Mar 22, 2017 	28.500 	28.450 	28.500 	28.250 	13.16M 	0.00%
Mar 21, 2017 	28.500 	28.650 	29.000 	28.450 	13.03M 	-0.52%
Mar 20, 2017 	28.650 	29.200 	29.200 	28.600 	5.47M 	-1.04%
Mar 17, 2017 	28.950 	29.000 	29.450 	28.400 	25.12M 	0.87%
Mar 16, 2017 	28.700 	29.050 	29.200 	28.500 	10.28M 	0.35%
Mar 15, 2017 	28.600 	28.950 	29.000 	28.350 	9.50M 	-0.87%
Mar 14, 2017 	28.850 	29.400 	29.400 	28.850 	6.38M 	-1.03%
Mar 13, 2017 	29.150 	29.000 	29.300 	28.900 	5.32M 	0.52%
Mar 10, 2017 	29.000 	28.900 	29.800 	28.850 	27.61M 	0.35%
Mar 09, 2017 	28.900 	29.000 	29.300 	28.900 	1.94M 	-0.52%
Mar 08, 2017 	29.050 	29.000 	29.300 	28.850 	8.02M 	0.87%
Mar 07, 2017 	28.800 	29.300 	29.400 	28.800 	10.46M 	-2.37%
Mar 06, 2017 	29.500 	29.000 	29.700 	28.650 	6.83M 	1.72%
Mar 03, 2017 	29.000 	28.650 	29.050 	28.500 	4.80M 	1.40%
Mar 02, 2017 	28.600 	28.700 	29.000 	28.600 	7.20M 	-0.35%
Mar 01, 2017 	28.700 	28.900 	29.000 	28.600 	4.58M 	-2.38%
Feb 28, 2017 	29.400 	29.100 	29.400 	28.700 	7.13M 	1.03%
Feb 27, 2017 	29.100 	29.400 	29.750 	29.050 	5.43M 	-1.02%
Feb 24, 2017 	29.400 	29.300 	29.500 	29.200 	17.88M 	0.17%
Feb 23, 2017 	29.350 	29.900 	29.950 	29.200 	10.40M 	-1.51%
Feb 22, 2017 	29.800 	30.000 	30.000 	29.500 	11.05M 	-0.67%
Feb 21, 2017 	30.000 	29.950 	30.150 	29.600 	6.75M 	0.00%
Feb 20, 2017 	30.000 	29.900 	30.350 	29.800 	4.86M 	0.33%
Feb 17, 2017 	29.900 	29.900 	30.100 	29.750 	5.84M 	0.00%
Feb 16, 2017 	29.900 	29.600 	30.200 	29.600 	11.23M 	1.01%
Feb 15, 2017 	29.600 	29.700 	29.900 	29.600 	28.94M 	-0.34%
Feb 14, 2017 	29.700 	30.000 	30.150 	29.700 	6.74M 	-2.62%
Feb 13, 2017 	30.500 	29.850 	30.500 	29.850 	2.68M 	1.67%
Feb 10, 2017 	30.000 	30.000 	30.050 	29.550 	8.89M 	0.00%
Feb 09, 2017 	30.000 	30.000 	30.200 	29.850 	5.19M 	0.17%
Feb 08, 2017 	29.950 	30.450 	30.600 	29.700 	5.29M 	-1.64%
Feb 07, 2017 	30.450 	30.750 	30.850 	30.350 	5.58M 	-1.14%
Feb 06, 2017 	30.800 	30.000 	30.800 	30.000 	4.31M 	2.67%
Feb 03, 2017 	30.000 	30.100 	30.100 	29.700 	8.05M 	-0.33%
Feb 02, 2017 	30.100 	29.500 	30.100 	29.500 	15.32M 	0.67%
Feb 01, 2017 	29.900 	30.000 	30.100 	29.450 	7.68M 	0.67%
Jan 31, 2017 	29.700 	30.100 	30.250 	29.700 	7.82M 	-1.00%
Jan 30, 2017 	30.000 	30.050 	30.500 	30.000 	5.76M 	0.00%
Jan 27, 2017 	30.000 	29.950 	30.300 	29.950 	6.97M 	0.67%
Jan 26, 2017 	29.800 	30.200 	30.600 	29.700 	13.90M 	-0.83%
Jan 25, 2017 	30.050 	30.700 	30.950 	30.050 	17.92M 	-1.96%
Jan 24, 2017 	30.650 	31.000 	31.000 	30.650 	6.37M 	-1.13%
Jan 23, 2017 	31.000 	31.000 	31.200 	30.900 	12.21M 	0.00%
Jan 20, 2017 	31.000 	30.500 	31.000 	30.450 	7.66M 	1.97%
Jan 19, 2017 	30.400 	30.000 	30.450 	29.900 	7.16M 	1.67%
Jan 18, 2017 	29.900 	29.950 	30.250 	29.650 	7.60M 	1.01%
Jan 17, 2017 	29.600 	30.600 	30.800 	29.600 	5.25M 	-3.11%
Jan 16, 2017 	30.550 	29.800 	30.800 	29.650 	3.16M 	2.52%
Jan 13, 2017 	29.800 	29.900 	29.950 	29.550 	11.86M 	-1.32%
Jan 12, 2017 	30.200 	31.100 	31.100 	29.950 	10.99M 	-2.58%
Jan 11, 2017 	31.000 	31.300 	31.400 	30.850 	16.49M 	-0.96%
Jan 10, 2017 	31.300 	30.650 	31.500 	30.600 	26.83M 	2.29%
Jan 09, 2017 	30.600 	30.100 	30.600 	29.500 	12.14M 	2.00%
Jan 06, 2017 	30.000 	30.000 	30.850 	29.750 	14.80M 	0.67%
Jan 05, 2017 	29.800 	29.600 	30.700 	29.600 	19.36M 	0.68%
Jan 04, 2017 	29.600 	28.500 	29.650 	28.500 	29.50M 	4.04%
Jan 03, 2017 	28.450 	28.350 	28.450 	27.400 	4.14M 	0.35%
Dec 29, 2016 	28.350 	28.300 	28.350 	27.950 	14.43M 	0.00%
Dec 28, 2016 	28.350 	27.900 	28.400 	27.850 	6.30M 	1.61%
Dec 27, 2016 	27.900 	26.800 	27.900 	26.800 	3.58M 	3.33%
Dec 23, 2016 	27.000 	27.500 	27.500 	26.200 	10.84M 	-1.28%
Dec 22, 2016 	27.350 	27.050 	27.500 	26.950 	16.43M 	0.37%
Dec 21, 2016 	27.250 	27.300 	28.000 	26.800 	5.26M 	0.00%
Dec 20, 2016 	27.250 	27.100 	27.250 	26.750 	11.08M 	0.18%
Dec 19, 2016 	27.200 	28.700 	28.700 	27.200 	11.34M 	-5.56%
Dec 16, 2016 	28.800 	28.050 	28.800 	28.000 	8.68M 	3.04%
Dec 15, 2016 	27.950 	28.700 	29.000 	27.800 	15.70M 	-2.95%
Dec 14, 2016 	28.800 	28.750 	29.350 	28.750 	13.09M 	0.35%
Dec 13, 2016 	28.700 	28.150 	28.700 	27.850 	11.07M 	1.95%
Dec 12, 2016 	28.150 	28.500 	28.650 	27.900 	28.85M 	-0.18%
Dec 09, 2016 	28.200 	28.650 	28.650 	27.950 	6.52M 	-1.57%
Dec 08, 2016 	28.650 	27.500 	28.650 	27.300 	10.88M 	4.95%
Dec 07, 2016 	27.300 	27.250 	27.400 	26.700 	3.56M 	1.11%
Dec 06, 2016 	27.000 	26.650 	27.400 	26.650 	6.06M 	1.89%
Dec 05, 2016 	26.500 	27.000 	27.200 	26.400 	4.85M 	-1.12%
Dec 02, 2016 	26.800 	27.450 	27.500 	26.600 	9.54M 	-2.19%
Dec 01, 2016 	27.400 	26.900 	27.600 	26.900 	11.41M 	3.40%
Nov 29, 2016 	26.500 	26.500 	26.700 	26.200 	16.88M 	0.38%
Nov 28, 2016 	26.400 	26.850 	26.850 	26.000 	7.81M 	-1.68%
Nov 25, 2016 	26.850 	26.500 	26.900 	26.000 	5.00M 	1.32%
Nov 24, 2016 	26.500 	26.700 	26.900 	26.200 	6.75M 	0.00%
Nov 23, 2016 	26.500 	26.250 	26.500 	25.300 	17.79M 	0.76%
Nov 22, 2016 	26.300 	26.950 	27.000 	26.250 	12.19M 	-2.41%
Nov 21, 2016 	26.950 	27.500 	27.650 	26.350 	5.79M 	-1.64%
Nov 18, 2016 	27.400 	27.750 	27.750 	27.150 	5.21M 	-0.72%
Nov 17, 2016 	27.600 	27.050 	27.600 	26.800 	27.40M 	2.22%
Nov 16, 2016 	27.000 	26.800 	27.200 	26.550 	11.29M 	3.85%
Nov 15, 2016 	26.000 	26.100 	26.600 	26.000 	15.02M 	0.97%
Nov 14, 2016 	25.750 	25.600 	26.100 	25.500 	13.26M 	-0.96%
Nov 11, 2016 	26.000 	26.250 	26.300 	25.550 	18.89M 	-0.95%
Nov 10, 2016 	26.250 	26.800 	27.000 	26.000 	7.74M 	0.57%
Nov 09, 2016 	26.100 	27.000 	27.000 	24.500 	14.35M 	-2.97%
Nov 08, 2016 	26.900 	26.800 	26.950 	26.500 	5.23M 	2.28%
Nov 07, 2016 	26.300 	26.100 	26.900 	25.650 	9.55M 	1.35%
Nov 04, 2016 	25.950 	26.050 	26.200 	25.550 	12.45M 	1.17%
Nov 03, 2016 	25.650 	26.050 	26.350 	25.200 	16.13M 	-2.10%
Nov 02, 2016 	26.200 	27.200 	27.300 	26.100 	10.19M 	-2.60%
Oct 28, 2016 	26.900 	27.100 	27.200 	26.500 	11.13M 	-0.74%
Oct 27, 2016 	27.100 	27.500 	27.500 	27.050 	24.75M 	-1.81%
Oct 26, 2016 	27.600 	27.850 	28.200 	27.450 	11.08M 	-1.08%
Oct 25, 2016 	27.900 	28.400 	28.950 	27.900 	22.56M 	-2.79%
Oct 24, 2016 	28.700 	28.100 	28.700 	27.800 	9.98M 	1.23%
Oct 21, 2016 	28.350 	28.650 	28.700 	28.200 	6.68M 	-1.90%
Oct 20, 2016 	28.900 	28.850 	28.900 	28.500 	10.33M 	0.35%
Oct 19, 2016 	28.800 	27.800 	28.900 	27.350 	16.58M 	3.60%
Oct 18, 2016 	27.800 	26.200 	27.800 	26.200 	14.96M 	6.51%
Oct 17, 2016 	26.100 	26.800 	27.400 	26.100 	5.87M 	-2.43%
Oct 14, 2016 	26.750 	26.050 	27.250 	26.050 	10.86M 	2.69%
Oct 13, 2016 	26.050 	27.050 	27.100 	26.050 	16.88M 	-5.27%
Oct 12, 2016 	27.500 	27.850 	27.850 	26.900 	8.43M 	-1.79%
Oct 11, 2016 	28.000 	27.800 	28.250 	27.750 	6.61M 	0.00%
Oct 10, 2016 	28.000 	28.350 	28.350 	27.800 	6.77M 	-0.71%
Oct 07, 2016 	28.200 	27.800 	28.400 	27.700 	9.60M 	1.44%
Oct 06, 2016 	27.800 	27.800 	27.950 	27.650 	7.94M 	0.00%
Oct 05, 2016 	27.800 	28.350 	28.350 	27.500 	6.58M 	-1.94%
Oct 04, 2016 	28.350 	28.300 	28.600 	28.150 	10.64M 	0.18%
Oct 03, 2016 	28.300 	28.150 	28.600 	28.150 	5.75M 	0.53%
Sep 30, 2016 	28.150 	28.800 	28.800 	27.850 	15.65M 	-2.43%
Sep 29, 2016 	28.850 	27.550 	28.850 	27.550 	16.89M 	4.53%
Sep 28, 2016 	27.600 	27.000 	28.000 	26.900 	10.56M 	2.22%
Sep 27, 2016 	27.000 	27.350 	27.350 	26.850 	16.90M 	-1.28%
Sep 26, 2016 	27.350 	27.900 	27.900 	27.350 	9.95M 	-1.97%
Sep 23, 2016 	27.900 	28.100 	28.500 	27.750 	7.77M 	-0.36%
Sep 22, 2016 	28.000 	28.000 	28.750 	28.000 	15.46M 	1.08%
Sep 21, 2016 	27.700 	27.850 	28.050 	27.500 	11.99M 	-0.54%
Sep 20, 2016 	27.850 	27.050 	27.850 	27.050 	9.77M 	3.15%
Sep 19, 2016 	27.000 	27.200 	27.450 	26.750 	10.47M 	-0.37%
Sep 16, 2016 	27.100 	27.800 	28.000 	27.100 	38.83M 	-2.87%
Sep 15, 2016 	27.900 	26.800 	27.900 	26.800 	10.59M 	3.33%
Sep 14, 2016 	27.000 	26.650 	27.400 	26.600 	14.01M 	1.12%
Sep 13, 2016 	26.700 	26.850 	27.000 	26.500 	17.77M 	-0.74%
Sep 09, 2016 	26.900 	27.300 	27.500 	26.750 	17.37M 	-1.47%
Sep 08, 2016 	27.300 	27.000 	28.000 	26.500 	19.11M 	0.37%
Sep 07, 2016 	27.200 	28.000 	28.050 	26.950 	26.82M 	-2.86%
Sep 06, 2016 	28.000 	28.500 	28.600 	27.750 	21.44M 	-1.75%
Sep 05, 2016 	28.500 	28.700 	28.750 	28.350 	25.52M 	-0.87%
Sep 02, 2016 	28.750 	29.000 	29.450 	28.600 	10.45M 	0.70%
Sep 01, 2016 	28.550 	29.000 	29.300 	28.450 	32.63M 	-4.36%
Aug 31, 2016 	29.850 	28.850 	29.850 	28.250 	20.38M 	2.93%
Aug 30, 2016 	29.000 	29.500 	29.500 	28.400 	17.26M 	0.00%
Aug 26, 2016 	29.000 	29.450 	29.450 	28.750 	19.39M 	-1.53%
Aug 25, 2016 	29.450 	29.050 	29.450 	28.850 	6.39M 	0.17%
Aug 24, 2016 	29.400 	29.050 	29.400 	28.900 	8.41M 	1.38%
Aug 23, 2016 	29.000 	28.800 	29.200 	28.750 	11.10M 	0.00%
Aug 22, 2016 	29.000 	28.700 	29.350 	28.550 	9.94M 	1.22%
Aug 19, 2016 	28.650 	29.300 	29.300 	28.500 	18.30M 	-2.22%
Aug 18, 2016 	29.300 	29.350 	30.050 	28.950 	12.86M 	-0.17%
Aug 17, 2016 	29.350 	29.600 	29.700 	29.050 	8.53M 	-0.84%
Aug 16, 2016 	29.600 	30.000 	30.000 	29.050 	19.66M 	-0.84%
Aug 15, 2016 	29.850 	29.450 	30.000 	28.700 	18.48M 	1.36%
Aug 12, 2016 	29.450 	30.100 	30.250 	29.200 	10.53M 	-2.00%
Aug 11, 2016 	30.050 	30.300 	30.700 	29.800 	8.83M 	-0.66%
Aug 10, 2016 	30.250 	30.250 	30.400 	29.900 	12.99M 	0.17%
Aug 09, 2016 	30.200 	30.000 	30.550 	29.900 	13.24M 	1.00%
Aug 08, 2016 	29.900 	29.900 	30.000 	29.600 	11.90M 	0.00%
Aug 05, 2016 	29.900 	29.300 	29.900 	29.000 	15.47M 	2.22%
Aug 04, 2016 	29.250 	29.250 	29.350 	29.000 	21.86M 	0.00%
Aug 03, 2016 	29.250 	29.600 	29.600 	28.700 	15.38M 	-1.18%
Aug 02, 2016 	29.600 	30.000 	30.000 	29.400 	6.50M 	-0.84%
Aug 01, 2016 	29.850 	29.000 	30.000 	28.850 	11.74M 	2.23%
Jul 29, 2016 	29.200 	29.600 	29.650 	29.000 	17.01M 	-1.18%
Jul 28, 2016 	29.550 	30.050 	30.050 	28.900 	16.20M 	-1.66%
Jul 27, 2016 	30.050 	30.100 	30.400 	29.950 	9.59M 	-0.17%
Jul 26, 2016 	30.100 	30.250 	30.450 	30.000 	7.57M 	-0.17%
Jul 25, 2016 	30.150 	30.900 	30.950 	30.000 	12.47M 	0.17%
Jul 22, 2016 	30.100 	30.950 	30.950 	30.000 	28.51M 	-2.90%
Jul 21, 2016 	31.000 	29.900 	31.000 	29.850 	21.42M 	3.51%
Jul 20, 2016 	29.950 	30.000 	30.000 	29.850 	24.17M 	-0.17%
Jul 19, 2016 	30.000 	29.750 	30.000 	29.650 	5.63M 	1.01%
Jul 18, 2016 	29.700 	30.000 	30.000 	29.550 	6.98M 	-1.00%
Jul 15, 2016 	30.000 	29.950 	30.500 	29.800 	22.78M 	0.33%
Jul 14, 2016 	29.900 	29.950 	30.000 	29.650 	41.12M 	-0.17%
Jul 13, 2016 	29.950 	29.600 	30.150 	29.600 	45.67M 	1.87%
Jul 12, 2016 	29.400 	28.300 	29.600 	28.300 	40.64M 	3.89%
Jul 11, 2016 	28.300 	27.700 	28.500 	27.700 	17.11M 	2.91%
Jul 08, 2016 	27.500 	27.150 	27.600 	27.150 	14.90M 	1.48%
Jul 07, 2016 	27.100 	27.600 	28.200 	27.000 	32.06M 	-1.63%
Jul 05, 2016 	27.550 	28.100 	28.500 	26.900 	17.14M 	-1.96%
Jul 04, 2016 	28.100 	27.800 	28.300 	27.750 	22.41M 	1.63%
Jul 01, 2016 	27.650 	27.300 	27.750 	27.250 	28.01M 	1.28%
Jun 30, 2016 	27.300 	27.500 	28.400 	26.400 	39.50M 	1.11%
Jun 29, 2016 	27.000 	26.400 	27.000 	26.200 	11.93M 	2.66%
Jun 28, 2016 	26.300 	26.200 	26.300 	25.900 	19.29M 	0.38%
Jun 27, 2016 	26.200 	25.350 	26.200 	24.900 	14.79M 	2.14%
Jun 24, 2016 	25.650 	25.900 	26.400 	24.950 	17.03M 	0.00%
Jun 23, 2016 	25.650 	25.700 	25.850 	25.500 	17.06M 	0.39%
Jun 22, 2016 	25.550 	26.000 	26.050 	25.550 	7.75M 	-0.97%
Jun 21, 2016 	25.800 	25.700 	26.150 	25.600 	15.95M 	1.57%
Jun 20, 2016 	25.400 	25.450 	25.700 	25.200 	9.79M 	-0.20%
Jun 17, 2016 	25.450 	25.700 	26.000 	25.200 	52.30M 	0.20%
Jun 16, 2016 	25.400 	25.450 	25.950 	25.350 	16.11M 	0.79%
Jun 15, 2016 	25.200 	25.100 	25.900 	24.900 	13.71M 	0.40%
Jun 14, 2016 	25.100 	24.550 	25.200 	24.500 	13.93M 	-0.40%
Jun 13, 2016 	25.200 	24.400 	25.200 	24.150 	18.97M 	3.92%
Jun 10, 2016 	24.250 	25.150 	25.650 	24.250 	20.60M 	-1.62%
Jun 09, 2016 	24.650 	25.800 	25.950 	24.650 	12.72M 	-4.46%
Jun 08, 2016 	25.800 	25.550 	26.400 	25.550 	21.28M 	1.38%
Jun 07, 2016 	25.450 	25.300 	26.000 	25.300 	20.59M 	1.39%
Jun 06, 2016 	25.100 	25.200 	25.300 	25.050 	10.16M 	0.60%
Jun 03, 2016 	24.950 	25.000 	25.150 	24.900 	16.82M 	0.60%
Jun 02, 2016 	24.800 	24.400 	25.200 	24.300 	16.31M 	2.06%
Jun 01, 2016 	24.300 	24.050 	24.400 	24.000 	40.21M 	1.25%
May 31, 2016 	24.000 	24.400 	25.000 	24.000 	23.63M 	-2.44%
May 30, 2016 	24.600 	24.800 	24.800 	24.250 	6.70M 	-0.81%
May 27, 2016 	24.800 	24.350 	24.900 	24.300 	8.20M 	1.85%
May 26, 2016 	24.350 	24.600 	24.600 	24.100 	8.23M 	-1.02%
May 25, 2016 	24.600 	24.350 	24.900 	24.350 	5.06M 	1.44%
May 24, 2016 	24.250 	24.000 	24.600 	23.900 	11.06M 	1.46%
May 23, 2016 	23.900 	23.500 	24.000 	23.200 	13.65M 	1.70%
May 20, 2016 	23.500 	24.000 	24.000 	23.050 	21.91M 	-2.89%
May 19, 2016 	24.200 	25.100 	25.100 	24.200 	12.04M 	-3.59%
May 18, 2016 	25.100 	24.800 	25.600 	24.750 	20.12M 	1.62%
May 17, 2016 	24.700 	24.800 	25.300 	24.150 	19.68M 	0.61%
May 16, 2016 	24.550 	24.050 	24.900 	24.050 	26.84M 	3.15%
May 13, 2016 	23.800 	24.800 	24.850 	23.800 	24.76M 	-4.42%
May 12, 2016 	24.900 	24.950 	25.000 	24.200 	30.08M 	-1.39%
May 11, 2016 	25.250 	24.200 	25.500 	24.200 	54.66M 	5.21%
May 10, 2016 	24.000 	22.650 	24.000 	22.050 	43.73M 	5.96%
May 06, 2016 	22.650 	22.600 	22.700 	22.350 	17.37M 	0.22%
May 05, 2016 	22.600 	22.900 	22.900 	22.450 	15.65M 	-1.31%
May 04, 2016 	22.900 	22.500 	23.000 	22.100 	16.65M 	1.78%
May 03, 2016 	22.500 	22.750 	22.900 	22.500 	8.94M 	-1.10%
May 02, 2016 	22.750 	22.450 	22.800 	21.800 	8.39M 	0.44%
Apr 29, 2016 	22.650 	22.700 	22.800 	22.400 	12.26M 	-1.09%
Apr 28, 2016 	22.900 	22.500 	22.950 	22.500 	12.97M 	2.00%
Apr 27, 2016 	22.450 	22.500 	22.750 	22.300 	13.40M 	-0.66%
Apr 26, 2016 	22.600 	22.650 	22.650 	22.500 	10.88M 	-0.22%
Apr 25, 2016 	22.650 	22.750 	22.750 	22.400 	7.78M 	-0.66%
Apr 22, 2016 	22.800 	22.600 	22.900 	22.050 	11.82M 	0.88%
Apr 21, 2016 	22.600 	22.450 	22.800 	22.100 	9.15M 	0.89%
Apr 20, 2016 	22.400 	21.800 	22.400 	21.800 	11.06M 	1.82%
Apr 19, 2016 	22.000 	22.150 	22.250 	21.050 	20.14M 	0.00%
Apr 18, 2016 	22.000 	22.750 	22.750 	22.000 	8.99M 	-3.72%
Apr 15, 2016 	22.850 	22.850 	23.000 	22.400 	3.75M 	0.00%
Apr 14, 2016 	22.850 	22.900 	23.050 	22.800 	8.97M 	-0.22%
Apr 13, 2016 	22.900 	22.800 	23.350 	22.700 	13.73M 	1.10%
Apr 12, 2016 	22.650 	22.500 	22.750 	22.400 	6.39M 	0.67%
Apr 11, 2016 	22.500 	22.000 	22.800 	22.000 	7.27M 	2.27%
Apr 08, 2016 	22.000 	21.700 	22.300 	21.550 	11.96M 	1.38%
Apr 07, 2016 	21.700 	21.700 	21.950 	21.650 	12.68M 	0.23%
Apr 06, 2016 	21.650 	21.900 	21.950 	21.450 	11.15M 	-1.14%
Apr 05, 2016 	21.900 	22.300 	22.300 	21.750 	10.17M 	-1.79%
Apr 04, 2016 	22.300 	22.050 	22.600 	22.000 	3.23M 	0.68%
Apr 01, 2016 	22.150 	22.050 	22.450 	21.950 	10.60M 	0.91%
Mar 31, 2016 	21.950 	22.100 	22.750 	21.650 	28.23M 	0.00%
Mar 30, 2016 	21.950 	22.150 	22.400 	21.900 	15.20M 	-0.90%
Mar 29, 2016 	22.150 	22.450 	22.800 	22.000 	8.84M 	-1.34%
Mar 28, 2016 	22.450 	22.100 	22.700 	22.100 	7.80M 	0.22%
Mar 23, 2016 	22.400 	22.500 	22.500 	21.750 	8.01M 	-0.67%
Mar 22, 2016 	22.550 	22.100 	22.550 	22.050 	20.38M 	1.81%
Mar 21, 2016 	22.150 	21.450 	22.450 	21.450 	24.96M 	3.26%
Mar 18, 2016 	21.450 	21.400 	21.700 	21.400 	24.74M 	0.23%
Mar 17, 2016 	21.400 	21.000 	21.550 	21.000 	15.14M 	1.66%
Mar 16, 2016 	21.050 	21.250 	21.250 	20.900 	15.58M 	-1.17%
Mar 15, 2016 	21.300 	21.250 	21.500 	21.150 	16.37M 	0.24%
Mar 14, 2016 	21.250 	21.350 	21.400 	21.200 	20.01M 	-0.70%
Mar 11, 2016 	21.400 	21.700 	21.700 	21.300 	14.32M 	-1.61%
Mar 10, 2016 	21.750 	21.450 	21.950 	21.300 	11.93M 	1.40%
Mar 09, 2016 	21.450 	21.200 	21.450 	20.800 	9.75M 	1.18%
Mar 08, 2016 	21.200 	21.100 	21.300 	21.000 	10.40M 	0.47%
Mar 07, 2016 	21.100 	21.050 	21.400 	20.950 	13.88M 	0.96%
Mar 04, 2016 	20.900 	21.500 	21.500 	20.800 	9.04M 	-2.34%
Mar 03, 2016 	21.400 	21.350 	21.600 	21.250 	20.00M 	0.47%
Mar 02, 2016 	21.300 	21.150 	21.300 	21.000 	16.67M 	2.90%
Mar 01, 2016 	20.700 	20.900 	20.950 	20.650 	7.11M 	0.00%
Feb 29, 2016 	20.700 	20.500 	21.000 	20.350 	13.57M 	0.98%
Feb 26, 2016 	20.500 	20.100 	20.750 	20.050 	6.02M 	0.00%
Feb 24, 2016 	20.500 	20.750 	20.750 	20.150 	15.23M 	-1.44%
Feb 23, 2016 	20.800 	20.850 	20.950 	20.700 	9.38M 	0.24%
Feb 22, 2016 	20.750 	21.100 	21.100 	20.550 	13.65M 	-1.66%
Feb 19, 2016 	21.100 	21.400 	21.400 	21.050 	8.02M 	-1.40%
Feb 18, 2016 	21.400 	21.350 	21.500 	21.050 	10.93M 	0.23%
Feb 17, 2016 	21.350 	21.600 	21.600 	21.000 	9.73M 	-0.23%
Feb 16, 2016 	21.400 	21.400 	21.800 	21.350 	20.91M 	0.23%
Feb 15, 2016 	21.350 	21.200 	21.800 	21.200 	9.48M 	1.67%
Feb 12, 2016 	21.000 	21.000 	22.000 	20.900 	13.07M 	-2.55%
Feb 11, 2016 	21.550 	20.900 	21.900 	20.700 	12.01M 	3.11%
Feb 10, 2016 	20.900 	20.500 	21.400 	20.500 	5.33M 	1.21%
Feb 09, 2016 	20.650 	20.700 	20.850 	20.600 	4.04M 	-1.67%
Feb 05, 2016 	21.000 	20.800 	21.300 	20.800 	5.91M 	0.00%
Feb 04, 2016 	21.000 	20.850 	21.250 	20.600 	14.97M 	0.72%
Feb 03, 2016 	20.850 	21.100 	21.200 	20.450 	12.90M 	-1.65%
Feb 02, 2016 	21.200 	21.050 	21.350 	20.800 	11.67M 	-1.17%
Feb 01, 2016 	21.450 	21.000 	21.600 	21.000 	11.25M 	1.42%
Jan 29, 2016 	21.150 	20.900 	21.700 	20.900 	23.34M 	0.71%
Jan 28, 2016 	21.000 	20.850 	21.100 	20.150 	31.40M 	0.48%
Jan 27, 2016 	20.900 	20.250 	21.100 	20.050 	21.94M 	4.60%
Jan 26, 2016 	19.980 	19.700 	20.400 	19.500 	11.70M 	-1.09%
Jan 25, 2016 	20.200 	19.400 	20.200 	19.260 	7.84M 	5.10%
Jan 22, 2016 	19.220 	18.840 	19.220 	18.820 	19.78M 	2.02%
Jan 21, 2016 	18.840 	18.940 	19.060 	18.700 	16.21M 	-1.15%
Jan 20, 2016 	19.060 	19.520 	19.980 	18.940 	8.59M 	-2.36%
Jan 19, 2016 	19.520 	19.600 	19.980 	19.520 	4.94M 	0.10%
Jan 18, 2016 	19.500 	19.380 	19.680 	19.120 	13.80M 	-2.01%
Jan 15, 2016 	19.900 	20.200 	20.550 	19.900 	11.99M 	0.00%
Jan 14, 2016 	19.900 	20.000 	20.400 	19.900 	15.58M 	-3.63%
Jan 13, 2016 	20.650 	19.820 	20.900 	19.800 	54.66M 	4.19%
Jan 12, 2016 	19.820 	19.740 	20.100 	19.620 	17.66M 	3.23%
Jan 11, 2016 	19.200 	20.400 	20.400 	19.020 	22.60M 	-6.80%
Jan 08, 2016 	20.600 	20.050 	21.100 	20.050 	14.36M 	0.49%
Jan 07, 2016 	20.500 	21.600 	21.600 	20.500 	12.86M 	-3.30%
Jan 06, 2016 	21.200 	21.550 	21.750 	21.200 	11.93M 	-1.62%
Jan 05, 2016 	21.550 	21.300 	21.850 	20.900 	7.92M 	0.94%
Jan 04, 2016 	21.350 	21.850 	21.850 	21.050 	8.71M 	-1.61%
Dec 29, 2015 	21.700 	22.050 	22.300 	21.450 	32.04M 	-1.59%
Dec 28, 2015 	22.050 	22.400 	22.450 	21.800 	6.76M 	-1.56%
Dec 23, 2015 	22.400 	22.650 	22.850 	22.400 	8.94M 	-0.44%
Dec 22, 2015 	22.500 	21.900 	22.500 	21.850 	27.45M 	2.97%
Dec 21, 2015 	21.850 	21.850 	22.400 	21.850 	14.63M 	0.23%
Dec 18, 2015 	21.800 	22.450 	22.450 	21.750 	31.23M 	-3.11%
Dec 17, 2015 	22.500 	22.400 	22.750 	22.300 	23.45M 	2.27%
Dec 16, 2015 	22.000 	22.000 	22.500 	21.950 	10.93M 	1.15%
Dec 15, 2015 	21.750 	22.000 	22.200 	21.750 	5.78M 	-5.23%
Dec 14, 2015 	22.950 	21.200 	22.950 	20.750 	7.66M 	8.25%
Dec 11, 2015 	21.200 	21.250 	21.500 	20.800 	4.61M 	0.24%
Dec 10, 2015 	21.150 	21.550 	21.600 	21.050 	12.18M 	-1.86%
Dec 09, 2015 	21.550 	20.750 	21.800 	20.750 	10.22M 	2.62%
Dec 08, 2015 	21.000 	21.400 	21.450 	21.000 	4.41M 	-1.87%
Dec 07, 2015 	21.400 	21.450 	21.850 	21.350 	13.27M 	0.47%
Dec 04, 2015 	21.300 	21.800 	21.800 	21.300 	9.84M 	-3.84%
Dec 03, 2015 	22.150 	22.350 	22.450 	21.800 	4.53M 	-0.89%
Dec 02, 2015 	22.350 	22.250 	22.500 	22.050 	7.86M 	0.22%
Dec 01, 2015 	22.300 	21.100 	22.500 	21.100 	20.37M 	3.72%
Nov 27, 2015 	21.500 	21.850 	22.300 	21.100 	37.03M 	-1.60%
Nov 26, 2015 	21.850 	22.000 	22.200 	21.800 	11.12M 	-0.46%
Nov 25, 2015 	21.950 	21.400 	22.000 	21.350 	15.00M 	2.57%
Nov 24, 2015 	21.400 	21.400 	21.400 	21.200 	8.61M 	0.00%
Nov 23, 2015 	21.400 	20.900 	21.700 	20.600 	14.48M 	2.39%
Nov 20, 2015 	20.900 	20.600 	20.950 	20.600 	8.15M 	2.20%
Nov 17, 2015 	20.450 	20.500 	21.150 	20.250 	13.78M 	0.74%
Nov 16, 2015 	20.300 	20.700 	20.800 	19.900 	13.75M 	-3.79%
Nov 13, 2015 	21.100 	21.050 	21.250 	20.800 	10.33M 	-0.71%
Nov 12, 2015 	21.250 	21.900 	21.900 	21.250 	31.36M 	-3.41%
Nov 11, 2015 	22.000 	21.350 	22.000 	21.000 	12.87M 	2.33%
Nov 10, 2015 	21.500 	21.650 	21.800 	21.300 	7.74M 	-0.92%
Nov 09, 2015 	21.700 	21.750 	21.750 	21.550 	2.51M 	-0.46%
Nov 06, 2015 	21.800 	21.700 	22.200 	21.500 	6.98M 	0.46%
Nov 05, 2015 	21.700 	22.300 	22.300 	21.650 	4.25M 	-3.12%
Nov 04, 2015 	22.400 	21.850 	22.500 	21.850 	7.61M 	2.75%
Nov 03, 2015 	21.800 	22.100 	22.400 	21.700 	13.11M 	-0.91%
Nov 02, 2015 	22.000 	21.700 	22.000 	21.450 	6.59M 	1.85%
Oct 30, 2015 	21.600 	21.900 	22.400 	21.600 	30.09M 	-0.46%
Oct 29, 2015 	21.700 	22.450 	22.500 	21.650 	12.61M 	-3.34%
Oct 28, 2015 	22.450 	22.600 	22.650 	22.350 	7.52M 	-1.10%
Oct 27, 2015 	22.700 	22.200 	22.750 	22.000 	11.99M 	1.34%
Oct 26, 2015 	22.400 	22.800 	23.200 	22.350 	13.53M 	-1.10%
Oct 23, 2015 	22.650 	22.200 	22.800 	22.150 	21.06M 	2.26%
Oct 22, 2015 	22.150 	21.950 	22.150 	21.850 	24.56M 	0.68%
Oct 21, 2015 	22.000 	21.600 	22.150 	21.600 	11.73M 	1.85%
Oct 20, 2015 	21.600 	21.550 	21.600 	21.250 	9.10M 	0.00%
Oct 19, 2015 	21.600 	21.500 	21.850 	21.500 	4.16M 	0.47%
Oct 16, 2015 	21.500 	21.600 	21.700 	21.450 	7.10M 	0.47%
Oct 15, 2015 	21.400 	21.500 	21.600 	21.050 	27.72M 	1.90%
Oct 14, 2015 	21.000 	21.200 	22.000 	21.000 	29.05M 	-0.47%
Oct 13, 2015 	21.100 	21.850 	21.900 	21.100 	9.72M 	-3.43%
Oct 12, 2015 	21.850 	21.650 	22.000 	21.400 	6.20M 	0.92%
Oct 09, 2015 	21.650 	21.500 	21.800 	21.350 	9.25M 	1.17%
Oct 08, 2015 	21.400 	21.500 	21.900 	21.100 	6.22M 	-0.47%
Oct 07, 2015 	21.500 	21.000 	21.500 	21.000 	11.18M 	2.38%
Oct 06, 2015 	21.000 	21.800 	22.000 	20.800 	17.90M 	-2.33%
Oct 05, 2015 	21.500 	20.500 	22.100 	20.450 	24.17M 	4.88%
Oct 02, 2015 	20.500 	20.700 	20.900 	20.200 	6.87M 	-0.97%
Oct 01, 2015 	20.700 	21.000 	21.050 	20.400 	10.24M 	0.24%
Sep 30, 2015 	20.650 	20.300 	20.650 	20.300 	14.79M 	2.74%
Sep 29, 2015 	20.100 	19.900 	20.350 	19.620 	21.96M 	0.70%
Sep 28, 2015 	19.960 	20.000 	20.350 	19.900 	3.54M 	0.60%
Sep 24, 2015 	19.840 	19.880 	20.000 	19.780 	13.91M 	-0.30%
Sep 23, 2015 	19.900 	20.500 	20.500 	19.880 	20.50M 	-4.78%
Sep 22, 2015 	20.900 	21.500 	21.650 	20.500 	10.13M 	-2.11%
Sep 21, 2015 	21.350 	21.800 	21.900 	21.150 	10.76M 	-4.47%
Sep 18, 2015 	22.350 	21.100 	22.350 	21.050 	51.40M 	6.43%
Sep 17, 2015 	21.000 	20.200 	21.000 	20.200 	20.35M 	4.48%
Sep 16, 2015 	20.100 	20.050 	20.650 	20.050 	15.37M 	0.25%
Sep 15, 2015 	20.050 	19.920 	20.250 	19.840 	23.27M 	0.75%
Sep 14, 2015 	19.900 	19.600 	19.960 	19.340 	13.05M 	1.53%
Sep 11, 2015 	19.600 	19.500 	19.700 	19.400 	21.94M 	0.72%
Sep 10, 2015 	19.460 	19.400 	19.600 	19.200 	8.33M 	-0.21%
Sep 09, 2015 	19.500 	19.300 	19.500 	19.040 	20.21M 	2.09%
Sep 08, 2015 	19.100 	19.080 	19.180 	18.840 	10.82M 	0.32%
Sep 07, 2015 	19.040 	19.000 	19.300 	18.880 	13.73M 	-0.10%
Sep 04, 2015 	19.060 	19.580 	19.600 	19.000 	23.73M 	-2.26%
Sep 03, 2015 	19.500 	19.900 	19.900 	19.420 	16.23M 	-1.71%
Sep 02, 2015 	19.840 	19.660 	19.920 	19.180 	16.86M 	-0.10%
Sep 01, 2015 	19.860 	19.500 	20.300 	19.500 	24.74M 	1.85%
Aug 28, 2015 	19.500 	19.500 	19.620 	19.120 	23.68M 	0.10%
Aug 27, 2015 	19.480 	19.400 	19.860 	19.040 	42.87M 	3.62%
Aug 26, 2015 	18.800 	18.800 	19.120 	18.600 	33.25M 	0.00%
Aug 25, 2015 	18.800 	18.400 	18.880 	18.100 	26.97M 	0.53%
Aug 24, 2015 	18.700 	19.500 	19.500 	18.300 	27.36M 	-6.50%
Aug 20, 2015 	20.000 	20.000 	20.100 	19.940 	7.18M 	0.00%
Aug 19, 2015 	20.000 	20.000 	20.200 	19.960 	10.78M 	0.00%
Aug 18, 2015 	20.000 	20.050 	20.450 	19.940 	15.02M 	0.00%
Aug 17, 2015 	20.000 	20.150 	20.400 	19.920 	13.78M 	0.10%
Aug 14, 2015 	19.980 	20.750 	20.900 	19.980 	31.18M 	-4.63%
Aug 13, 2015 	20.950 	21.750 	21.750 	20.850 	15.29M 	-3.68%
Aug 12, 2015 	21.750 	21.800 	21.900 	21.400 	13.43M 	-1.14%
Aug 11, 2015 	22.000 	21.900 	22.000 	21.800 	10.79M 	0.23%
Aug 10, 2015 	21.950 	21.800 	22.200 	21.700 	5.53M 	0.69%
Aug 07, 2015 	21.800 	21.800 	21.800 	21.250 	11.74M 	0.00%
Aug 06, 2015 	21.800 	22.150 	22.500 	21.250 	25.23M 	-0.91%
Aug 05, 2015 	22.000 	21.800 	22.300 	21.800 	10.93M 	0.92%
Aug 04, 2015 	21.800 	22.000 	22.050 	21.600 	11.24M 	0.93%
Aug 03, 2015 	21.600 	21.450 	22.300 	21.450 	18.32M 	0.70%
Jul 31, 2015 	21.450 	20.850 	21.600 	20.850 	21.16M 	0.94%
Jul 30, 2015 	21.250 	21.000 	21.800 	21.000 	18.29M 	1.19%
Jul 29, 2015 	21.000 	21.000 	21.300 	20.900 	10.93M 	0.72%
Jul 28, 2015 	20.850 	20.500 	21.300 	20.500 	10.44M 	1.71%
Jul 27, 2015 	20.500 	21.100 	21.250 	20.500 	8.69M 	-3.76%
Jul 24, 2015 	21.300 	21.500 	21.500 	21.100 	6.90M 	-0.93%
Jul 23, 2015 	21.500 	21.300 	21.500 	21.100 	10.83M 	0.00%
Jul 22, 2015 	21.500 	21.350 	21.500 	21.050 	5.90M 	0.47%
Jul 21, 2015 	21.400 	21.000 	21.650 	21.000 	37.11M 	1.90%
Jul 20, 2015 	21.000 	21.000 	21.050 	20.750 	8.36M 	0.00%
Jul 16, 2015 	21.000 	20.500 	21.100 	20.350 	36.63M 	2.44%
Jul 15, 2015 	20.500 	20.350 	20.650 	20.300 	8.62M 	0.99%
Jul 14, 2015 	20.300 	20.150 	20.700 	20.150 	10.09M 	-1.93%
Jul 13, 2015 	20.700 	20.150 	20.750 	19.980 	9.20M 	2.73%
Jul 10, 2015 	20.150 	20.200 	20.250 	20.050 	40.96M 	-0.25%
Jul 09, 2015 	20.200 	20.000 	20.400 	19.800 	33.04M 	-0.74%
Jul 08, 2015 	20.350 	20.200 	20.600 	19.960 	16.15M 	0.74%
Jul 07, 2015 	20.200 	20.000 	20.250 	19.980 	10.62M 	1.20%
Jul 06, 2015 	19.960 	20.150 	20.250 	19.860 	5.39M 	-1.92%
Jul 03, 2015 	20.350 	19.940 	20.350 	19.940 	9.62M 	2.06%
Jul 02, 2015 	19.940 	19.940 	20.700 	19.800 	34.92M 	-0.30%
Jul 01, 2015 	20.000 	19.800 	20.100 	19.600 	23.77M 	0.10%
Jun 30, 2015 	19.980 	19.800 	19.980 	19.500 	10.96M 	0.71%
Jun 29, 2015 	19.840 	19.900 	19.920 	19.400 	7.97M 	-0.60%
Jun 26, 2015 	19.960 	20.000 	20.000 	19.800 	30.25M 	-0.20%
Jun 25, 2015 	20.000 	20.050 	20.150 	19.900 	35.26M 	-0.99%
Jun 24, 2015 	20.200 	19.420 	20.200 	19.420 	14.80M 	4.02%
Jun 23, 2015 	19.420 	19.680 	19.680 	19.200 	6.02M 	-0.92%
Jun 22, 2015 	19.600 	19.780 	19.780 	19.000 	3.39M 	0.82%
Jun 19, 2015 	19.440 	19.600 	19.820 	19.440 	46.82M 	-0.72%
Jun 18, 2015 	19.580 	19.460 	19.700 	19.360 	14.54M 	0.82%
Jun 17, 2015 	19.420 	19.260 	19.480 	19.240 	8.66M 	0.94%
Jun 16, 2015 	19.240 	18.920 	19.280 	18.880 	9.21M 	1.80%
Jun 15, 2015 	18.900 	19.260 	19.480 	18.900 	25.65M 	-2.88%
Jun 11, 2015 	19.460 	19.140 	19.460 	19.020 	5.88M 	1.88%
Jun 10, 2015 	19.100 	18.700 	19.140 	18.700 	8.31M 	2.14%
Jun 09, 2015 	18.700 	19.120 	19.300 	18.560 	10.53M 	-4.00%
Jun 08, 2015 	19.480 	19.400 	19.500 	19.180 	3.10M 	0.41%
Jun 05, 2015 	19.400 	19.500 	19.520 	19.120 	25.94M 	-0.51%
Jun 04, 2015 	19.500 	19.700 	19.700 	19.160 	9.50M 	0.52%
Jun 03, 2015 	19.400 	19.200 	19.400 	18.840 	27.14M 	0.73%
Jun 02, 2015 	19.260 	19.200 	19.300 	18.900 	9.53M 	-0.72%
Jun 01, 2015 	19.400 	19.240 	19.440 	18.760 	7.94M 	0.83%
May 29, 2015 	19.240 	19.000 	19.700 	18.900 	21.09M 	2.45%
May 28, 2015 	18.780 	19.360 	19.380 	18.600 	17.47M 	-3.00%
May 27, 2015 	19.360 	19.520 	19.520 	19.100 	41.44M 	-0.82%
May 26, 2015 	19.520 	19.680 	19.680 	19.400 	15.27M 	-0.61%
May 25, 2015 	19.640 	19.680 	19.680 	19.540 	3.79M 	-0.30%
May 22, 2015 	19.700 	19.900 	19.900 	19.640 	17.02M 	0.61%
May 21, 2015 	19.580 	19.800 	19.900 	19.440 	9.61M 	-1.11%
May 20, 2015 	19.800 	19.940 	20.000 	19.760 	30.54M 	-0.70%
May 19, 2015 	19.940 	20.200 	20.200 	19.800 	10.57M 	-0.80%
May 18, 2015 	20.100 	19.700 	20.100 	19.700 	5.63M 	2.03%
May 15, 2015 	19.700 	19.680 	19.980 	19.620 	5.48M 	0.72%
May 14, 2015 	19.560 	19.620 	19.680 	19.480 	13.65M 	0.20%
May 13, 2015 	19.520 	19.600 	19.700 	19.460 	5.86M 	-0.61%
May 12, 2015 	19.640 	19.640 	19.680 	19.440 	7.25M 	0.00%
May 11, 2015 	19.640 	19.640 	19.780 	19.560 	7.75M 	0.00%
May 08, 2015 	19.640 	19.900 	19.940 	19.640 	7.32M 	-1.31%
May 07, 2015 	19.900 	19.560 	19.960 	19.200 	13.30M 	1.53%
May 06, 2015 	19.600 	19.860 	19.860 	19.540 	32.41M 	-1.51%
May 05, 2015 	19.900 	19.200 	19.900 	19.200 	24.58M 	4.74%
May 04, 2015 	19.000 	18.700 	19.180 	18.400 	23.85M 	1.82%
Apr 30, 2015 	18.660 	19.100 	19.200 	18.600 	43.65M 	-2.30%
Apr 29, 2015 	19.100 	19.420 	19.580 	19.040 	67.53M 	-1.55%
Apr 28, 2015 	19.400 	20.200 	20.200 	19.400 	13.62M 	-3.72%
Apr 27, 2015 	20.150 	19.880 	20.200 	19.740 	15.41M 	1.56%
Apr 24, 2015 	19.840 	19.700 	19.840 	19.500 	49.12M 	1.22%
Apr 23, 2015 	19.600 	19.600 	19.800 	19.220 	55.48M 	2.62%
Apr 22, 2015 	19.100 	19.360 	19.460 	19.080 	21.57M 	-1.04%
Apr 21, 2015 	19.300 	19.220 	19.400 	19.180 	14.37M 	1.26%
Apr 20, 2015 	19.060 	19.820 	19.820 	19.020 	23.93M 	-3.74%
Apr 17, 2015 	19.800 	19.840 	20.200 	19.520 	18.59M 	0.00%
Apr 16, 2015 	19.800 	19.880 	20.100 	19.680 	10.20M 	-0.30%
Apr 15, 2015 	19.860 	20.500 	20.600 	19.540 	25.82M 	-3.12%
Apr 14, 2015 	20.500 	20.450 	20.950 	20.300 	10.02M 	0.24%
Apr 13, 2015 	20.450 	20.650 	20.700 	20.300 	11.22M 	-0.97%
Apr 10, 2015 	20.650 	20.300 	20.900 	20.300 	15.60M 	0.24%
Apr 08, 2015 	20.600 	21.050 	21.050 	20.400 	10.76M 	-2.14%
Apr 07, 2015 	21.050 	20.650 	21.350 	20.550 	15.94M 	3.19%
Apr 06, 2015 	20.400 	20.250 	20.650 	20.100 	8.52M 	1.49%
Apr 01, 2015 	20.100 	20.000 	20.350 	19.980 	13.41M 	0.60%
Mar 31, 2015 	19.980 	20.000 	20.100 	19.820 	12.43M 	1.94%
Mar 30, 2015 	19.600 	20.350 	20.600 	19.600 	12.46M 	-2.73%
Mar 27, 2015 	20.150 	19.900 	20.200 	19.900 	8.48M 	1.26%
Mar 26, 2015 	19.900 	20.000 	20.300 	19.800 	30.14M 	-1.49%
Mar 25, 2015 	20.200 	20.350 	20.350 	19.940 	7.34M 	0.00%
Mar 24, 2015 	20.200 	20.250 	20.350 	19.860 	14.23M 	0.00%
Mar 23, 2015 	20.200 	19.900 	20.200 	19.900 	16.24M 	0.00%
Mar 20, 2015 	20.200 	19.520 	20.200 	19.520 	15.91M 	2.23%
Mar 19, 2015 	19.760 	19.780 	19.960 	19.640 	16.76M 	0.30%
Mar 18, 2015 	19.700 	19.780 	19.800 	19.300 	17.37M 	-0.51%
Mar 17, 2015 	19.800 	19.400 	19.880 	19.400 	7.59M 	2.70%
Mar 16, 2015 	19.280 	19.800 	19.880 	19.280 	5.21M 	-2.63%
Mar 13, 2015 	19.800 	19.600 	19.800 	19.540 	10.67M 	1.02%
Mar 12, 2015 	19.600 	19.440 	19.900 	19.440 	13.31M 	1.55%
Mar 11, 2015 	19.300 	19.580 	19.580 	19.200 	9.43M 	-2.03%
Mar 10, 2015 	19.700 	19.660 	19.860 	19.660 	15.26M 	0.20%
Mar 09, 2015 	19.660 	19.900 	19.900 	19.500 	4.31M 	-1.21%
Mar 06, 2015 	19.900 	19.820 	19.940 	19.760 	7.27M 	0.51%
Mar 05, 2015 	19.800 	19.800 	19.960 	19.680 	10.70M 	0.51%
Mar 04, 2015 	19.700 	19.600 	19.900 	19.560 	6.68M 	0.51%
Mar 03, 2015 	19.600 	19.860 	19.860 	19.540 	9.78M 	0.00%
Mar 02, 2015 	19.600 	19.680 	19.700 	19.400 	16.15M 	-0.81%
Feb 27, 2015 	19.760 	20.200 	20.400 	19.540 	126.41M 	-2.18%
Feb 26, 2015 	20.200 	20.000 	20.250 	19.900 	24.17M 	0.00%
Feb 25, 2015 	20.200 	20.200 	20.400 	19.980 	16.65M 	1.00%
Feb 24, 2015 	20.000 	19.500 	20.050 	19.500 	37.51M 	3.09%
Feb 23, 2015 	19.400 	19.640 	19.740 	19.320 	11.07M 	-1.42%
Feb 20, 2015 	19.680 	19.940 	19.940 	19.600 	5.43M 	-1.30%
Feb 18, 2015 	19.940 	19.720 	20.400 	19.640 	27.61M 	1.73%
Feb 17, 2015 	19.600 	19.400 	19.760 	19.340 	9.09M 	1.14%
Feb 16, 2015 	19.380 	19.600 	19.800 	19.380 	3.43M 	-1.02%
Feb 13, 2015 	19.580 	19.520 	19.720 	19.400 	9.75M 	0.31%
Feb 12, 2015 	19.520 	19.760 	19.800 	19.440 	24.35M 	2.09%
Feb 11, 2015 	19.120 	19.100 	19.600 	19.020 	25.84M 	0.95%
Feb 10, 2015 	18.940 	19.260 	19.260 	18.900 	10.60M 	-0.42%
Feb 09, 2015 	19.020 	18.920 	19.220 	18.920 	8.55M 	0.53%
Feb 06, 2015 	18.920 	18.600 	19.200 	18.600 	12.06M 	2.60%
Feb 05, 2015 	18.440 	18.600 	18.700 	18.380 	9.16M 	-0.86%
Feb 04, 2015 	18.600 	18.500 	19.060 	18.500 	14.99M 	0.87%
Feb 03, 2015 	18.440 	18.560 	18.760 	18.280 	11.82M 	-1.39%
Feb 02, 2015 	18.700 	18.600 	18.760 	18.440 	10.87M 	0.54%
Jan 30, 2015 	18.600 	18.700 	19.000 	18.600 	25.04M 	-0.43%
Jan 29, 2015 	18.680 	18.880 	19.260 	18.600 	21.79M 	-2.20%
Jan 28, 2015 	19.100 	19.380 	19.400 	19.040 	8.72M 	-1.55%
Jan 27, 2015 	19.400 	19.400 	19.400 	19.260 	11.68M 	0.00%
Jan 26, 2015 	19.400 	19.180 	19.480 	19.180 	29.21M 	1.04%
Jan 23, 2015 	19.200 	18.800 	19.200 	18.800 	22.89M 	3.67%
Jan 22, 2015 	18.520 	18.560 	18.620 	18.000 	17.65M 	-0.32%
Jan 21, 2015 	18.580 	18.600 	18.880 	18.340 	13.23M 	-0.11%
Jan 20, 2015 	18.600 	18.740 	19.100 	18.520 	21.67M 	-0.96%
Jan 19, 2015 	18.780 	18.000 	18.800 	17.900 	39.08M 	4.92%
Jan 14, 2015 	17.900 	17.480 	17.940 	17.480 	15.44M 	2.52%
Jan 13, 2015 	17.460 	17.440 	17.600 	17.300 	8.44M 	0.11%
Jan 12, 2015 	17.440 	17.440 	17.580 	17.420 	9.68M 	0.35%
Jan 09, 2015 	17.380 	17.240 	17.480 	17.240 	13.43M 	1.05%
Jan 08, 2015 	17.200 	16.800 	17.300 	16.800 	12.35M 	1.90%
Jan 07, 2015 	16.880 	16.780 	17.100 	16.700 	6.01M 	0.60%
Jan 06, 2015 	16.780 	16.800 	16.900 	16.700 	7.05M 	-0.24%
Jan 05, 2015 	16.820 	17.000 	17.000 	16.820 	5.33M 	-1.29%
Dec 29, 2014 	17.040 	17.020 	17.280 	16.920 	11.10M 	0.83%
Dec 23, 2014 	16.900 	16.800 	17.100 	16.800 	33.44M 	1.44%
Dec 22, 2014 	16.660 	16.960 	17.160 	16.660 	3.91M 	-1.65%
Dec 19, 2014 	16.940 	16.900 	17.340 	16.800 	16.43M 	0.24%
Dec 18, 2014 	16.900 	16.440 	16.900 	16.280 	14.20M 	3.05%
Dec 17, 2014 	16.400 	16.680 	16.680 	16.100 	15.91M 	-1.80%
Dec 16, 2014 	16.700 	16.760 	16.960 	16.320 	47.07M 	-1.76%
Dec 15, 2014 	17.000 	16.000 	17.000 	15.800 	17.40M 	5.07%
Dec 12, 2014 	16.180 	15.920 	16.200 	15.920 	41.05M 	2.80%
Dec 11, 2014 	15.740 	16.400 	16.440 	15.720 	34.33M 	-4.26%
Dec 10, 2014 	16.440 	16.400 	16.840 	16.400 	27.65M 	0.24%
Dec 09, 2014 	16.400 	16.680 	16.680 	16.380 	17.88M 	-1.80%
Dec 05, 2014 	16.700 	16.980 	16.980 	16.640 	11.26M 	-1.76%
Dec 04, 2014 	17.000 	17.000 	17.060 	16.980 	20.99M 	0.00%
Dec 03, 2014 	17.000 	17.000 	17.080 	17.000 	23.35M 	-0.12%
Dec 02, 2014 	17.020 	17.000 	17.060 	16.940 	20.44M 	0.24%
Dec 01, 2014 	16.980 	17.080 	17.120 	16.900 	22.58M 	-0.82%
Nov 28, 2014 	17.120 	17.100 	17.200 	17.020 	14.28M 	0.59%
Nov 27, 2014 	17.020 	17.200 	17.300 	16.980 	30.61M 	-4.81%
Nov 26, 2014 	17.880 	17.800 	18.000 	17.800 	13.64M 	1.59%
Nov 25, 2014 	17.600 	17.560 	17.800 	17.520 	29.15M 	0.34%
Nov 24, 2014 	17.540 	17.480 	17.600 	17.420 	7.31M 	1.27%
Nov 21, 2014 	17.320 	17.400 	17.400 	17.260 	13.40M 	-1.03%
Nov 20, 2014 	17.500 	17.600 	17.600 	17.460 	10.78M 	-0.57%
Nov 19, 2014 	17.600 	17.800 	17.800 	17.500 	7.19M 	-0.11%
Nov 18, 2014 	17.620 	17.700 	17.700 	17.460 	5.11M 	-0.45%
Nov 17, 2014 	17.700 	17.760 	17.760 	17.560 	3.89M 	-0.45%
Nov 14, 2014 	17.780 	17.600 	17.820 	17.600 	9.44M 	1.02%
Nov 13, 2014 	17.600 	17.300 	17.780 	17.300 	7.07M 	1.73%
Nov 12, 2014 	17.300 	17.360 	17.560 	17.300 	6.99M 	-0.35%
Nov 11, 2014 	17.360 	17.400 	17.600 	17.360 	4.48M 	-0.23%
Nov 10, 2014 	17.400 	17.680 	17.700 	17.400 	3.85M 	-1.58%
Nov 07, 2014 	17.680 	17.800 	17.800 	17.560 	11.39M 	-0.11%
Nov 06, 2014 	17.700 	17.600 	17.820 	17.400 	9.26M 	0.57%
Nov 05, 2014 	17.600 	17.320 	17.660 	17.300 	7.47M 	2.33%
Nov 04, 2014 	17.200 	17.620 	17.900 	17.200 	13.82M 	-2.27%
Nov 03, 2014 	17.600 	17.440 	17.700 	17.400 	6.18M 	0.69%
Oct 31, 2014 	17.480 	17.660 	17.660 	17.380 	6.22M 	-1.02%
Oct 30, 2014 	17.660 	17.120 	17.700 	17.100 	9.64M 	3.15%
Oct 29, 2014 	17.120 	16.900 	17.200 	16.900 	12.57M 	3.76%
Oct 28, 2014 	16.500 	17.100 	17.100 	16.500 	4.68M 	-3.51%
Oct 27, 2014 	17.100 	17.140 	17.300 	16.980 	4.93M 	-0.23%
Oct 24, 2014 	17.140 	17.200 	17.240 	17.060 	10.95M 	0.47%
Oct 23, 2014 	17.060 	17.200 	17.200 	17.000 	13.38M 	-1.39%
Oct 22, 2014 	17.300 	17.200 	17.360 	17.180 	11.53M 	0.82%
Oct 21, 2014 	17.160 	17.120 	17.300 	17.020 	8.75M 	0.23%
Oct 20, 2014 	17.120 	16.700 	17.120 	16.700 	11.67M 	3.76%
Oct 17, 2014 	16.500 	16.900 	17.100 	16.500 	12.57M 	-1.79%
Oct 16, 2014 	16.800 	16.780 	16.860 	16.700 	18.16M 	-0.47%
Oct 15, 2014 	16.880 	17.000 	17.080 	16.820 	13.99M 	-0.59%
Oct 14, 2014 	16.980 	17.240 	17.280 	16.960 	21.63M 	-1.51%
Oct 13, 2014 	17.240 	17.580 	17.580 	17.100 	23.06M 	-0.92%
Oct 10, 2014 	17.400 	17.380 	17.460 	17.160 	8.59M 	-0.68%
Oct 09, 2014 	17.520 	17.660 	17.760 	17.480 	7.63M 	0.34%
Oct 08, 2014 	17.460 	17.400 	17.540 	17.200 	8.63M 	-0.46%
Oct 07, 2014 	17.540 	17.500 	17.720 	17.400 	8.65M 	-0.45%
Oct 03, 2014 	17.620 	17.440 	17.740 	17.440 	6.48M 	1.03%
Oct 02, 2014 	17.440 	17.460 	17.600 	17.320 	9.19M 	-2.02%
Oct 01, 2014 	17.800 	17.500 	17.800 	17.480 	5.11M 	1.83%
Sep 30, 2014 	17.480 	17.480 	17.700 	17.400 	14.96M 	0.00%
Sep 29, 2014 	17.480 	17.800 	17.880 	17.400 	12.07M 	-1.80%
Sep 26, 2014 	17.800 	17.740 	17.960 	17.720 	13.24M 	0.56%
Sep 25, 2014 	17.700 	18.320 	18.380 	17.700 	25.97M 	-3.38%
Sep 24, 2014 	18.320 	17.700 	18.380 	17.600 	35.71M 	3.04%
Sep 23, 2014 	17.780 	17.900 	17.900 	17.560 	13.83M 	-0.67%
Sep 22, 2014 	17.900 	17.700 	18.080 	17.300 	37.25M 	1.13%
Sep 18, 2014 	17.700 	17.180 	17.740 	17.120 	25.86M 	3.75%
Sep 17, 2014 	17.060 	17.180 	17.200 	16.980 	11.38M 	0.35%
Sep 16, 2014 	17.000 	16.860 	17.120 	16.760 	4.73M 	0.83%
Sep 15, 2014 	16.860 	16.860 	17.120 	16.820 	6.66M 	0.00%
Sep 12, 2014 	16.860 	16.580 	16.880 	16.580 	6.76M 	2.06%
Sep 11, 2014 	16.520 	16.580 	16.940 	16.500 	9.43M 	0.73%
Sep 10, 2014 	16.400 	17.100 	17.100 	16.380 	29.23M 	-3.87%
Sep 09, 2014 	17.060 	17.400 	17.500 	17.040 	8.69M 	-2.51%
Sep 08, 2014 	17.500 	16.900 	17.500 	16.900 	26.64M 	3.55%
Sep 05, 2014 	16.900 	16.740 	16.940 	16.720 	19.50M 	0.96%
Sep 04, 2014 	16.740 	16.660 	16.740 	16.660 	5.52M 	0.48%
Sep 03, 2014 	16.660 	16.580 	16.720 	16.580 	9.73M 	0.97%
Sep 02, 2014 	16.500 	16.400 	16.580 	16.400 	9.14M 	0.12%
Sep 01, 2014 	16.480 	16.500 	16.600 	16.260 	4.15M 	1.85%
Aug 29, 2014 	16.180 	16.600 	16.600 	16.180 	15.34M 	-2.65%
Aug 28, 2014 	16.620 	16.700 	16.700 	16.580 	5.97M 	-0.12%
Aug 27, 2014 	16.640 	16.700 	16.700 	16.580 	9.54M 	-0.12%
Aug 26, 2014 	16.660 	16.640 	16.720 	16.560 	11.71M 	0.12%
Aug 22, 2014 	16.640 	16.580 	16.640 	16.500 	6.00M 	1.34%
Aug 20, 2014 	16.420 	16.260 	16.640 	16.260 	16.75M 	1.11%
Aug 19, 2014 	16.240 	16.220 	16.360 	16.160 	10.55M 	0.25%
Aug 18, 2014 	16.200 	16.200 	16.280 	16.160 	12.75M 	0.12%
Aug 15, 2014 	16.180 	16.400 	16.400 	16.120 	17.85M 	-0.98%
Aug 14, 2014 	16.340 	16.320 	16.420 	16.220 	15.72M 	0.74%
Aug 13, 2014 	16.220 	16.220 	16.280 	16.160 	8.92M 	0.00%
Aug 12, 2014 	16.220 	16.160 	16.320 	16.140 	11.76M 	0.62%
Aug 11, 2014 	16.120 	15.900 	16.140 	15.880 	12.06M 	1.38%
Aug 08, 2014 	15.900 	16.140 	16.160 	15.600 	12.78M 	-1.12%
Aug 07, 2014 	16.080 	16.000 	16.160 	16.000 	9.05M 	0.50%
Aug 06, 2014 	16.000 	16.040 	16.040 	15.880 	4.68M 	-0.37%
Aug 05, 2014 	16.060 	16.080 	16.080 	15.920 	9.87M 	0.37%
Aug 04, 2014 	16.000 	15.460 	16.100 	15.460 	19.59M 	3.90%
Aug 01, 2014 	15.400 	15.480 	15.500 	15.080 	14.25M 	0.52%
Jul 31, 2014 	15.320 	15.580 	15.700 	15.180 	26.06M 	-1.67%
Jul 30, 2014 	15.580 	15.700 	15.820 	15.520 	14.93M 	-1.14%
Jul 28, 2014 	15.760 	15.820 	15.960 	15.720 	10.48M 	-0.38%
Jul 25, 2014 	15.820 	15.820 	15.880 	15.800 	13.48M 	0.00%
Jul 24, 2014 	15.820 	15.880 	15.880 	15.800 	26.30M 	-0.38%
Jul 23, 2014 	15.880 	15.780 	15.900 	15.740 	7.52M 	0.89%
Jul 22, 2014 	15.740 	15.800 	15.800 	15.700 	8.20M 	-0.25%
Jul 21, 2014 	15.780 	15.740 	15.940 	15.720 	7.69M 	0.25%
Jul 18, 2014 	15.740 	15.960 	15.960 	15.700 	16.17M 	-1.63%
Jul 17, 2014 	16.000 	15.940 	16.200 	15.940 	17.18M 	0.38%
Jul 15, 2014 	15.940 	16.000 	16.000 	15.880 	8.56M 	0.25%
Jul 14, 2014 	15.900 	16.060 	16.140 	15.900 	8.58M 	-1.00%
Jul 11, 2014 	16.060 	16.320 	16.380 	16.040 	6.10M 	-1.47%
Jul 10, 2014 	16.300 	16.340 	16.400 	16.240 	12.87M 	-0.12%
Jul 09, 2014 	16.320 	16.400 	16.460 	16.300 	14.28M 	-0.37%
Jul 08, 2014 	16.380 	16.540 	16.600 	16.260 	9.75M 	-0.85%
Jul 07, 2014 	16.520 	16.580 	16.740 	16.520 	11.87M 	-0.24%
Jul 04, 2014 	16.560 	16.320 	16.580 	16.320 	30.61M 	2.10%
Jul 03, 2014 	16.220 	16.000 	16.320 	15.960 	13.38M 	1.50%
Jul 02, 2014 	15.980 	16.000 	16.000 	15.800 	9.54M 	0.88%
Jul 01, 2014 	15.840 	15.860 	16.000 	15.780 	8.55M 	-0.13%
Jun 30, 2014 	15.860 	15.940 	16.060 	15.860 	15.33M 	-0.38%
Jun 27, 2014 	15.920 	16.360 	16.400 	15.900 	28.39M 	-2.93%
Jun 26, 2014 	16.400 	16.300 	16.400 	16.220 	7.71M 	0.61%
Jun 25, 2014 	16.300 	16.020 	16.380 	16.020 	22.59M 	1.62%
Jun 24, 2014 	16.040 	16.060 	16.180 	16.000 	13.73M 	0.12%
Jun 23, 2014 	16.020 	16.200 	16.200 	16.020 	9.37M 	-0.87%
Jun 20, 2014 	16.160 	16.240 	16.280 	16.120 	6.41M 	-0.25%
Jun 19, 2014 	16.200 	16.200 	16.220 	15.900 	1.60M 	0.25%
Jun 18, 2014 	16.160 	16.040 	16.160 	15.840 	7.44M 	0.37%
Jun 17, 2014 	16.100 	16.160 	16.200 	15.880 	4.34M 	-0.25%
Jun 16, 2014 	16.140 	16.280 	16.320 	16.100 	6.14M 	-0.25%
Jun 13, 2014 	16.180 	16.320 	16.320 	16.040 	6.61M 	-0.74%
Jun 11, 2014 	16.300 	16.400 	16.420 	16.000 	9.08M 	-0.61%
Jun 10, 2014 	16.400 	16.500 	16.500 	16.200 	7.23M 	-0.61%
Jun 09, 2014 	16.500 	16.360 	16.500 	16.200 	9.15M 	2.10%
Jun 06, 2014 	16.160 	16.140 	16.300 	16.100 	5.96M 	0.37%
Jun 05, 2014 	16.100 	16.240 	16.240 	15.760 	12.04M 	-0.62%
Jun 04, 2014 	16.200 	16.580 	16.640 	16.200 	5.43M 	-2.29%
Jun 03, 2014 	16.580 	16.500 	16.680 	16.460 	9.81M 	0.48%
Jun 02, 2014 	16.500 	16.300 	16.500 	16.100 	9.20M 	-1.55%
May 30, 2014 	16.760 	16.380 	16.760 	15.780 	23.42M 	2.57%
May 29, 2014 	16.340 	16.460 	16.580 	16.200 	7.88M 	-0.61%
May 28, 2014 	16.440 	16.340 	16.480 	16.280 	10.82M 	0.86%
May 27, 2014 	16.300 	16.320 	16.420 	16.240 	6.54M 	0.00%
May 26, 2014 	16.300 	16.500 	16.600 	16.100 	3.55M 	-0.49%
May 23, 2014 	16.380 	16.500 	16.500 	16.200 	6.54M 	-0.24%
May 22, 2014 	16.420 	16.220 	16.480 	16.220 	6.15M 	1.61%
May 21, 2014 	16.160 	16.700 	16.720 	16.160 	12.48M 	-4.38%
May 20, 2014 	16.900 	17.100 	17.200 	16.900 	15.74M 	-1.05%
May 19, 2014 	17.080 	16.920 	17.140 	16.900 	10.19M 	0.95%
May 16, 2014 	16.920 	16.840 	16.920 	16.600 	11.44M 	-0.35%
May 15, 2014 	16.980 	17.060 	17.080 	16.860 	17.05M 	-0.24%
May 14, 2014 	17.020 	16.980 	17.200 	16.940 	19.14M 	0.59%
May 13, 2014 	16.920 	17.000 	17.060 	16.840 	8.55M 	-0.12%
May 12, 2014 	16.940 	16.780 	16.960 	16.600 	10.31M 	0.00%
May 09, 2014 	16.940 	16.980 	17.200 	16.920 	26.67M 	0.83%
May 08, 2014 	16.800 	16.380 	17.100 	16.320 	38.30M 	3.32%
May 07, 2014 	16.260 	16.560 	16.560 	16.200 	17.97M 	-1.81%
May 06, 2014 	16.560 	16.680 	16.680 	16.480 	5.57M 	-0.84%
May 05, 2014 	16.700 	16.580 	16.900 	16.360 	9.89M 	0.48%
May 02, 2014 	16.620 	16.340 	16.740 	16.340 	25.77M 	1.84%
Apr 30, 2014 	16.320 	15.980 	16.460 	15.980 	26.09M 	2.13%
Apr 29, 2014 	15.980 	15.880 	16.200 	15.860 	17.82M 	1.27%
Apr 28, 2014 	15.780 	16.280 	16.360 	15.780 	18.71M 	-3.07%
Apr 25, 2014 	16.280 	16.520 	16.600 	16.280 	11.95M 	-1.45%
Apr 24, 2014 	16.520 	16.640 	16.640 	16.380 	16.63M 	-0.72%
Apr 23, 2014 	16.640 	16.600 	16.680 	16.580 	25.96M 	0.36%
Apr 22, 2014 	16.580 	16.700 	16.760 	16.500 	27.33M 	-0.24%
Apr 21, 2014 	16.620 	16.300 	16.700 	16.300 	42.56M 	3.88%
Apr 16, 2014 	16.000 	15.480 	16.000 	15.480 	49.76M 	3.36%
Apr 15, 2014 	15.480 	15.400 	15.520 	15.380 	24.37M 	1.18%
Apr 14, 2014 	15.300 	15.560 	15.560 	15.300 	14.80M 	-1.67%
Apr 11, 2014 	15.560 	15.640 	15.640 	15.460 	13.01M 	-0.77%
Apr 10, 2014 	15.680 	15.500 	15.780 	15.500 	52.28M 	1.16%
Apr 08, 2014 	15.500 	15.500 	15.660 	15.380 	21.51M 	0.00%
Apr 07, 2014 	15.500 	15.400 	15.520 	15.280 	14.66M 	0.65%
Apr 04, 2014 	15.400 	15.500 	15.760 	15.380 	49.87M 	-0.65%
Apr 03, 2014 	15.500 	15.200 	15.500 	15.120 	35.99M 	2.24%
Apr 02, 2014 	15.160 	14.960 	15.200 	14.960 	27.40M 	1.74%
Apr 01, 2014 	14.900 	14.600 	14.980 	14.560 	31.06M 	2.05%
Mar 31, 2014 	14.600 	14.460 	14.600 	14.460 	10.38M 	1.81%
Mar 28, 2014 	14.340 	14.440 	14.440 	14.320 	22.06M 	-0.69%
Mar 27, 2014 	14.440 	14.600 	14.700 	14.380 	16.43M 	-0.69%
Mar 26, 2014 	14.540 	14.520 	14.640 	14.500 	28.37M 	0.14%
Mar 25, 2014 	14.520 	14.660 	14.660 	14.500 	8.73M 	-0.95%
Mar 24, 2014 	14.660 	14.700 	14.720 	14.620 	6.08M 	-0.27%
Mar 21, 2014 	14.700 	14.780 	14.780 	14.600 	13.04M 	-0.54%
Mar 20, 2014 	14.780 	14.780 	14.800 	14.660 	8.71M 	-0.14%
Mar 19, 2014 	14.800 	14.840 	14.920 	14.740 	8.58M 	0.00%
Mar 18, 2014 	14.800 	14.660 	14.800 	14.600 	8.62M 	0.95%
Mar 17, 2014 	14.660 	14.500 	14.660 	14.340 	29.13M 	1.81%
Mar 14, 2014 	14.400 	14.600 	14.620 	14.400 	24.93M 	-1.50%
Mar 13, 2014 	14.620 	14.500 	14.660 	14.500 	7.65M 	0.97%
Mar 12, 2014 	14.480 	14.800 	14.820 	14.440 	13.61M 	-2.16%
Mar 11, 2014 	14.800 	14.660 	14.840 	14.640 	8.60M 	0.95%
Mar 10, 2014 	14.660 	14.760 	14.820 	14.620 	8.82M 	-0.54%
Mar 07, 2014 	14.740 	15.000 	15.140 	14.700 	20.21M 	-1.60%
Mar 06, 2014 	14.980 	15.020 	15.100 	14.940 	35.66M 	0.54%
Mar 05, 2014 	14.900 	14.760 	15.120 	14.760 	92.89M 	2.48%
Mar 04, 2014 	14.540 	14.520 	14.680 	14.420 	66.99M 	-0.14%
Mar 03, 2014 	14.560 	14.720 	14.760 	14.520 	15.15M 	-0.27%
Feb 28, 2014 	14.600 	14.720 	14.840 	14.600 	19.87M 	-0.68%
Feb 27, 2014 	14.700 	14.440 	14.740 	14.420 	20.80M 	2.23%
Feb 26, 2014 	14.380 	14.400 	14.560 	14.220 	31.48M 	-0.28%
Feb 25, 2014 	14.420 	14.860 	14.940 	14.380 	38.57M 	-3.09%
Feb 24, 2014 	14.880 	14.900 	15.000 	14.700 	21.11M 	0.13%
Feb 21, 2014 	14.860 	15.000 	15.100 	14.840 	19.51M 	-0.27%
Feb 20, 2014 	14.900 	15.000 	15.100 	14.780 	25.70M 	-0.27%
Feb 19, 2014 	14.940 	14.940 	15.020 	14.800 	29.27M 	0.54%
Feb 18, 2014 	14.860 	15.040 	15.040 	14.840 	17.28M 	-0.54%
Feb 17, 2014 	14.940 	14.840 	15.060 	14.840 	11.50M 	0.67%
Feb 14, 2014 	14.840 	14.620 	14.860 	14.620 	8.54M 	0.95%
Feb 13, 2014 	14.700 	15.060 	15.060 	14.580 	23.94M 	-2.26%
Feb 12, 2014 	15.040 	15.440 	15.440 	15.020 	8.15M 	-2.21%
Feb 11, 2014 	15.380 	14.900 	15.460 	14.900 	21.43M 	3.78%
Feb 10, 2014 	14.820 	14.880 	15.100 	14.820 	9.89M 	0.00%
Feb 07, 2014 	14.820 	14.660 	14.860 	14.660 	16.95M 	1.79%
Feb 06, 2014 	14.560 	14.620 	14.660 	14.460 	18.63M 	0.14%
Feb 05, 2014 	14.540 	14.840 	14.900 	14.540 	11.24M 	-1.09%
Feb 04, 2014 	14.700 	15.000 	15.100 	14.680 	26.86M 	-3.67%
Feb 03, 2014 	15.260 	15.520 	15.520 	15.120 	16.87M 	-1.68%
Jan 30, 2014 	15.520 	15.060 	15.520 	14.880 	58.86M 	2.24%
Jan 29, 2014 	15.180 	15.020 	15.240 	15.020 	42.10M 	2.15%
Jan 28, 2014 	14.860 	14.680 	15.020 	14.600 	40.98M 	1.36%
Jan 27, 2014 	14.660 	14.620 	14.740 	14.380 	28.45M 	-0.95%
Jan 24, 2014 	14.800 	14.460 	14.920 	14.300 	36.43M 	2.21%
Jan 23, 2014 	14.480 	14.500 	14.600 	14.360 	18.12M 	0.00%
Jan 22, 2014 	14.480 	14.120 	14.500 	14.120 	42.11M 	2.70%
Jan 21, 2014 	14.100 	14.220 	14.300 	14.100 	13.95M 	-0.70%
Jan 20, 2014 	14.200 	14.520 	14.620 	14.200 	14.85M 	-1.80%
Jan 17, 2014 	14.460 	14.500 	14.500 	14.380 	13.43M 	0.00%
Jan 16, 2014 	14.460 	14.500 	14.600 	14.460 	15.63M 	-0.28%
Jan 15, 2014 	14.500 	14.460 	14.660 	14.460 	7.15M 	0.55%
Jan 14, 2014 	14.420 	14.600 	14.740 	14.420 	9.08M 	-1.77%
Jan 13, 2014 	14.680 	14.480 	14.720 	14.400 	65.33M 	2.37%
Jan 10, 2014 	14.340 	14.500 	14.500 	14.220 	21.59M 	-1.10%
Jan 09, 2014 	14.500 	14.640 	14.700 	14.420 	24.97M 	-1.23%
Jan 08, 2014 	14.680 	14.460 	14.800 	14.400 	23.12M 	1.94%
Jan 07, 2014 	14.400 	14.640 	14.780 	14.400 	12.83M 	-1.37%
Jan 06, 2014 	14.600 	14.900 	14.900 	14.480 	15.05M 	-1.35%
Jan 03, 2014 	14.800 	14.980 	15.000 	14.800 	9.93M 	-1.33%
Jan 02, 2014 	15.000 	14.780 	15.160 	14.780 	11.03M 	2.18%
Dec 27, 2013 	14.680 	14.720 	14.800 	14.640 	10.67M 	0.00%
Dec 26, 2013 	14.680 	14.600 	14.780 	14.600 	7.39M 	1.24%
Dec 23, 2013 	14.500 	14.600 	14.700 	14.400 	39.42M 	0.00%
Dec 20, 2013 	14.500 	15.000 	15.000 	14.400 	14.89M 	-2.82%
Dec 19, 2013 	14.920 	15.040 	15.260 	14.920 	20.86M 	1.50%
Dec 18, 2013 	14.700 	15.020 	15.020 	14.700 	13.64M 	-1.87%
Dec 17, 2013 	14.980 	15.300 	15.360 	14.960 	16.10M 	-0.13%
Dec 16, 2013 	15.000 	14.980 	15.500 	14.940 	10.56M 	0.00%
Dec 13, 2013 	15.000 	14.980 	15.300 	14.920 	12.03M 	0.00%
Dec 12, 2013 	15.000 	15.000 	15.200 	14.900 	19.32M 	-0.27%
Dec 11, 2013 	15.040 	15.100 	15.240 	15.020 	20.38M 	-0.40%
Dec 10, 2013 	15.100 	15.600 	15.600 	15.020 	8.35M 	-3.45%
Dec 09, 2013 	15.640 	15.880 	15.900 	15.560 	9.69M 	-1.39%
Dec 06, 2013 	15.860 	15.900 	15.920 	15.700 	6.06M 	-0.25%
Dec 05, 2013 	15.900 	16.120 	16.120 	15.860 	10.41M 	-1.36%
Dec 04, 2013 	16.120 	16.020 	16.120 	15.860 	14.30M 	0.37%
Dec 03, 2013 	16.060 	16.580 	16.580 	15.960 	8.13M 	-3.02%
Dec 02, 2013 	16.560 	16.440 	16.680 	16.400 	8.82M 	0.98%
Nov 29, 2013 	16.400 	16.200 	16.460 	15.580 	30.87M 	2.37%
Nov 28, 2013 	16.020 	15.960 	16.080 	15.860 	26.41M 	1.26%
Nov 27, 2013 	15.820 	15.900 	16.200 	15.640 	32.69M 	0.13%
Nov 26, 2013 	15.800 	16.000 	16.000 	15.740 	32.36M 	-1.25%
Nov 25, 2013 	16.000 	16.320 	16.600 	15.840 	15.78M 	-3.61%
Nov 22, 2013 	16.600 	16.660 	16.800 	16.440 	12.16M 	-0.24%
Nov 21, 2013 	16.640 	16.600 	16.680 	16.220 	13.48M 	0.97%
Nov 20, 2013 	16.480 	17.060 	17.060 	16.480 	16.65M 	-3.40%
Nov 19, 2013 	17.060 	17.400 	17.500 	16.920 	17.39M 	-2.96%
Nov 18, 2013 	17.580 	17.420 	17.620 	17.420 	8.28M 	1.15%
Nov 15, 2013 	17.380 	17.520 	17.800 	17.380 	16.46M 	-1.03%
Nov 14, 2013 	17.560 	17.700 	17.760 	17.380 	13.57M 	-0.79%
Nov 13, 2013 	17.700 	17.780 	17.780 	17.420 	6.44M 	-0.45%
Nov 12, 2013 	17.780 	17.800 	18.000 	17.640 	13.15M 	1.02%
Nov 11, 2013 	17.600 	17.880 	17.880 	17.320 	18.56M 	-1.68%
Nov 08, 2013 	17.900 	18.300 	18.300 	17.740 	24.18M 	-3.24%
Nov 07, 2013 	18.500 	19.000 	19.000 	18.400 	25.25M 	-1.60%
Nov 06, 2013 	18.800 	19.200 	19.280 	18.760 	19.99M 	-2.08%
Nov 05, 2013 	19.200 	19.340 	19.620 	18.500 	66.93M 	-0.41%
Nov 04, 2013 	19.280 	19.160 	19.360 	18.880 	24.53M 	0.52%
Oct 31, 2013 	19.180 	18.800 	19.220 	18.740 	47.34M 	2.68%
Oct 30, 2013 	18.680 	18.500 	18.780 	18.400 	26.25M 	0.97%
Oct 29, 2013 	18.500 	18.000 	18.700 	17.860 	30.91M 	-5.52%
Oct 25, 2013 	19.580 	17.160 	19.580 	16.720 	38.94M 	15.86%
Oct 24, 2013 	16.900 	17.200 	17.220 	16.900 	10.17M 	-2.65%
Oct 23, 2013 	17.360 	16.900 	17.460 	16.900 	17.28M 	3.09%
Oct 22, 2013 	16.840 	16.520 	16.900 	16.520 	19.23M 	1.94%
Oct 21, 2013 	16.520 	16.600 	16.740 	16.500 	11.68M 	0.12%
Oct 18, 2013 	16.500 	16.600 	16.820 	16.500 	16.02M 	-1.20%
Oct 17, 2013 	16.700 	16.760 	16.880 	16.600 	9.97M 	0.97%
Oct 16, 2013 	16.540 	16.380 	16.760 	16.360 	9.38M 	0.98%
Oct 14, 2013 	16.380 	16.520 	16.680 	16.360 	11.75M 	-1.80%
Oct 11, 2013 	16.680 	17.000 	17.200 	16.680 	8.74M 	-0.71%
Oct 10, 2013 	16.800 	16.600 	16.940 	16.520 	9.33M 	1.82%
Oct 09, 2013 	16.500 	16.840 	16.840 	16.500 	6.89M 	-2.60%
Oct 08, 2013 	16.940 	16.640 	16.940 	16.440 	7.32M 	1.68%
Oct 07, 2013 	16.660 	16.320 	16.700 	16.320 	6.01M 	2.08%
Oct 04, 2013 	16.320 	16.140 	16.360 	16.140 	11.28M 	-0.12%
Oct 03, 2013 	16.340 	16.500 	16.680 	16.180 	8.04M 	0.86%
Oct 02, 2013 	16.200 	16.200 	16.700 	16.140 	23.37M 	0.87%
Oct 01, 2013 	16.060 	16.160 	16.320 	16.000 	20.87M 	0.25%
Sep 30, 2013 	16.020 	17.180 	17.180 	16.020 	17.76M 	-6.97%
Sep 27, 2013 	17.220 	17.380 	17.500 	17.200 	17.63M 	0.70%
Sep 26, 2013 	17.100 	17.600 	17.600 	17.100 	8.63M 	-2.06%
Sep 25, 2013 	17.460 	17.560 	17.560 	17.340 	20.98M 	-0.46%
Sep 24, 2013 	17.540 	17.620 	17.620 	17.300 	15.28M 	-0.45%
Sep 23, 2013 	17.620 	17.500 	17.680 	17.300 	13.87M 	0.11%
Sep 20, 2013 	17.600 	17.600 	17.600 	17.300 	34.41M 	0.00%
Sep 19, 2013 	17.600 	17.420 	17.700 	17.360 	40.78M 	4.14%
Sep 18, 2013 	16.900 	17.380 	17.380 	16.740 	10.39M 	-2.76%
Sep 17, 2013 	17.380 	16.980 	17.400 	16.940 	21.02M 	2.36%
Sep 16, 2013 	16.980 	16.140 	16.980 	16.140 	15.29M 	4.94%
Sep 13, 2013 	16.180 	16.500 	16.500 	16.000 	10.47M 	-1.94%
Sep 12, 2013 	16.500 	16.800 	16.900 	16.500 	18.64M 	-1.43%
Sep 11, 2013 	16.740 	16.900 	16.920 	16.640 	25.28M 	0.84%
Sep 10, 2013 	16.600 	16.600 	16.920 	16.460 	40.39M 	2.09%
Sep 09, 2013 	16.260 	16.140 	16.360 	16.140 	9.41M 	0.62%
Sep 06, 2013 	16.160 	16.100 	16.180 	15.800 	12.64M 	-0.12%
Sep 05, 2013 	16.180 	16.180 	16.260 	15.800 	13.90M 	0.00%
Sep 04, 2013 	16.180 	16.720 	16.720 	16.000 	11.58M 	-3.46%
Sep 03, 2013 	16.760 	16.260 	16.760 	16.260 	9.23M 	3.46%
Sep 02, 2013 	16.200 	16.180 	16.300 	16.040 	19.95M 	0.00%
Aug 30, 2013 	16.200 	15.980 	16.400 	15.700 	30.96M 	2.27%
Aug 29, 2013 	15.840 	15.100 	15.920 	14.960 	18.50M 	5.88%
Aug 28, 2013 	14.960 	15.000 	15.260 	14.640 	32.36M 	-5.20%
Aug 27, 2013 	15.780 	16.100 	16.100 	15.160 	18.86M 	-2.59%
Aug 23, 2013 	16.200 	16.260 	16.260 	16.040 	19.55M 	1.25%
Aug 22, 2013 	16.000 	16.300 	16.900 	15.960 	36.58M 	-10.61%
Aug 16, 2013 	17.900 	17.800 	17.920 	17.680 	10.12M 	-0.11%
Aug 15, 2013 	17.920 	18.220 	18.220 	17.800 	10.81M 	-2.29%
Aug 14, 2013 	18.340 	17.960 	18.400 	17.740 	21.20M 	1.89%
Aug 13, 2013 	18.000 	16.960 	18.000 	16.960 	13.29M 	6.13%
Aug 12, 2013 	16.960 	16.600 	17.020 	16.600 	9.33M 	2.29%
Aug 08, 2013 	16.580 	16.740 	16.740 	16.400 	7.78M 	-1.19%
Aug 07, 2013 	16.780 	16.400 	16.900 	16.200 	15.73M 	2.07%
Aug 06, 2013 	16.440 	16.520 	16.580 	16.220 	4.59M 	-0.36%
Aug 05, 2013 	16.500 	16.620 	16.660 	16.400 	15.48M 	-0.72%
Aug 02, 2013 	16.620 	17.640 	17.900 	16.500 	31.45M 	-5.57%
Aug 01, 2013 	17.600 	17.680 	17.820 	17.600 	9.36M 	0.11%
Jul 31, 2013 	17.580 	18.120 	18.380 	17.400 	18.92M 	-2.98%
Jul 30, 2013 	18.120 	18.460 	18.540 	18.100 	16.40M 	-1.84%
Jul 29, 2013 	18.460 	18.740 	18.740 	18.400 	9.49M 	-1.49%
Jul 26, 2013 	18.740 	18.880 	18.900 	18.700 	6.15M 	-0.74%
Jul 25, 2013 	18.880 	18.960 	19.000 	18.700 	8.87M 	-0.53%
Jul 24, 2013 	18.980 	18.560 	18.980 	18.540 	16.40M 	2.71%
Jul 23, 2013 	18.480 	18.360 	18.500 	18.340 	19.45M 	0.76%
Jul 22, 2013 	18.340 	17.980 	18.500 	17.920 	33.27M 	2.46%
Jul 19, 2013 	17.900 	17.840 	18.120 	17.700 	9.84M 	0.00%
Jul 18, 2013 	17.900 	17.600 	17.900 	17.400 	8.26M 	1.70%
Jul 17, 2013 	17.600 	17.400 	17.600 	17.020 	4.29M 	1.15%
Jul 16, 2013 	17.400 	17.500 	17.580 	17.280 	9.31M 	-0.57%
Jul 15, 2013 	17.500 	17.100 	17.900 	17.100 	26.87M 	2.94%
Jul 12, 2013 	17.000 	16.640 	17.100 	16.640 	23.02M 	3.79%
Jul 11, 2013 	16.380 	16.340 	16.600 	16.260 	31.56M 	0.49%
Jul 10, 2013 	16.300 	16.540 	16.600 	16.260 	10.00M 	-1.21%
Jul 09, 2013 	16.500 	16.500 	16.600 	16.300 	12.11M 	0.00%
Jul 08, 2013 	16.500 	16.680 	16.780 	16.400 	21.89M 	-1.79%
Jul 05, 2013 	16.800 	16.960 	16.960 	16.700 	6.53M 	0.00%
Jul 04, 2013 	16.800 	16.500 	17.000 	16.420 	23.96M 	1.82%
Jul 03, 2013 	16.500 	16.820 	16.820 	16.300 	11.50M 	-1.90%
Jul 02, 2013 	16.820 	16.640 	17.220 	16.640 	16.07M 	1.08%
Jul 01, 2013 	16.640 	16.300 	16.820 	16.300 	20.57M 	2.09%
Jun 28, 2013 	16.300 	16.360 	16.520 	16.200 	44.14M 	0.00%
Jun 27, 2013 	16.300 	16.180 	16.620 	16.080 	33.01M 	3.16%
Jun 26, 2013 	15.800 	15.320 	15.960 	15.200 	25.84M 	6.76%
Jun 25, 2013 	14.800 	14.340 	15.000 	14.300 	43.28M 	3.21%
Jun 24, 2013 	14.340 	15.100 	15.100 	14.300 	29.65M 	-5.03%
Jun 21, 2013 	15.100 	14.800 	15.500 	14.800 	49.10M 	-3.94%
Jun 20, 2013 	15.720 	16.300 	16.300 	15.580 	29.84M 	-5.53%
Jun 19, 2013 	16.640 	17.100 	17.180 	16.400 	26.46M 	-1.89%
Jun 18, 2013 	16.960 	16.700 	17.300 	16.600 	25.68M 	3.04%
Jun 17, 2013 	16.460 	16.140 	16.500 	15.840 	10.58M 	1.98%
Jun 14, 2013 	16.140 	16.100 	16.680 	15.980 	38.40M 	4.13%
Jun 13, 2013 	15.500 	16.860 	16.900 	15.300 	43.19M 	-8.39%
Jun 11, 2013 	16.920 	18.300 	18.300 	16.900 	29.98M 	-7.84%
Jun 10, 2013 	18.360 	17.300 	18.500 	17.300 	32.55M 	6.62%
Jun 07, 2013 	17.220 	17.400 	17.680 	16.740 	21.52M 	0.12%
Jun 06, 2013 	17.200 	17.320 	17.800 	16.520 	26.69M 	-0.58%
Jun 05, 2013 	17.300 	17.660 	17.980 	17.140 	31.78M 	-1.70%
Jun 04, 2013 	17.600 	18.260 	18.300 	16.940 	49.80M 	-3.51%
Jun 03, 2013 	18.240 	18.800 	18.800 	18.080 	51.23M 	-6.46%
May 30, 2013 	19.500 	20.000 	20.500 	19.200 	18.58M 	-2.50%
May 29, 2013 	20.000 	20.300 	20.400 	19.820 	22.71M 	-1.48%
May 28, 2013 	20.300 	20.200 	20.500 	19.880 	12.44M 	0.74%
May 27, 2013 	20.150 	21.250 	21.300 	20.100 	13.53M 	-5.18%
May 24, 2013 	21.250 	21.300 	21.450 	21.000 	8.35M 	-0.23%
May 23, 2013 	21.300 	20.700 	21.900 	20.500 	26.91M 	2.90%
May 22, 2013 	20.700 	20.700 	20.700 	20.150 	11.03M 	0.00%
May 21, 2013 	20.700 	20.050 	20.750 	20.000 	9.05M 	3.50%
May 20, 2013 	20.000 	20.200 	20.250 	19.860 	11.15M 	-0.74%
May 17, 2013 	20.150 	20.500 	20.500 	19.980 	15.19M 	-2.66%
May 16, 2013 	20.700 	20.400 	20.700 	19.900 	10.90M 	0.49%
May 15, 2013 	20.600 	20.050 	20.700 	20.050 	11.07M 	3.00%
May 14, 2013 	20.000 	20.050 	20.150 	20.000 	4.05M 	-0.25%
May 10, 2013 	20.050 	20.000 	20.100 	19.960 	13.04M 	0.00%
May 09, 2013 	20.050 	20.200 	20.200 	19.980 	4.94M 	0.00%
May 08, 2013 	20.050 	19.960 	20.150 	19.960 	7.27M 	0.65%
May 07, 2013 	19.920 	20.300 	20.400 	19.680 	7.70M 	-1.63%
May 06, 2013 	20.250 	20.200 	20.450 	20.000 	14.24M 	1.00%
May 03, 2013 	20.050 	20.300 	20.400 	19.940 	24.14M 	1.37%
May 02, 2013 	19.780 	20.000 	20.000 	19.600 	3.91M 	-1.10%
Apr 30, 2013 	20.000 	19.780 	20.300 	19.780 	19.26M 	1.63%
Apr 29, 2013 	19.680 	19.720 	19.900 	19.600 	11.93M 	-0.10%
Apr 26, 2013 	19.700 	19.880 	20.150 	19.700 	10.77M 	-0.91%
Apr 25, 2013 	19.880 	19.860 	20.050 	19.840 	22.51M 	0.10%
Apr 24, 2013 	19.860 	19.640 	19.900 	19.640 	13.54M 	3.98%
Apr 23, 2013 	19.100 	19.620 	20.050 	19.100 	26.38M 	-4.50%
Apr 22, 2013 	20.000 	19.500 	20.000 	19.140 	13.80M 	3.09%
Apr 19, 2013 	19.400 	19.240 	19.480 	19.180 	11.35M 	0.73%
Apr 18, 2013 	19.260 	19.040 	19.320 	19.000 	8.65M 	1.16%
Apr 17, 2013 	19.040 	19.200 	19.220 	19.040 	10.10M 	0.32%
Apr 16, 2013 	18.980 	18.780 	19.020 	18.500 	10.73M 	-0.11%
Apr 15, 2013 	19.000 	19.460 	19.540 	19.000 	5.27M 	-2.26%
Apr 12, 2013 	19.440 	19.420 	19.480 	19.420 	8.10M 	0.21%
Apr 11, 2013 	19.400 	19.420 	19.500 	19.360 	2.56M 	0.94%
Apr 10, 2013 	19.220 	19.200 	19.360 	19.040 	8.95M 	1.69%
Apr 08, 2013 	18.900 	19.020 	19.100 	18.820 	7.55M 	-0.63%
Apr 05, 2013 	19.020 	19.520 	19.520 	19.000 	8.07M 	-2.56%
Apr 04, 2013 	19.520 	19.680 	19.680 	19.420 	7.51M 	-0.81%
Apr 03, 2013 	19.680 	19.760 	19.800 	19.400 	8.43M 	-0.20%
Apr 02, 2013 	19.720 	19.800 	19.800 	19.000 	10.30M 	-0.40%
Apr 01, 2013 	19.800 	19.400 	20.000 	19.300 	14.66M 	3.66%
Mar 27, 2013 	19.100 	18.500 	19.140 	18.500 	19.33M 	3.35%
Mar 26, 2013 	18.480 	18.420 	18.580 	18.420 	17.94M 	0.33%
Mar 25, 2013 	18.420 	18.300 	18.420 	18.300 	17.94M 	1.21%
Mar 22, 2013 	18.200 	18.400 	18.400 	18.200 	15.72M 	-1.09%
Mar 21, 2013 	18.400 	18.500 	18.780 	18.300 	41.66M 	0.00%
Mar 20, 2013 	18.400 	18.200 	18.500 	17.820 	18.54M 	1.10%
Mar 19, 2013 	18.200 	18.760 	18.760 	18.000 	14.01M 	-3.09%
Mar 18, 2013 	18.780 	19.000 	19.120 	18.580 	11.31M 	-2.69%
Mar 15, 2013 	19.300 	18.800 	19.300 	18.720 	9.70M 	2.66%
Mar 14, 2013 	18.800 	18.920 	18.920 	18.700 	13.46M 	-0.53%
Mar 13, 2013 	18.900 	18.940 	18.960 	18.880 	12.13M 	-0.11%
Mar 12, 2013 	18.920 	19.020 	19.060 	18.900 	9.82M 	-0.42%
Mar 11, 2013 	19.000 	18.920 	19.360 	18.900 	9.87M 	0.42%
Mar 08, 2013 	18.920 	18.880 	18.960 	18.760 	17.00M 	1.18%
Mar 07, 2013 	18.700 	19.000 	19.100 	18.700 	17.53M 	-0.74%
Mar 06, 2013 	18.840 	18.700 	19.060 	18.700 	22.85M 	1.29%
Mar 05, 2013 	18.600 	18.600 	18.700 	18.600 	17.23M 	0.00%
Mar 04, 2013 	18.600 	19.000 	19.000 	18.460 	12.63M 	-1.90%
Mar 01, 2013 	18.960 	19.000 	19.100 	18.860 	20.51M 	-0.21%
Feb 28, 2013 	19.000 	18.900 	19.000 	18.800 	20.80M 	1.17%
Feb 27, 2013 	18.780 	18.600 	18.880 	18.600 	22.56M 	1.51%
Feb 26, 2013 	18.500 	18.740 	18.740 	18.400 	19.71M 	-1.60%
Feb 25, 2013 	18.800 	18.960 	19.000 	18.680 	14.33M 	-0.74%
Feb 22, 2013 	18.940 	19.480 	19.500 	18.700 	15.35M 	-2.77%
Feb 21, 2013 	19.480 	19.900 	20.600 	19.400 	20.10M 	-0.10%
Feb 20, 2013 	19.500 	19.600 	20.800 	19.500 	19.00M 	1.14%
Feb 19, 2013 	19.280 	19.200 	19.520 	19.200 	11.54M 	2.12%
Feb 18, 2013 	18.880 	18.300 	19.300 	18.300 	12.70M 	3.17%
Feb 15, 2013 	18.300 	18.500 	18.520 	18.300 	5.81M 	-0.11%
Feb 14, 2013 	18.320 	18.480 	18.480 	18.280 	5.05M 	-0.65%
Feb 13, 2013 	18.440 	18.440 	18.500 	18.280 	4.18M 	0.00%
Feb 12, 2013 	18.440 	18.480 	18.500 	18.300 	1.42M 	-0.32%
Feb 11, 2013 	18.500 	18.440 	18.560 	18.300 	6.95M 	0.11%
Feb 08, 2013 	18.480 	18.500 	18.660 	18.040 	8.29M 	0.98%
Feb 07, 2013 	18.300 	17.700 	18.300 	17.600 	13.95M 	4.81%
Feb 06, 2013 	17.460 	18.300 	18.300 	17.360 	23.00M 	-3.85%
Feb 05, 2013 	18.160 	18.300 	18.500 	18.160 	10.24M 	-0.77%
Feb 04, 2013 	18.300 	18.040 	18.440 	18.040 	8.91M 	1.78%
Feb 01, 2013 	17.980 	17.540 	18.160 	17.500 	12.33M 	2.51%
Jan 31, 2013 	17.540 	17.700 	17.700 	17.200 	15.68M 	0.00%
Jan 30, 2013 	17.540 	17.280 	17.720 	17.280 	15.08M 	1.98%
Jan 29, 2013 	17.200 	17.340 	17.360 	17.000 	5.14M 	1.65%
Jan 28, 2013 	16.920 	16.960 	17.000 	16.880 	10.41M 	-0.35%
Jan 25, 2013 	16.980 	17.360 	17.500 	16.860 	27.61M 	-2.19%
Jan 24, 2013 	17.360 	17.040 	17.400 	17.000 	7.90M 	1.76%
Jan 23, 2013 	17.060 	17.020 	17.100 	16.940 	15.13M 	0.35%
Jan 22, 2013 	17.000 	17.000 	17.460 	16.860 	11.88M 	0.00%
Jan 21, 2013 	17.000 	16.680 	17.080 	16.680 	16.93M 	2.41%
Jan 18, 2013 	16.600 	16.560 	16.600 	16.460 	52.14M 	0.36%
Jan 17, 2013 	16.540 	16.700 	16.700 	16.420 	17.88M 	-0.72%
Jan 16, 2013 	16.660 	16.900 	16.940 	16.560 	8.49M 	-1.07%
Jan 15, 2013 	16.840 	16.980 	17.000 	16.740 	5.97M 	-0.82%
Jan 14, 2013 	16.980 	16.980 	17.000 	16.940 	15.63M 	0.59%
Jan 11, 2013 	16.880 	17.000 	17.000 	16.800 	9.91M 	-0.71%
Jan 10, 2013 	17.000 	17.060 	17.060 	16.720 	7.47M 	-0.47%
Jan 09, 2013 	17.080 	16.900 	17.140 	16.860 	20.59M 	1.07%
Jan 08, 2013 	16.900 	16.980 	16.980 	16.800 	10.09M 	-0.12%
Jan 07, 2013 	16.920 	16.760 	17.040 	16.760 	25.39M 	1.32%
Jan 04, 2013 	16.700 	16.680 	16.740 	16.620 	6.76M 	0.00%
Jan 03, 2013 	16.700 	16.520 	16.800 	16.500 	8.80M 	3.09%
Jan 02, 2013 	16.200 	16.400 	16.760 	16.100 	5.92M 	-1.82%
Dec 28, 2012 	16.500 	16.900 	16.920 	16.500 	10.92M 	-1.79%
Dec 27, 2012 	16.800 	16.980 	16.980 	16.600 	13.02M 	0.00%
Dec 26, 2012 	16.800 	16.540 	17.020 	16.540 	9.24M 	1.69%
Dec 21, 2012 	16.520 	16.140 	16.900 	16.140 	23.42M 	2.23%
Dec 20, 2012 	16.160 	15.900 	16.360 	15.900 	13.42M 	1.25%
Dec 19, 2012 	15.960 	15.260 	15.980 	15.260 	8.12M 	5.28%
Dec 18, 2012 	15.160 	15.600 	15.880 	15.040 	16.72M 	-2.32%
Dec 17, 2012 	15.520 	15.940 	16.120 	15.520 	18.14M 	-2.63%
Dec 14, 2012 	15.940 	15.880 	16.000 	15.840 	8.66M 	0.38%
Dec 13, 2012 	15.880 	16.000 	16.080 	15.700 	10.48M 	-0.50%
Dec 12, 2012 	15.960 	15.900 	16.080 	15.900 	8.45M 	0.38%
Dec 11, 2012 	15.900 	15.760 	16.120 	15.760 	12.41M 	0.76%
Dec 10, 2012 	15.780 	15.620 	15.780 	15.560 	15.47M 	0.13%
Dec 07, 2012 	15.760 	16.040 	16.040 	15.660 	21.20M 	-1.75%
Dec 06, 2012 	16.040 	16.000 	16.100 	15.980 	25.96M 	0.25%
Dec 05, 2012 	16.000 	16.400 	16.500 	15.960 	48.34M 	-3.61%
Dec 04, 2012 	16.600 	16.200 	17.020 	16.200 	44.77M 	2.72%
Dec 03, 2012 	16.160 	15.560 	16.220 	15.560 	46.14M 	3.86%
Nov 29, 2012 	15.560 	15.140 	15.560 	15.100 	20.70M 	2.91%
Nov 28, 2012 	15.120 	14.520 	15.160 	14.500 	29.80M 	4.28%
Nov 27, 2012 	14.500 	14.600 	14.600 	14.480 	44.86M 	-0.14%
Nov 26, 2012 	14.520 	14.560 	14.600 	14.480 	20.60M 	0.14%
Nov 23, 2012 	14.500 	14.540 	14.580 	14.500 	14.00M 	0.00%
Nov 22, 2012 	14.500 	14.540 	14.660 	14.500 	13.39M 	0.00%
Nov 21, 2012 	14.500 	14.500 	14.660 	14.480 	24.34M 	0.14%
Nov 20, 2012 	14.480 	14.480 	14.700 	14.460 	12.21M 	0.00%
Nov 19, 2012 	14.480 	14.600 	14.600 	14.440 	13.04M 	0.00%
Nov 16, 2012 	14.480 	14.500 	14.500 	14.460 	9.17M 	-0.14%
Nov 15, 2012 	14.500 	14.520 	14.600 	14.420 	14.46M 	0.00%
Nov 14, 2012 	14.500 	14.500 	14.580 	14.480 	20.37M 	0.00%
Nov 13, 2012 	14.500 	14.560 	14.620 	14.460 	6.98M 	-0.14%
Nov 12, 2012 	14.520 	14.600 	14.620 	14.520 	26.34M 	-0.41%
Nov 09, 2012 	14.580 	14.600 	14.600 	14.540 	5.23M 	-0.14%
Nov 08, 2012 	14.600 	14.580 	14.600 	14.540 	6.78M 	0.00%
Nov 07, 2012 	14.600 	14.600 	14.700 	14.560 	4.09M 	0.14%
Nov 06, 2012 	14.580 	14.660 	14.660 	14.500 	30.52M 	0.41%
Nov 05, 2012 	14.520 	14.660 	14.700 	14.460 	26.95M 	0.14%
Oct 31, 2012 	14.500 	14.400 	14.580 	14.400 	10.41M 	0.97%
Oct 30, 2012 	14.360 	14.380 	14.400 	14.280 	12.25M 	0.42%
Oct 29, 2012 	14.300 	14.280 	14.500 	14.280 	7.45M 	0.42%
Oct 25, 2012 	14.240 	14.280 	14.380 	14.240 	29.45M 	-0.14%
Oct 24, 2012 	14.260 	14.400 	14.400 	14.260 	3.25M 	-0.97%
Oct 23, 2012 	14.400 	14.400 	14.500 	14.400 	8.13M 	-0.69%
Oct 22, 2012 	14.500 	14.580 	14.800 	14.460 	9.31M 	-0.68%
Oct 19, 2012 	14.600 	14.760 	14.920 	14.600 	10.12M 	-1.08%
Oct 18, 2012 	14.760 	14.900 	14.900 	14.700 	23.41M 	0.96%
Oct 17, 2012 	14.620 	14.300 	14.900 	14.300 	25.77M 	2.38%
Oct 16, 2012 	14.280 	14.280 	14.340 	14.260 	7.72M 	0.14%
Oct 15, 2012 	14.260 	14.280 	14.360 	14.120 	9.06M 	-0.28%
Oct 12, 2012 	14.300 	14.120 	14.500 	14.080 	22.00M 	1.42%
Oct 11, 2012 	14.100 	13.960 	14.200 	13.960 	10.96M 	0.86%
Oct 10, 2012 	13.980 	13.980 	14.020 	13.920 	8.27M 	0.43%
Oct 09, 2012 	13.920 	13.980 	14.060 	13.900 	5.66M 	0.00%
Oct 08, 2012 	13.920 	13.980 	13.980 	13.900 	6.35M 	-0.43%
Oct 05, 2012 	13.980 	14.000 	14.220 	13.980 	31.34M 	-0.14%
Oct 04, 2012 	14.000 	13.960 	14.100 	13.960 	11.18M 	0.72%
Oct 03, 2012 	13.900 	14.000 	14.000 	13.900 	6.86M 	-0.57%
Oct 02, 2012 	13.980 	14.060 	14.080 	13.960 	7.19M 	-0.57%
Oct 01, 2012 	14.060 	14.160 	14.160 	14.000 	3.14M 	-0.99%
Sep 28, 2012 	14.200 	14.000 	14.200 	13.980 	8.30M 	1.72%
Sep 27, 2012 	13.960 	14.080 	14.080 	13.960 	5.71M 	-0.29%
Sep 26, 2012 	14.000 	14.120 	14.120 	13.960 	8.47M 	-0.71%
Sep 25, 2012 	14.100 	14.240 	14.240 	14.080 	5.45M 	-1.12%
Sep 24, 2012 	14.260 	13.960 	14.260 	13.900 	13.68M 	3.18%
Sep 21, 2012 	13.820 	13.960 	13.960 	13.780 	9.35M 	-0.29%
Sep 20, 2012 	13.860 	14.000 	14.000 	13.740 	11.12M 	-0.72%
Sep 19, 2012 	13.960 	14.100 	14.160 	13.960 	1.70M 	-0.99%
Sep 18, 2012 	14.100 	13.960 	14.180 	13.940 	7.45M 	1.15%
Sep 17, 2012 	13.940 	14.000 	14.000 	13.900 	8.14M 	0.00%
Sep 14, 2012 	13.940 	13.800 	14.000 	13.800 	18.91M 	1.31%
Sep 13, 2012 	13.760 	13.780 	13.880 	13.700 	7.11M 	0.44%
Sep 12, 2012 	13.700 	14.000 	14.000 	13.600 	11.83M 	-1.72%
Sep 11, 2012 	13.940 	14.140 	14.140 	13.800 	3.51M 	-1.13%
Sep 10, 2012 	14.100 	14.020 	14.100 	14.020 	2.93M 	1.00%
Sep 07, 2012 	13.960 	13.900 	14.000 	13.840 	4.28M 	2.50%
Sep 06, 2012 	13.620 	13.660 	13.900 	13.620 	7.20M 	0.15%
Sep 05, 2012 	13.600 	13.700 	13.900 	13.600 	8.87M 	-1.16%
Sep 04, 2012 	13.760 	13.980 	14.060 	13.760 	6.26M 	-1.29%
Sep 03, 2012 	13.940 	13.920 	14.000 	13.900 	16.04M 	-0.43%
Aug 31, 2012 	14.000 	13.940 	14.000 	13.740 	11.85M 	1.45%
Aug 30, 2012 	13.800 	13.980 	13.980 	13.700 	12.03M 	0.00%
Aug 29, 2012 	13.800 	13.760 	14.000 	13.760 	23.71M 	0.29%
Aug 28, 2012 	13.760 	13.600 	13.860 	13.580 	8.68M 	1.18%
Aug 24, 2012 	13.600 	13.800 	13.900 	13.560 	7.89M 	-1.45%
Aug 23, 2012 	13.800 	13.960 	13.960 	13.600 	3.86M 	-0.29%
Aug 22, 2012 	13.840 	13.900 	14.000 	13.840 	5.17M 	-0.43%
Aug 17, 2012 	13.900 	14.000 	14.000 	13.880 	12.12M 	-0.14%
Aug 16, 2012 	13.920 	14.040 	14.040 	13.880 	8.31M 	-0.85%
Aug 15, 2012 	14.040 	14.120 	14.260 	13.980 	13.35M 	-0.71%
Aug 14, 2012 	14.140 	14.020 	14.320 	14.000 	9.89M 	0.86%
Aug 13, 2012 	14.020 	14.020 	14.200 	13.980 	7.98M 	0.00%
Aug 10, 2012 	14.020 	13.980 	14.160 	13.960 	7.28M 	-0.28%
Aug 09, 2012 	14.060 	14.080 	14.200 	13.920 	10.96M 	0.00%
Aug 08, 2012 	14.060 	13.860 	14.100 	13.860 	7.03M 	1.88%
Aug 06, 2012 	13.800 	13.820 	13.980 	13.660 	3.06M 	0.00%
Aug 03, 2012 	13.800 	14.080 	14.100 	13.720 	7.42M 	-1.85%
Aug 02, 2012 	14.060 	13.880 	14.280 	13.860 	12.27M 	1.15%
Aug 01, 2012 	13.900 	13.980 	14.040 	13.760 	6.53M 	-0.57%
Jul 31, 2012 	13.980 	13.940 	14.140 	13.760 	25.41M 	0.29%
Jul 30, 2012 	13.940 	13.360 	13.960 	13.360 	14.07M 	4.34%
Jul 27, 2012 	13.360 	13.260 	13.400 	13.180 	7.49M 	2.14%
Jul 26, 2012 	13.080 	13.400 	13.400 	13.040 	4.12M 	-0.91%
Jul 25, 2012 	13.200 	13.480 	13.500 	13.180 	3.47M 	-0.45%
Jul 24, 2012 	13.260 	13.460 	13.600 	13.140 	7.00M 	-1.63%
Jul 23, 2012 	13.480 	13.500 	13.500 	13.220 	2.18M 	-0.88%
Jul 20, 2012 	13.600 	13.060 	13.680 	13.040 	7.85M 	4.29%
Jul 19, 2012 	13.040 	13.500 	13.540 	12.960 	11.55M 	-2.69%
Jul 18, 2012 	13.400 	13.700 	13.700 	13.380 	5.83M 	-2.19%
Jul 17, 2012 	13.700 	13.760 	13.760 	13.620 	3.78M 	-0.44%
Jul 16, 2012 	13.760 	13.380 	13.780 	13.380 	12.64M 	2.84%
Jul 13, 2012 	13.380 	12.840 	13.420 	12.800 	13.69M 	3.88%
Jul 12, 2012 	12.880 	12.640 	12.900 	12.640 	7.60M 	0.62%
Jul 11, 2012 	12.800 	12.900 	12.900 	12.540 	17.01M 	-1.08%
Jul 10, 2012 	12.940 	13.080 	13.080 	12.820 	14.53M 	-1.07%
Jul 09, 2012 	13.080 	13.300 	13.300 	13.000 	7.45M 	-1.80%
Jul 06, 2012 	13.320 	13.200 	13.340 	13.180 	5.05M 	0.91%
Jul 05, 2012 	13.200 	13.120 	13.240 	13.120 	6.62M 	0.76%
Jul 04, 2012 	13.100 	13.400 	13.400 	13.000 	11.38M 	-1.50%
Jul 03, 2012 	13.300 	13.060 	13.560 	13.040 	19.83M 	1.84%
Jul 02, 2012 	13.060 	13.040 	13.140 	13.000 	7.21M 	0.31%
Jun 29, 2012 	13.020 	13.020 	13.100 	12.940 	5.87M 	0.00%
Jun 28, 2012 	13.020 	13.000 	13.140 	12.900 	9.23M 	0.62%
Jun 27, 2012 	12.940 	12.840 	13.000 	12.800 	12.44M 	0.62%
Jun 26, 2012 	12.860 	12.980 	13.200 	12.780 	4.39M 	-0.31%
Jun 25, 2012 	12.900 	13.180 	13.180 	12.800 	5.66M 	-0.77%
Jun 22, 2012 	13.000 	13.100 	13.260 	12.940 	5.09M 	-2.99%
Jun 21, 2012 	13.400 	13.120 	13.400 	12.920 	8.64M 	1.67%
Jun 20, 2012 	13.180 	13.180 	13.220 	13.020 	7.24M 	1.85%
Jun 19, 2012 	12.940 	13.140 	13.140 	12.800 	6.52M 	-1.52%
Jun 18, 2012 	13.140 	12.420 	13.160 	12.420 	11.21M 	8.60%
Jun 15, 2012 	12.100 	12.900 	12.900 	12.100 	4.91M 	-4.87%
Jun 14, 2012 	12.720 	12.600 	12.800 	12.400 	3.95M 	0.95%
Jun 13, 2012 	12.600 	12.740 	12.740 	12.280 	16.40M 	-0.79%
Jun 11, 2012 	12.700 	12.580 	12.740 	12.500 	6.97M 	3.93%
Jun 08, 2012 	12.220 	12.580 	12.600 	12.220 	4.48M 	-2.86%
Jun 07, 2012 	12.580 	12.600 	12.600 	12.460 	9.19M 	1.45%
Jun 06, 2012 	12.400 	12.580 	12.800 	12.400 	7.43M 	-0.80%
Jun 05, 2012 	12.500 	12.560 	12.800 	12.500 	4.54M 	0.00%
Jun 04, 2012 	12.500 	12.660 	12.720 	12.480 	14.73M 	-2.80%
Jun 01, 2012 	12.860 	12.800 	12.980 	12.700 	10.19M 	0.94%
May 31, 2012 	12.740 	12.900 	13.460 	12.500 	27.27M 	-2.00%
May 30, 2012 	13.000 	13.480 	13.500 	13.000 	8.98M 	-2.11%
May 29, 2012 	13.280 	12.900 	13.460 	12.900 	4.65M 	3.43%
May 28, 2012 	12.840 	12.800 	12.900 	12.800 	2.98M 	0.31%
May 25, 2012 	12.800 	12.800 	12.880 	12.760 	3.60M 	0.00%
May 24, 2012 	12.800 	12.880 	12.900 	12.720 	3.59M 	0.79%
May 23, 2012 	12.700 	12.800 	12.800 	12.600 	7.13M 	-1.40%
May 22, 2012 	12.880 	13.000 	13.120 	12.600 	15.25M 	1.42%
May 18, 2012 	12.700 	12.800 	13.040 	12.670 	14.56M 	-2.01%
May 17, 2012 	12.960 	12.450 	12.960 	12.430 	16.92M 	4.10%
May 16, 2012 	12.450 	12.430 	12.800 	12.400 	15.29M 	0.16%
May 15, 2012 	12.430 	12.240 	12.610 	12.110 	22.31M 	0.24%
May 14, 2012 	12.400 	12.750 	12.800 	12.160 	6.95M 	-2.67%
May 11, 2012 	12.740 	12.880 	12.880 	12.720 	18.54M 	-0.47%
May 10, 2012 	12.800 	12.880 	12.880 	12.610 	13.32M 	-0.39%
May 09, 2012 	12.850 	12.820 	12.930 	12.800 	10.93M 	0.39%
May 08, 2012 	12.800 	12.640 	12.960 	12.640 	21.09M 	-1.23%
May 07, 2012 	12.960 	13.380 	13.380 	12.910 	22.98M 	-3.43%
May 04, 2012 	13.420 	13.440 	13.460 	13.390 	10.19M 	0.22%