Feb 07, 2018 	165.80 	160.00 	165.80 	160.00 	1.21M 	5.67%
Feb 06, 2018 	156.90 	151.00 	156.90 	151.00 	1.31M 	-0.06%
Feb 05, 2018 	157.00 	161.00 	161.00 	154.30 	1.72M 	-3.21%
Feb 02, 2018 	162.20 	160.00 	162.50 	159.60 	835.24K 	1.06%
Feb 01, 2018 	160.50 	159.70 	161.00 	159.20 	1.76M 	-0.50%
Jan 31, 2018 	161.30 	163.00 	163.40 	161.30 	1.48M 	-1.29%
Jan 30, 2018 	163.40 	170.40 	171.00 	162.50 	1.80M 	-4.05%
Jan 29, 2018 	170.30 	169.00 	170.30 	168.50 	1.19M 	-0.41%
Jan 26, 2018 	171.00 	169.70 	171.00 	169.50 	836.63K 	0.77%
Jan 25, 2018 	169.70 	169.50 	170.50 	168.60 	1.13M 	-0.18%
Jan 24, 2018 	170.00 	169.00 	171.00 	168.80 	1.73M 	0.59%
Jan 23, 2018 	169.00 	169.00 	169.00 	168.10 	1.14M 	0.00%
Jan 22, 2018 	169.00 	167.20 	170.30 	167.20 	846.84K 	-0.59%
Jan 19, 2018 	170.00 	168.10 	171.20 	166.60 	780.37K 	0.77%
Jan 18, 2018 	168.70 	167.40 	173.00 	167.20 	1.44M 	-0.41%
Jan 17, 2018 	169.40 	164.10 	169.40 	164.10 	1.85M 	2.05%
Jan 16, 2018 	166.00 	164.20 	168.00 	164.20 	1.00M 	1.22%
Jan 15, 2018 	164.00 	164.80 	166.20 	163.10 	1.27M 	0.61%
Jan 12, 2018 	163.00 	166.50 	169.00 	163.00 	1.16M 	-2.69%
Jan 11, 2018 	167.50 	171.00 	171.00 	165.00 	1.59M 	-2.62%
Jan 10, 2018 	172.00 	173.00 	173.90 	170.00 	1.77M 	-1.15%
Jan 09, 2018 	174.00 	165.00 	174.00 	164.50 	2.82M 	5.45%
Jan 08, 2018 	165.00 	163.90 	167.00 	162.00 	2.23M 	0.67%
Jan 05, 2018 	163.90 	156.00 	165.00 	154.10 	3.86M 	5.06%
Jan 04, 2018 	156.00 	151.00 	156.00 	151.00 	1.35M 	1.30%
Jan 03, 2018 	154.00 	151.30 	154.00 	149.50 	1.15M 	1.99%
Dec 29, 2017 	151.00 	154.00 	155.00 	151.00 	816.16K 	-2.58%
Dec 28, 2017 	155.00 	153.00 	155.00 	151.00 	1.50M 	1.31%
Dec 27, 2017 	153.00 	150.00 	153.00 	149.80 	1.57M 	1.32%
Dec 22, 2017 	151.00 	150.00 	151.00 	150.00 	400.06K 	-0.66%
Dec 21, 2017 	152.00 	151.00 	152.00 	150.00 	1.33M 	0.66%
Dec 20, 2017 	151.00 	150.40 	151.50 	150.40 	784.92K 	0.00%
Dec 19, 2017 	151.00 	152.00 	152.10 	150.00 	786.81K 	-1.31%
Dec 18, 2017 	153.00 	150.40 	153.00 	149.00 	1.66M 	1.32%
Dec 15, 2017 	151.00 	151.50 	152.50 	148.90 	1.53M 	-1.95%
Dec 14, 2017 	154.00 	150.10 	154.00 	150.00 	1.79M 	2.67%
Dec 13, 2017 	150.00 	144.50 	153.10 	144.30 	2.33M 	4.17%
Dec 12, 2017 	144.00 	143.30 	144.00 	141.00 	413.68K 	0.35%
Dec 11, 2017 	143.50 	143.10 	144.00 	142.50 	1.48M 	-0.35%
Dec 08, 2017 	144.00 	135.10 	144.00 	135.10 	3.06M 	5.88%
Dec 07, 2017 	136.00 	136.00 	136.50 	135.00 	1.14M 	0.37%
Dec 06, 2017 	135.50 	134.00 	137.10 	133.00 	672.76K 	1.88%
Dec 05, 2017 	133.00 	132.70 	134.00 	132.60 	744.32K 	0.00%
Dec 04, 2017 	133.00 	131.10 	134.00 	131.00 	1.15M 	0.76%
Dec 01, 2017 	132.00 	133.00 	134.50 	131.40 	1.97M 	-0.75%
Nov 29, 2017 	133.00 	135.10 	137.20 	133.00 	3.28M 	-2.85%
Nov 28, 2017 	136.90 	135.00 	136.90 	134.50 	552.77K 	1.41%
Nov 27, 2017 	135.00 	137.10 	137.10 	134.00 	1.29M 	-2.81%
Nov 24, 2017 	138.90 	137.20 	138.90 	136.60 	1.28M 	0.80%
Nov 23, 2017 	137.80 	137.60 	137.90 	136.50 	450.12K 	-0.14%
Nov 22, 2017 	138.00 	138.00 	138.60 	137.50 	877.17K 	-0.72%
Nov 21, 2017 	139.00 	139.70 	140.00 	137.70 	1.23M 	-0.50%
Nov 20, 2017 	139.70 	137.00 	141.00 	137.00 	970.93K 	0.50%
Nov 17, 2017 	139.00 	135.10 	139.00 	135.00 	794.80K 	2.96%
Nov 16, 2017 	135.00 	135.50 	138.40 	134.00 	1.04M 	-0.37%
Nov 15, 2017 	135.50 	136.00 	136.40 	135.40 	765.00K 	-0.66%
Nov 14, 2017 	136.40 	137.00 	137.00 	135.50 	1.41M 	-0.07%
Nov 13, 2017 	136.50 	137.00 	137.80 	136.00 	1.44M 	0.00%
Nov 10, 2017 	136.50 	137.00 	138.80 	136.20 	1.91M 	-0.51%
Nov 09, 2017 	137.20 	139.90 	140.20 	135.00 	2.56M 	-1.72%
Nov 08, 2017 	139.60 	141.00 	143.00 	139.00 	1.43M 	0.07%
Nov 07, 2017 	139.50 	145.20 	145.20 	139.00 	2.41M 	-4.12%
Nov 06, 2017 	145.50 	141.90 	145.50 	141.90 	442.98K 	2.46%
Nov 03, 2017 	142.00 	143.00 	143.00 	141.50 	3.24M 	-0.70%
Nov 02, 2017 	143.00 	141.30 	143.00 	137.50 	1.17M 	0.00%
Oct 30, 2017 	143.00 	141.00 	143.00 	141.00 	227.95K 	0.70%
Oct 27, 2017 	142.00 	139.30 	142.00 	139.30 	612.07K 	0.00%
Oct 26, 2017 	142.00 	140.10 	142.00 	138.60 	868.46K 	1.43%
Oct 25, 2017 	140.00 	139.90 	142.00 	139.00 	589.85K 	0.07%
Oct 24, 2017 	139.90 	141.50 	143.00 	139.90 	636.78K 	-0.07%
Oct 23, 2017 	140.00 	137.10 	141.60 	137.10 	619.40K 	2.19%
Oct 20, 2017 	137.00 	140.00 	141.10 	137.00 	2.83M 	-2.21%
Oct 19, 2017 	140.10 	144.00 	144.00 	140.10 	1.73M 	-2.91%
Oct 18, 2017 	144.30 	147.00 	147.80 	144.10 	2.54M 	-1.16%
Oct 17, 2017 	146.00 	150.40 	150.50 	144.90 	2.75M 	-2.01%
Oct 13, 2017 	149.00 	148.50 	149.00 	148.00 	1.33M 	0.07%
Oct 12, 2017 	148.90 	145.00 	148.90 	144.40 	910.54K 	3.40%
Oct 11, 2017 	144.00 	149.80 	150.00 	144.00 	2.26M 	-3.87%
Oct 10, 2017 	149.80 	150.00 	150.40 	149.60 	1.46M 	-0.13%
Oct 09, 2017 	150.00 	152.50 	152.50 	149.10 	1.18M 	-0.60%
Oct 06, 2017 	150.90 	153.20 	154.20 	150.30 	683.12K 	-2.01%
Oct 05, 2017 	154.00 	153.70 	154.20 	153.00 	547.47K 	0.20%
Oct 04, 2017 	153.70 	152.90 	154.00 	152.30 	663.48K 	0.79%
Oct 03, 2017 	152.50 	152.60 	152.90 	152.00 	1.00M 	-0.07%
Oct 02, 2017 	152.60 	152.00 	152.80 	151.70 	1.40M 	-0.13%
Sep 29, 2017 	152.80 	150.40 	152.80 	150.00 	787.97K 	1.06%
Sep 28, 2017 	151.20 	152.80 	152.90 	150.10 	1.15M 	-1.18%
Sep 27, 2017 	153.00 	150.00 	153.00 	149.30 	941.60K 	0.99%
Sep 26, 2017 	151.50 	152.40 	152.40 	149.80 	2.61M 	-0.72%
Sep 25, 2017 	152.60 	154.00 	154.00 	151.10 	390.89K 	-1.10%
Sep 22, 2017 	154.30 	155.50 	156.00 	154.00 	533.29K 	0.06%
Sep 21, 2017 	154.20 	150.20 	156.50 	150.20 	1.78M 	2.73%
Sep 20, 2017 	150.10 	150.00 	151.30 	150.00 	715.46K 	0.07%
Sep 19, 2017 	150.00 	153.00 	153.00 	150.00 	2.73M 	-1.32%
Sep 18, 2017 	152.00 	153.70 	153.70 	150.20 	1.40M 	-1.23%
Sep 15, 2017 	153.90 	153.80 	153.90 	151.00 	1.73M 	0.00%
Sep 14, 2017 	153.90 	154.00 	155.00 	152.60 	2.77M 	0.00%
Sep 13, 2017 	153.90 	154.00 	154.80 	152.20 	1.12M 	0.20%
Sep 11, 2017 	153.60 	154.00 	154.50 	153.50 	1.19M 	0.07%
Sep 08, 2017 	153.50 	153.00 	154.30 	152.20 	499.14K 	0.33%
Sep 07, 2017 	153.00 	152.10 	153.20 	152.10 	1.30M 	0.66%
Sep 06, 2017 	152.00 	150.90 	152.00 	150.10 	634.48K 	1.27%
Sep 05, 2017 	150.10 	150.10 	150.60 	150.00 	1.18M 	0.07%
Sep 04, 2017 	150.00 	149.90 	150.80 	147.40 	2.17M 	2.67%
Aug 31, 2017 	146.10 	148.90 	151.00 	146.10 	1.57M 	-1.88%
Aug 30, 2017 	148.90 	149.90 	150.00 	147.20 	1.49M 	1.09%
Aug 29, 2017 	147.30 	152.90 	153.00 	147.00 	1.05M 	-3.66%
Aug 25, 2017 	152.90 	152.00 	154.20 	151.30 	1.46M 	1.06%
Aug 24, 2017 	151.30 	151.40 	152.40 	150.40 	680.19K 	0.20%
Aug 23, 2017 	151.00 	151.60 	152.30 	150.60 	2.07M 	0.00%
Aug 22, 2017 	151.00 	145.10 	151.00 	145.00 	2.95M 	0.67%
Aug 18, 2017 	150.00 	148.50 	150.70 	148.40 	1.56M 	1.01%
Aug 17, 2017 	148.50 	148.80 	149.80 	147.10 	2.00M 	1.02%
Aug 16, 2017 	147.00 	147.00 	148.50 	145.10 	2.64M 	0.00%
Aug 15, 2017 	147.00 	143.00 	147.30 	140.70 	839.01K 	3.30%
Aug 14, 2017 	142.30 	143.20 	143.30 	139.70 	1.26M 	-0.49%
Aug 11, 2017 	143.00 	139.00 	144.00 	135.20 	1.53M 	2.51%
Aug 10, 2017 	139.50 	146.50 	146.50 	138.50 	3.10M 	-4.91%
Aug 09, 2017 	146.70 	146.80 	147.50 	146.50 	1.71M 	-0.07%
Aug 08, 2017 	146.80 	149.00 	149.00 	146.80 	5.28M 	-3.10%
Aug 07, 2017 	151.50 	153.50 	155.00 	149.10 	1.93M 	-0.53%
Aug 04, 2017 	152.30 	154.00 	154.00 	150.60 	865.98K 	-1.10%
Aug 03, 2017 	154.00 	155.00 	155.30 	152.80 	973.59K 	-0.52%
Aug 02, 2017 	154.80 	154.00 	156.10 	151.00 	1.03M 	1.11%
Aug 01, 2017 	153.10 	160.90 	160.90 	153.10 	1.57M 	-4.91%
Jul 31, 2017 	161.00 	160.00 	161.00 	158.30 	1.04M 	0.63%
Jul 28, 2017 	160.00 	160.00 	160.00 	158.00 	1.10M 	0.06%
Jul 27, 2017 	159.90 	159.10 	160.50 	156.80 	2.15M 	0.57%
Jul 26, 2017 	159.00 	162.80 	163.50 	159.00 	420.53K 	-1.24%
Jul 25, 2017 	161.00 	160.40 	162.00 	160.00 	673.73K 	0.00%
Jul 24, 2017 	161.00 	161.00 	162.40 	160.40 	1.41M 	0.00%
Jul 21, 2017 	161.00 	162.00 	162.00 	160.60 	1.26M 	-0.62%
Jul 20, 2017 	162.00 	162.10 	163.00 	161.30 	776.25K 	-0.06%
Jul 19, 2017 	162.10 	161.30 	163.20 	160.40 	499.96K 	0.50%
Jul 18, 2017 	161.30 	162.00 	162.00 	161.00 	869.50K 	-0.12%
Jul 17, 2017 	161.50 	162.70 	162.90 	161.00 	316.90K 	0.00%
Jul 14, 2017 	161.50 	163.00 	163.00 	160.80 	788.17K 	-0.74%
Jul 13, 2017 	162.70 	163.00 	163.10 	162.10 	2.28M 	0.06%
Jul 12, 2017 	162.60 	162.00 	163.20 	162.00 	451.59K 	0.56%
Jul 11, 2017 	161.70 	163.80 	163.80 	161.00 	1.37M 	-0.49%
Jul 10, 2017 	162.50 	164.30 	164.60 	162.10 	1.38M 	-1.10%
Jul 07, 2017 	164.30 	164.40 	165.40 	163.00 	2.05M 	-0.42%
Jul 06, 2017 	165.00 	163.70 	165.00 	163.70 	231.96K 	0.79%
Jul 05, 2017 	163.70 	162.50 	163.70 	162.00 	312.78K 	1.05%
Jul 04, 2017 	162.00 	162.90 	163.00 	161.00 	870.47K 	-0.55%
Jul 03, 2017 	162.90 	162.70 	162.90 	161.50 	409.84K 	0.00%
Jun 30, 2017 	162.90 	162.50 	162.90 	160.10 	927.77K 	0.87%
Jun 29, 2017 	161.50 	162.60 	162.60 	161.00 	1.53M 	0.94%
Jun 28, 2017 	160.00 	162.00 	162.00 	160.00 	1.07M 	-0.62%
Jun 27, 2017 	161.00 	161.50 	165.30 	160.90 	4.89M 	-0.31%
Jun 23, 2017 	161.50 	167.50 	167.50 	161.00 	2.30M 	-2.12%
Jun 22, 2017 	165.00 	168.10 	169.40 	164.00 	6.13M 	-1.79%
Jun 21, 2017 	168.00 	168.00 	168.10 	166.50 	2.40M 	0.00%
Jun 20, 2017 	168.00 	168.80 	169.00 	167.10 	1.35M 	-0.53%
Jun 19, 2017 	168.90 	165.00 	168.90 	164.00 	1.38M 	2.99%
Jun 16, 2017 	164.00 	165.00 	165.00 	162.80 	1.42M 	-0.61%
Jun 15, 2017 	165.00 	163.40 	165.40 	163.40 	1.58M 	1.85%
Jun 14, 2017 	162.00 	160.00 	162.00 	160.00 	734.07K 	1.25%
Jun 13, 2017 	160.00 	163.80 	163.80 	159.50 	2.57M 	-1.96%
Jun 09, 2017 	163.20 	163.00 	164.20 	161.80 	1.68M 	0.43%
Jun 08, 2017 	162.50 	160.00 	162.70 	160.00 	1.98M 	1.63%
Jun 07, 2017 	159.90 	159.50 	161.00 	159.10 	1.40M 	0.57%
Jun 06, 2017 	159.00 	160.60 	160.60 	159.00 	2.15M 	-0.87%
Jun 05, 2017 	160.40 	160.00 	161.40 	159.00 	2.06M 	0.50%
Jun 02, 2017 	159.60 	159.60 	163.00 	159.40 	5.56M 	0.00%
Jun 01, 2017 	159.60 	162.00 	162.50 	158.20 	3.44M 	-1.48%
May 31, 2017 	162.00 	163.50 	163.70 	161.50 	2.47M 	-0.92%
May 30, 2017 	163.50 	164.00 	164.20 	163.00 	1.63M 	-0.49%
May 29, 2017 	164.30 	165.00 	166.00 	163.10 	1.49M 	-1.02%
May 26, 2017 	166.00 	167.00 	168.60 	165.00 	812.11K 	-0.60%
May 25, 2017 	167.00 	169.70 	169.80 	166.00 	1.32M 	-1.76%
May 24, 2017 	170.00 	165.10 	170.00 	165.00 	2.58M 	2.97%
May 23, 2017 	165.10 	163.60 	165.70 	163.30 	1.29M 	1.10%
May 22, 2017 	163.30 	161.00 	164.30 	161.00 	582.35K 	2.32%
May 19, 2017 	159.60 	159.40 	159.80 	157.50 	1.84M 	0.44%
May 18, 2017 	158.90 	160.00 	160.00 	158.10 	2.84M 	-0.19%
May 17, 2017 	159.20 	159.90 	160.40 	159.00 	5.66M 	0.51%
May 16, 2017 	158.40 	160.00 	164.10 	158.30 	2.28M 	-0.94%
May 15, 2017 	159.90 	162.50 	163.40 	159.10 	3.38M 	-1.60%
May 12, 2017 	162.50 	165.60 	166.40 	162.00 	6.00M 	-2.99%
May 11, 2017 	167.50 	170.00 	170.20 	167.00 	4.40M 	-3.74%
May 10, 2017 	174.00 	179.00 	180.80 	173.80 	1.36M 	-2.52%
May 09, 2017 	178.50 	182.70 	185.30 	178.50 	1.68M 	-1.92%
May 08, 2017 	182.00 	183.30 	183.30 	179.00 	1.10M 	-0.71%
May 05, 2017 	183.30 	178.50 	183.50 	178.50 	3.39M 	2.80%
May 04, 2017 	178.30 	174.20 	179.00 	174.20 	2.32M 	2.35%
May 03, 2017 	174.20 	174.00 	174.80 	173.50 	914.80K 	0.29%
May 02, 2017 	173.70 	175.00 	176.00 	172.80 	1.79M 	0.99%
Apr 27, 2017 	172.00 	174.50 	174.50 	172.00 	1.65M 	-1.43%
Apr 26, 2017 	174.50 	173.50 	174.50 	172.10 	588.91K 	0.58%
Apr 25, 2017 	173.50 	172.00 	175.00 	171.20 	1.08M 	1.34%
Apr 24, 2017 	171.20 	172.50 	172.90 	171.00 	256.81K 	0.71%
Apr 21, 2017 	170.00 	171.00 	173.30 	170.00 	741.57K 	-1.73%
Apr 20, 2017 	173.00 	169.00 	173.00 	168.00 	524.54K 	3.16%
Apr 19, 2017 	167.70 	170.20 	170.20 	167.20 	521.43K 	-1.47%
Apr 18, 2017 	170.20 	170.20 	171.80 	169.80 	496.61K 	-0.47%
Apr 17, 2017 	171.00 	173.70 	173.70 	169.50 	630.85K 	-1.72%
Apr 12, 2017 	174.00 	172.00 	174.80 	171.90 	1.01M 	1.16%
Apr 11, 2017 	172.00 	168.50 	172.70 	168.30 	1.46M 	2.50%
Apr 10, 2017 	167.80 	168.00 	169.20 	166.80 	857.44K 	1.70%
Apr 07, 2017 	165.00 	174.50 	177.40 	165.00 	1.47M 	-5.44%
Apr 06, 2017 	174.50 	171.80 	174.50 	170.80 	1.02M 	1.57%
Apr 05, 2017 	171.80 	164.00 	171.80 	164.00 	2.19M 	4.76%
Apr 04, 2017 	164.00 	163.00 	165.50 	163.00 	2.48M 	0.49%
Apr 03, 2017 	163.20 	163.60 	164.00 	163.10 	1.76M 	-0.18%
Mar 31, 2017 	163.50 	163.00 	163.90 	162.00 	944.21K 	0.31%
Mar 30, 2017 	163.00 	161.80 	163.90 	161.80 	1.23M 	0.74%
Mar 29, 2017 	161.80 	164.00 	164.40 	161.00 	1.31M 	-1.34%
Mar 28, 2017 	164.00 	162.90 	165.00 	162.70 	438.71K 	0.68%
Mar 27, 2017 	162.90 	161.00 	162.90 	160.00 	846.36K 	1.18%
Mar 24, 2017 	161.00 	165.20 	165.20 	161.00 	2.28M 	-2.54%
Mar 23, 2017 	165.20 	164.40 	165.70 	164.00 	946.01K 	0.73%
Mar 22, 2017 	164.00 	162.80 	164.80 	162.40 	1.39M 	0.74%
Mar 21, 2017 	162.80 	163.00 	163.00 	160.50 	1.05M 	0.80%
Mar 20, 2017 	161.50 	165.70 	165.70 	160.20 	1.92M 	-0.92%
Mar 17, 2017 	163.00 	166.10 	166.70 	162.50 	3.78M 	-2.40%
Mar 16, 2017 	167.00 	165.00 	167.30 	165.00 	1.15M 	1.21%
Mar 15, 2017 	165.00 	164.60 	165.40 	163.10 	1.29M 	0.24%
Mar 14, 2017 	164.60 	162.10 	165.60 	160.50 	1.48M 	2.81%
Mar 13, 2017 	160.10 	158.80 	161.00 	157.10 	1.38M 	1.27%
Mar 10, 2017 	158.10 	160.50 	162.60 	158.10 	1.20M 	-1.19%
Mar 09, 2017 	160.00 	162.70 	163.00 	160.00 	1.03M 	-1.78%
Mar 08, 2017 	162.90 	163.40 	163.60 	161.00 	784.28K 	-0.31%
Mar 07, 2017 	163.40 	163.00 	163.60 	163.00 	1.42M 	0.25%
Mar 06, 2017 	163.00 	163.00 	164.10 	161.00 	1.49M 	0.00%
Mar 03, 2017 	163.00 	163.00 	163.30 	161.40 	1.97M 	0.00%
Mar 02, 2017 	163.00 	161.10 	163.90 	161.10 	1.93M 	0.00%
Mar 01, 2017 	163.00 	160.10 	163.00 	159.80 	1.13M 	1.88%
Feb 28, 2017 	160.00 	162.50 	163.10 	159.20 	2.17M 	-1.54%
Feb 27, 2017 	162.50 	165.00 	165.60 	161.00 	938.98K 	-1.57%
Feb 24, 2017 	165.10 	165.80 	165.80 	163.90 	1.68M 	0.12%
Feb 23, 2017 	164.90 	163.41 	165.99 	163.41 	2.20M 	0.60%
Feb 22, 2017 	163.91 	161.63 	165.50 	161.63 	2.24M 	1.41%
Feb 21, 2017 	161.63 	162.03 	162.92 	161.13 	1.55M 	0.31%
Feb 20, 2017 	161.13 	159.65 	161.53 	159.65 	595.90K 	0.93%
Feb 17, 2017 	159.65 	158.95 	159.75 	158.95 	3.61M 	0.37%
Feb 16, 2017 	159.05 	158.56 	160.04 	158.46 	2.32M 	0.31%
Feb 15, 2017 	158.56 	158.66 	159.95 	157.27 	1.97M 	0.44%
Feb 14, 2017 	157.86 	162.52 	163.41 	157.86 	2.16M 	-3.40%
Feb 13, 2017 	163.41 	162.82 	163.41 	161.73 	961.54K 	0.25%
Feb 10, 2017 	163.00 	160.00 	163.00 	160.00 	2.28M 	2.52%
Feb 09, 2017 	159.00 	164.50 	165.80 	158.10 	2.45M 	-3.34%
Feb 08, 2017 	164.50 	167.40 	167.40 	163.10 	1.44M 	-1.97%
Feb 07, 2017 	167.80 	164.20 	167.80 	164.10 	1.22M 	0.78%
Feb 06, 2017 	166.50 	162.40 	166.50 	162.40 	704.99K 	2.78%
Feb 03, 2017 	162.00 	162.00 	165.00 	161.40 	3.10M 	0.00%
Feb 02, 2017 	162.00 	160.10 	163.10 	160.10 	2.05M 	1.19%
Feb 01, 2017 	160.10 	166.20 	166.20 	160.10 	1.18M 	-1.78%
Jan 31, 2017 	163.00 	165.00 	165.10 	163.00 	1.16M 	-1.21%
Jan 30, 2017 	165.00 	168.00 	168.10 	164.10 	1.14M 	-1.79%
Jan 27, 2017 	168.00 	167.70 	169.30 	167.70 	404.75K 	0.60%
Jan 26, 2017 	167.00 	167.60 	169.00 	166.30 	1.68M 	-0.36%
Jan 25, 2017 	167.60 	168.50 	169.90 	167.10 	1.53M 	-1.35%
Jan 24, 2017 	169.90 	169.00 	169.90 	167.10 	1.00M 	-0.64%
Jan 23, 2017 	171.00 	166.20 	171.00 	162.90 	1.12M 	2.95%
Jan 20, 2017 	166.10 	170.10 	170.80 	165.00 	1.26M 	-3.99%
Jan 19, 2017 	173.00 	166.50 	173.00 	166.50 	728.26K 	3.84%
Jan 18, 2017 	166.60 	169.10 	169.20 	166.00 	714.64K 	-1.42%
Jan 17, 2017 	169.00 	173.40 	173.40 	168.60 	909.89K 	-2.42%
Jan 16, 2017 	173.20 	175.60 	176.10 	172.80 	767.04K 	-1.03%
Jan 13, 2017 	175.00 	174.10 	175.20 	172.30 	820.90K 	0.57%
Jan 12, 2017 	174.00 	172.00 	174.00 	171.30 	1.77M 	1.81%
Jan 11, 2017 	170.90 	170.30 	172.00 	169.00 	1.14M 	0.53%
Jan 10, 2017 	170.00 	169.00 	170.00 	168.30 	1.95M 	0.59%
Jan 09, 2017 	169.00 	169.80 	169.80 	166.50 	831.47K 	-0.12%
Jan 06, 2017 	169.20 	165.10 	170.30 	165.10 	1.81M 	0.71%
Jan 05, 2017 	168.00 	165.00 	170.50 	165.00 	2.40M 	1.82%
Jan 04, 2017 	165.00 	164.00 	167.00 	163.90 	2.09M 	0.00%
Jan 03, 2017 	165.00 	163.50 	165.00 	160.00 	567.43K 	0.92%
Dec 29, 2016 	163.50 	165.00 	165.00 	161.30 	869.64K 	-0.30%
Dec 28, 2016 	164.00 	158.00 	164.10 	157.50 	740.84K 	4.46%
Dec 27, 2016 	157.00 	152.00 	157.00 	150.00 	406.13K 	4.67%
Dec 23, 2016 	150.00 	153.00 	155.80 	150.00 	1.85M 	-1.96%
Dec 22, 2016 	153.00 	155.20 	156.90 	153.00 	2.01M 	-2.55%
Dec 21, 2016 	157.00 	157.00 	159.00 	156.50 	2.69M 	0.00%
Dec 20, 2016 	157.00 	158.50 	159.50 	155.00 	1.05M 	-0.06%
Dec 19, 2016 	157.10 	159.50 	160.10 	157.10 	1.95M 	-1.50%
Dec 16, 2016 	159.50 	159.00 	161.00 	158.10 	1.95M 	0.89%
Dec 15, 2016 	158.10 	159.70 	159.90 	157.10 	1.94M 	-1.74%
Dec 14, 2016 	160.90 	160.00 	161.90 	159.00 	2.08M 	1.84%
Dec 13, 2016 	158.00 	160.00 	160.00 	154.10 	6.17M 	-3.07%
Dec 12, 2016 	163.00 	170.00 	170.00 	161.50 	2.71M 	-5.01%
Dec 09, 2016 	171.60 	171.00 	173.00 	171.00 	1.51M 	-1.38%
Dec 08, 2016 	174.00 	172.00 	174.00 	169.70 	1.68M 	3.14%
Dec 07, 2016 	168.70 	169.00 	169.50 	168.20 	3.65M 	-0.18%
Dec 06, 2016 	169.00 	173.90 	173.90 	168.90 	2.01M 	-1.00%
Dec 05, 2016 	170.70 	172.70 	172.70 	170.50 	867.27K 	-0.47%
Dec 02, 2016 	171.500 	172.000 	173.000 	169.900 	1.71M 	0.76%
Dec 01, 2016 	170.200 	170.000 	176.000 	169.000 	3.28M 	0.18%
Nov 29, 2016 	169.900 	172.000 	172.000 	169.100 	3.77M 	-1.22%
Nov 28, 2016 	172.000 	176.000 	176.000 	170.800 	1.97M 	-1.21%
Nov 25, 2016 	174.100 	179.500 	179.500 	171.600 	1.60M 	-2.74%
Nov 24, 2016 	179.000 	178.000 	180.000 	177.900 	729.88K 	0.56%
Nov 23, 2016 	178.000 	176.200 	178.000 	173.900 	1.27M 	1.14%
Nov 22, 2016 	176.000 	177.500 	177.500 	174.200 	2.21M 	-1.12%
Nov 21, 2016 	178.000 	179.200 	179.800 	177.000 	1.36M 	-1.00%
Nov 18, 2016 	179.800 	179.000 	181.000 	178.200 	2.12M 	0.45%
Nov 17, 2016 	179.000 	171.600 	180.900 	171.500 	2.35M 	4.37%
Nov 16, 2016 	171.500 	169.500 	174.000 	169.000 	1.47M 	0.88%
Nov 15, 2016 	170.000 	168.500 	171.600 	168.400 	2.58M 	1.01%
Nov 14, 2016 	168.300 	169.000 	169.000 	167.300 	1.89M 	-1.00%
Nov 11, 2016 	170.000 	174.400 	174.400 	168.000 	3.96M 	-2.75%
Nov 10, 2016 	174.800 	176.000 	178.500 	174.500 	2.69M 	1.33%
Nov 09, 2016 	172.500 	183.900 	183.900 	170.300 	2.46M 	-6.76%
Nov 08, 2016 	185.000 	174.000 	185.000 	173.200 	1.81M 	6.87%
Nov 07, 2016 	173.100 	174.700 	177.000 	170.800 	1.09M 	-0.92%
Nov 04, 2016 	174.700 	175.000 	176.000 	174.300 	2.35M 	-0.17%
Nov 03, 2016 	175.000 	176.000 	176.500 	174.500 	1.29M 	-0.57%
Nov 02, 2016 	176.000 	178.000 	179.100 	175.800 	2.38M 	-3.30%
Oct 28, 2016 	182.000 	180.500 	182.000 	179.000 	1.32M 	0.94%
Oct 27, 2016 	180.300 	184.800 	184.800 	180.000 	980.43K 	-2.49%
Oct 26, 2016 	184.900 	184.000 	184.900 	180.500 	789.30K 	1.15%
Oct 25, 2016 	182.800 	185.000 	185.000 	181.500 	1.75M 	-0.60%
Oct 24, 2016 	183.900 	184.000 	185.000 	182.000 	888.15K 	-0.05%
Oct 21, 2016 	184.000 	186.000 	186.000 	183.500 	848.47K 	-1.08%
Oct 20, 2016 	186.000 	185.000 	186.000 	184.000 	2.28M 	0.54%
Oct 19, 2016 	185.000 	176.100 	185.000 	176.100 	6.86M 	5.05%
Oct 18, 2016 	176.100 	175.500 	176.900 	175.300 	2.45M 	0.34%
Oct 17, 2016 	175.500 	179.000 	179.100 	175.100 	1.17M 	-1.96%
Oct 14, 2016 	179.000 	179.000 	180.000 	178.700 	1.21M 	0.00%
Oct 13, 2016 	179.000 	181.100 	183.000 	178.000 	1.10M 	-0.83%
Oct 12, 2016 	180.500 	179.500 	181.000 	177.000 	1.20M 	0.28%
Oct 11, 2016 	180.000 	182.000 	182.100 	180.000 	1.50M 	-0.72%
Oct 10, 2016 	181.300 	185.000 	185.000 	180.500 	1.41M 	-1.63%
Oct 07, 2016 	184.300 	185.000 	185.000 	182.000 	925.61K 	-0.11%
Oct 06, 2016 	184.500 	185.900 	185.900 	184.200 	1.02M 	-0.27%
Oct 05, 2016 	185.000 	185.500 	185.800 	181.500 	855.01K 	0.00%
Oct 04, 2016 	185.000 	182.600 	185.500 	182.600 	1.78M 	1.43%
Oct 03, 2016 	182.400 	179.100 	182.800 	179.100 	876.02K 	2.47%
Sep 30, 2016 	178.000 	181.500 	182.600 	178.000 	4.77M 	-2.52%
Sep 29, 2016 	182.600 	182.100 	184.700 	181.300 	791.13K 	0.33%
Sep 28, 2016 	182.000 	181.500 	182.500 	181.200 	1.54M 	-0.27%
Sep 27, 2016 	182.500 	183.500 	183.500 	181.100 	688.78K 	-1.35%
Sep 26, 2016 	185.000 	183.300 	185.000 	181.100 	924.49K 	0.93%
Sep 23, 2016 	183.300 	188.000 	188.000 	182.800 	1.97M 	-2.34%
Sep 22, 2016 	187.700 	187.900 	188.000 	187.500 	2.11M 	0.70%
Sep 21, 2016 	186.400 	185.500 	187.100 	184.200 	1.56M 	0.87%
Sep 20, 2016 	184.800 	185.800 	185.800 	183.000 	999.28K 	-0.54%
Sep 19, 2016 	185.800 	185.800 	185.800 	184.000 	1.23M 	0.05%
Sep 16, 2016 	185.700 	186.100 	187.300 	185.200 	3.09M 	-0.59%
Sep 15, 2016 	186.800 	185.000 	186.800 	184.900 	2.92M 	2.08%
Sep 14, 2016 	183.000 	181.000 	183.000 	180.800 	1.30M 	1.50%
Sep 13, 2016 	180.300 	181.000 	181.000 	179.900 	1.57M 	0.06%
Sep 09, 2016 	180.200 	183.800 	183.800 	180.200 	1.39M 	-1.96%
Sep 08, 2016 	183.800 	183.400 	184.200 	179.900 	1.07M 	0.99%
Sep 07, 2016 	182.000 	185.100 	185.100 	180.100 	1.81M 	-1.57%
Sep 06, 2016 	184.900 	180.900 	184.900 	180.100 	1.29M 	2.21%
Sep 05, 2016 	180.900 	180.900 	181.900 	180.000 	1.11M 	0.00%
Sep 02, 2016 	180.900 	182.000 	182.900 	180.900 	1.31M 	-1.68%
Sep 01, 2016 	184.000 	186.900 	186.900 	180.100 	1.70M 	-1.60%
Aug 31, 2016 	187.000 	185.000 	187.000 	184.400 	3.93M 	0.00%
Aug 30, 2016 	187.000 	181.500 	187.000 	181.100 	1.95M 	3.83%
Aug 26, 2016 	180.100 	180.000 	181.000 	179.500 	5.61M 	0.33%
Aug 25, 2016 	179.500 	179.300 	180.000 	178.000 	4.44M 	0.00%
Aug 24, 2016 	179.500 	184.700 	184.800 	177.000 	5.79M 	-2.55%
Aug 23, 2016 	184.200 	191.500 	191.500 	184.200 	2.95M 	-3.56%
Aug 22, 2016 	191.000 	192.300 	192.300 	189.700 	1.42M 	-0.26%
Aug 19, 2016 	191.500 	192.000 	192.900 	190.600 	2.78M 	0.79%
Aug 18, 2016 	190.000 	187.700 	190.700 	187.000 	6.17M 	3.15%
Aug 17, 2016 	184.200 	184.000 	185.600 	181.800 	4.45M 	0.11%
Aug 16, 2016 	184.000 	191.200 	191.200 	182.000 	8.49M 	-3.92%
Aug 15, 2016 	191.500 	199.400 	199.400 	190.000 	5.34M 	-4.20%
Aug 12, 2016 	199.900 	205.400 	205.600 	196.600 	2.27M 	-1.82%
Aug 11, 2016 	203.600 	206.000 	206.000 	203.600 	801.86K 	-0.59%
Aug 10, 2016 	204.800 	203.400 	206.800 	203.400 	1.38M 	-0.49%
Aug 09, 2016 	205.800 	204.000 	207.400 	203.400 	2.19M 	0.88%
Aug 08, 2016 	204.000 	203.800 	204.400 	202.000 	686.79K 	0.49%
Aug 05, 2016 	203.000 	204.200 	204.200 	202.200 	1.19M 	-0.59%
Aug 04, 2016 	204.200 	204.000 	204.200 	201.800 	1.23M 	1.39%
Aug 03, 2016 	201.400 	204.000 	204.000 	200.000 	894.52K 	-1.27%
Aug 02, 2016 	204.000 	204.400 	204.400 	202.800 	1.20M 	-0.20%
Aug 01, 2016 	204.400 	204.600 	204.800 	202.000 	2.07M 	2.00%
Jul 29, 2016 	200.400 	200.600 	204.600 	200.400 	1.42M 	0.20%
Jul 28, 2016 	200.000 	202.800 	202.800 	199.800 	1.28M 	-1.48%
Jul 27, 2016 	203.000 	200.000 	203.600 	199.100 	1.64M 	1.50%
Jul 26, 2016 	200.000 	200.200 	202.600 	199.800 	1.63M 	0.20%
Jul 25, 2016 	199.600 	198.000 	200.200 	197.700 	1.34M 	1.32%
Jul 22, 2016 	197.000 	199.000 	200.000 	197.000 	1.10M 	-1.35%
Jul 21, 2016 	199.700 	200.000 	201.600 	199.700 	2.29M 	-0.15%
Jul 20, 2016 	200.000 	200.000 	200.000 	198.000 	1.70M 	0.00%
Jul 19, 2016 	200.000 	200.000 	201.200 	199.800 	1.65M 	0.00%
Jul 18, 2016 	200.000 	200.000 	200.800 	198.200 	1.70M 	0.05%
Jul 15, 2016 	199.900 	200.000 	201.000 	199.700 	1.79M 	0.10%
Jul 14, 2016 	199.700 	199.800 	200.000 	199.500 	954.61K 	-0.15%
Jul 13, 2016 	200.000 	199.900 	201.000 	199.900 	2.04M 	0.00%
Jul 12, 2016 	200.000 	203.800 	203.800 	199.700 	3.21M 	-0.70%
Jul 11, 2016 	201.400 	203.000 	204.000 	200.600 	2.11M 	0.70%
Jul 08, 2016 	200.000 	199.700 	200.800 	199.700 	987.25K 	0.15%
Jul 07, 2016 	199.700 	201.000 	201.600 	198.800 	3.99M 	-1.04%
Jul 05, 2016 	201.800 	207.000 	207.000 	201.000 	2.16M 	-1.85%
Jul 04, 2016 	205.600 	207.400 	207.400 	204.800 	2.12M 	-0.87%
Jul 01, 2016 	207.400 	208.000 	208.600 	206.800 	1.63M 	-0.29%
Jun 30, 2016 	208.000 	208.600 	210.000 	206.000 	2.92M 	-0.29%
Jun 29, 2016 	208.600 	205.000 	208.800 	204.800 	1.70M 	2.25%
Jun 28, 2016 	204.000 	204.600 	205.000 	203.800 	1.13M 	-0.87%
Jun 27, 2016 	205.800 	203.600 	206.600 	199.100 	1.20M 	0.88%
Jun 24, 2016 	204.000 	205.600 	207.800 	203.000 	2.23M 	-0.78%
Jun 23, 2016 	205.600 	206.000 	206.200 	205.000 	1.59M 	-0.48%
Jun 22, 2016 	206.600 	201.800 	206.600 	201.800 	1.13M 	0.49%
Jun 21, 2016 	205.600 	205.000 	207.000 	204.800 	1.01M 	0.49%
Jun 20, 2016 	204.600 	207.000 	207.000 	203.200 	1.17M 	-1.16%
Jun 17, 2016 	207.000 	201.000 	208.000 	201.000 	2.11M 	3.29%
Jun 16, 2016 	200.400 	197.100 	200.400 	197.000 	813.37K 	1.57%
Jun 15, 2016 	197.300 	196.400 	198.300 	194.400 	1.75M 	1.70%
Jun 14, 2016 	194.000 	194.000 	194.500 	193.000 	2.00M 	-0.05%
Jun 13, 2016 	194.100 	193.200 	198.100 	193.100 	2.56M 	0.52%
Jun 10, 2016 	193.100 	199.000 	201.000 	193.000 	1.50M 	-3.21%
Jun 09, 2016 	199.500 	201.000 	201.200 	199.200 	900.70K 	-1.53%
Jun 08, 2016 	202.600 	202.000 	203.200 	201.200 	1.45M 	0.30%
Jun 07, 2016 	202.000 	201.200 	203.000 	200.800 	1.86M 	0.50%
Jun 06, 2016 	201.000 	199.900 	203.000 	199.900 	988.14K 	0.55%
Jun 03, 2016 	199.900 	199.000 	200.600 	198.800 	1.85M 	1.99%
Jun 02, 2016 	196.000 	198.800 	201.000 	196.000 	1.56M 	-1.41%
Jun 01, 2016 	198.800 	195.000 	201.400 	195.000 	1.40M 	1.95%
May 31, 2016 	195.000 	198.500 	198.500 	192.600 	5.48M 	-1.76%
May 30, 2016 	198.500 	200.600 	201.800 	194.600 	2.38M 	-1.64%
May 27, 2016 	201.800 	204.800 	207.000 	201.200 	1.50M 	-1.46%
May 26, 2016 	204.800 	206.800 	206.800 	203.600 	2.55M 	-0.10%
May 25, 2016 	205.000 	201.000 	205.800 	201.000 	1.73M 	1.99%
May 24, 2016 	201.000 	198.000 	202.000 	197.500 	1.10M 	0.50%
May 23, 2016 	200.000 	203.200 	205.200 	199.100 	3.78M 	-1.28%
May 20, 2016 	202.600 	202.800 	205.000 	201.000 	2.09M 	-0.69%
May 19, 2016 	204.000 	206.400 	206.400 	201.600 	2.09M 	-1.26%
May 18, 2016 	206.600 	207.000 	208.200 	205.800 	2.05M 	0.68%
May 17, 2016 	205.200 	208.200 	208.200 	204.400 	1.53M 	-1.44%
May 16, 2016 	208.200 	208.800 	209.400 	206.600 	1.34M 	0.77%
May 13, 2016 	206.600 	209.800 	209.800 	205.400 	2.36M 	1.08%
May 12, 2016 	204.400 	210.600 	210.600 	203.000 	4.32M 	-3.04%
May 11, 2016 	210.800 	208.000 	215.000 	208.000 	3.10M 	2.83%
May 10, 2016 	205.000 	205.000 	205.200 	199.000 	2.36M 	0.29%
May 06, 2016 	204.400 	204.000 	207.800 	203.000 	1.93M 	0.29%
May 05, 2016 	203.800 	204.200 	204.200 	203.000 	1.30M 	-0.20%
May 04, 2016 	204.200 	208.000 	208.000 	202.600 	2.87M 	-0.39%
May 03, 2016 	205.000 	203.000 	206.400 	203.000 	3.03M 	1.69%
May 02, 2016 	201.600 	208.000 	208.000 	199.800 	2.00M 	-3.26%
Apr 29, 2016 	208.400 	208.800 	209.000 	207.400 	1.92M 	-0.19%
Apr 28, 2016 	208.800 	210.000 	210.400 	208.000 	3.16M 	-0.76%
Apr 27, 2016 	210.400 	208.000 	211.000 	208.000 	2.43M 	0.38%
Apr 26, 2016 	209.600 	207.000 	209.600 	207.000 	2.23M 	2.24%
Apr 25, 2016 	205.000 	204.400 	207.000 	204.000 	5.32M 	1.28%
Apr 22, 2016 	202.400 	200.200 	203.800 	200.200 	2.03M 	0.80%
Apr 21, 2016 	200.800 	205.000 	207.000 	200.000 	2.64M 	-1.76%
Apr 20, 2016 	204.400 	206.000 	207.000 	203.200 	2.63M 	-0.78%
Apr 19, 2016 	206.000 	207.600 	210.000 	205.800 	915.90K 	-0.68%
Apr 18, 2016 	207.400 	209.000 	211.000 	206.400 	1.11M 	-1.71%
Apr 15, 2016 	211.000 	214.600 	214.600 	209.000 	1.78M 	-1.40%
Apr 14, 2016 	214.000 	215.400 	216.800 	213.800 	2.37M 	-0.65%
Apr 13, 2016 	215.400 	216.000 	218.000 	215.400 	2.13M 	-0.37%
Apr 12, 2016 	216.200 	216.000 	218.000 	215.400 	1.12M 	-0.83%
Apr 11, 2016 	218.000 	219.000 	219.400 	217.200 	586.88K 	-0.46%
Apr 08, 2016 	219.000 	214.000 	219.400 	214.000 	1.66M 	1.77%
Apr 07, 2016 	215.200 	217.000 	217.000 	214.400 	2.11M 	0.09%
Apr 06, 2016 	215.000 	218.000 	218.000 	214.600 	2.46M 	-1.38%
Apr 05, 2016 	218.000 	219.000 	219.200 	216.600 	1.60M 	-0.55%
Apr 04, 2016 	219.200 	218.200 	219.200 	218.200 	2.34M 	0.46%
Apr 01, 2016 	218.200 	216.800 	219.800 	216.800 	1.99M 	0.65%
Mar 31, 2016 	216.800 	214.000 	219.000 	214.000 	5.91M 	1.21%
Mar 30, 2016 	214.200 	209.400 	217.000 	209.000 	3.25M 	2.29%
Mar 29, 2016 	209.400 	211.000 	211.000 	209.000 	2.24M 	-0.29%
Mar 28, 2016 	210.000 	211.000 	212.000 	209.200 	722.70K 	-0.47%
Mar 23, 2016 	211.000 	207.000 	212.000 	204.000 	1.49M 	0.96%
Mar 22, 2016 	209.000 	210.000 	211.000 	207.000 	2.09M 	-0.48%
Mar 21, 2016 	210.000 	205.600 	212.000 	204.800 	2.57M 	2.64%
Mar 18, 2016 	204.600 	203.000 	207.000 	202.800 	2.19M 	0.79%
Mar 17, 2016 	203.000 	198.800 	204.200 	197.800 	2.51M 	2.73%
Mar 16, 2016 	197.600 	200.000 	202.200 	197.200 	1.51M 	-1.40%
Mar 15, 2016 	200.400 	200.000 	202.000 	199.900 	2.40M 	0.20%
Mar 14, 2016 	200.000 	204.000 	204.000 	200.000 	1.48M 	-1.96%
Mar 11, 2016 	204.000 	202.400 	204.200 	202.400 	1.16M 	0.79%
Mar 10, 2016 	202.400 	204.000 	204.000 	200.600 	880.57K 	-0.78%
Mar 09, 2016 	204.000 	203.000 	204.000 	201.000 	862.76K 	0.49%
Mar 08, 2016 	203.000 	203.400 	203.400 	198.600 	936.32K 	-0.20%
Mar 07, 2016 	203.400 	203.000 	204.000 	200.000 	1.01M 	1.19%
Mar 04, 2016 	201.000 	203.000 	203.000 	199.500 	1.51M 	-0.99%
Mar 03, 2016 	203.000 	202.600 	204.400 	200.600 	1.25M 	-0.98%
Mar 02, 2016 	205.000 	199.500 	206.000 	199.400 	2.31M 	2.91%
Mar 01, 2016 	199.200 	199.200 	199.500 	198.200 	1.86M 	0.61%
Feb 29, 2016 	198.000 	197.000 	201.000 	195.900 	2.34M 	1.07%
Feb 26, 2016 	195.900 	194.000 	196.500 	191.000 	1.86M 	0.98%
Feb 24, 2016 	194.000 	195.800 	195.800 	190.500 	1.69M 	-1.02%
Feb 23, 2016 	196.000 	194.000 	196.900 	193.800 	2.20M 	1.61%
Feb 22, 2016 	192.899 	186.747 	192.899 	186.747 	1.72M 	3.29%
Feb 19, 2016 	186.747 	188.533 	188.632 	185.556 	1.85M 	-0.95%
Feb 18, 2016 	188.533 	188.533 	189.129 	186.152 	3.29M 	1.60%
Feb 17, 2016 	185.556 	187.839 	188.335 	184.366 	3.42M 	-1.06%
Feb 16, 2016 	187.541 	193.395 	193.991 	187.541 	2.73M 	-2.48%
Feb 15, 2016 	192.304 	192.502 	193.495 	191.113 	2.18M 	0.94%
Feb 12, 2016 	190.518 	191.510 	191.510 	189.029 	7.14M 	-0.88%
Feb 11, 2016 	192.205 	192.502 	192.502 	192.006 	3.13M 	-0.15%
Feb 10, 2016 	192.502 	194.487 	194.487 	190.915 	3.46M 	-0.51%
Feb 09, 2016 	193.495 	194.487 	197.166 	192.502 	1.31M 	-2.01%
Feb 05, 2016 	197.464 	193.296 	197.464 	193.197 	2.98M 	2.26%
Feb 04, 2016 	193.098 	191.510 	193.098 	190.617 	1.47M 	0.83%
Feb 03, 2016 	191.510 	191.510 	193.495 	190.319 	1.82M 	-0.52%
Feb 02, 2016 	192.502 	188.732 	193.495 	188.732 	2.42M 	-0.41%
Feb 01, 2016 	193.296 	191.510 	193.495 	190.716 	3.68M 	0.93%
Jan 29, 2016 	191.510 	187.045 	193.395 	187.045 	4.64M 	3.21%
Jan 28, 2016 	185.556 	184.564 	186.747 	182.580 	4.43M 	0.54%
Jan 27, 2016 	184.564 	182.580 	185.159 	182.580 	3.10M 	0.54%
Jan 26, 2016 	183.572 	182.976 	184.167 	181.091 	2.08M 	-0.38%
Jan 25, 2016 	184.266 	183.572 	184.961 	183.175 	1.83M 	0.71%
Jan 22, 2016 	182.976 	178.610 	182.976 	178.511 	2.79M 	2.73%
Jan 21, 2016 	178.114 	180.595 	181.587 	176.824 	2.65M 	-2.87%
Jan 20, 2016 	183.373 	183.572 	183.572 	179.603 	1.61M 	-0.16%
Jan 19, 2016 	183.671 	183.969 	183.969 	181.587 	981.64K 	1.70%
Jan 18, 2016 	180.595 	180.694 	182.083 	178.710 	2.92M 	-2.67%
Jan 15, 2016 	185.556 	184.564 	187.144 	184.564 	3.22M 	2.19%
Jan 14, 2016 	181.587 	176.626 	184.068 	174.641 	2.67M 	0.55%
Jan 13, 2016 	180.595 	173.748 	180.595 	173.748 	1.25M 	3.94%
Jan 12, 2016 	173.748 	173.649 	177.519 	173.649 	617.93K 	0.86%
Jan 11, 2016 	172.260 	178.114 	178.114 	168.688 	2.33M 	-3.72%
Jan 08, 2016 	178.908 	179.603 	182.183 	178.114 	1.87M 	-0.39%
Jan 07, 2016 	179.603 	183.572 	184.564 	179.603 	1.28M 	-2.16%
Jan 06, 2016 	183.572 	183.671 	184.564 	183.473 	1.35M 	0.00%
Jan 05, 2016 	183.572 	184.961 	184.961 	182.580 	1.58M 	-1.07%
Jan 04, 2016 	185.556 	186.053 	188.533 	185.556 	1.65M 	0.54%
Dec 29, 2015 	184.564 	183.572 	185.556 	183.572 	1.27M 	1.53%
Dec 28, 2015 	181.786 	182.580 	184.465 	180.793 	1.90M 	-1.45%
Dec 23, 2015 	184.465 	185.457 	185.854 	183.671 	476.19K 	0.38%
Dec 22, 2015 	183.770 	184.465 	184.862 	183.473 	1.06M 	0.00%
Dec 21, 2015 	183.770 	181.587 	184.167 	180.099 	1.03M 	0.71%
Dec 18, 2015 	182.480 	179.107 	182.480 	177.618 	1.98M 	2.17%
Dec 17, 2015 	178.610 	177.122 	179.603 	176.626 	3.00M 	2.27%
Dec 16, 2015 	174.641 	175.733 	176.328 	173.649 	2.36M 	-0.17%
Dec 15, 2015 	174.939 	179.107 	181.587 	174.641 	2.52M 	-1.95%
Dec 14, 2015 	178.412 	178.809 	179.107 	175.733 	1.79M 	-0.66%
Dec 11, 2015 	179.603 	183.076 	183.969 	178.213 	4.05M 	-1.95%
Dec 10, 2015 	183.175 	184.564 	185.556 	183.175 	1.91M 	-0.65%
Dec 09, 2015 	184.366 	183.572 	186.350 	182.580 	1.07M 	0.54%
Dec 08, 2015 	183.373 	183.373 	184.961 	182.083 	3.47M 	-0.11%
Dec 07, 2015 	183.572 	184.564 	187.045 	183.572 	2.30M 	-0.16%
Dec 04, 2015 	183.869 	184.465 	184.862 	182.580 	4.89M 	-0.96%
Dec 03, 2015 	185.656 	189.525 	189.525 	185.159 	8.96M 	-3.11%
Dec 02, 2015 	191.609 	192.502 	195.181 	191.113 	3.96M 	-0.31%
Dec 01, 2015 	192.205 	195.479 	196.471 	189.525 	8.42M 	-4.11%
Nov 27, 2015 	200.441 	204.211 	204.410 	196.868 	7.88M 	-1.94%
Nov 26, 2015 	204.410 	203.417 	204.807 	202.624 	2.22M 	0.88%
Nov 25, 2015 	202.624 	202.624 	203.219 	201.830 	1.24M 	0.79%
Nov 24, 2015 	201.036 	199.448 	201.631 	199.051 	1.04M 	0.80%
Nov 23, 2015 	199.448 	196.471 	199.845 	196.471 	1.06M 	1.52%
Nov 20, 2015 	196.471 	198.456 	198.456 	194.487 	2.55M 	-0.85%
Nov 17, 2015 	198.158 	197.067 	200.441 	196.471 	815.83K 	1.11%
Nov 16, 2015 	195.975 	198.059 	198.456 	191.510 	773.17K 	-2.42%
Nov 13, 2015 	200.837 	198.456 	201.433 	198.059 	2.89M 	0.60%
Nov 12, 2015 	199.647 	199.845 	203.417 	199.448 	1.55M 	0.10%
Nov 11, 2015 	199.448 	199.448 	200.044 	198.258 	1.83M 	0.00%
Nov 10, 2015 	199.448 	200.837 	202.425 	197.960 	2.03M 	-2.52%
Nov 09, 2015 	204.608 	204.410 	204.807 	204.013 	195.86K 	0.10%
Nov 06, 2015 	204.410 	204.410 	204.807 	201.433 	289.20K 	-0.19%
Nov 05, 2015 	204.807 	205.997 	205.997 	203.417 	2.80M 	-0.58%
Nov 04, 2015 	205.997 	205.402 	206.394 	203.814 	2.03M 	0.78%
Nov 03, 2015 	204.410 	203.417 	205.005 	201.433 	1.74M 	0.49%
Nov 02, 2015 	203.417 	199.448 	203.417 	199.250 	747.35K 	2.19%
Oct 30, 2015 	199.051 	197.464 	201.433 	197.464 	1.88M 	0.80%
Oct 29, 2015 	197.464 	202.624 	203.417 	197.464 	1.74M 	-2.93%
Oct 28, 2015 	203.417 	206.394 	207.387 	203.020 	2.61M 	-0.97%
Oct 27, 2015 	205.402 	204.410 	206.394 	203.417 	2.64M 	0.49%
Oct 26, 2015 	204.410 	203.020 	205.799 	203.020 	2.10M 	0.98%
Oct 23, 2015 	202.425 	198.158 	203.020 	197.960 	2.62M 	2.26%
Oct 22, 2015 	197.960 	198.456 	203.417 	197.464 	1.28M 	0.00%
Oct 21, 2015 	197.960 	196.174 	199.448 	195.479 	1.08M 	0.91%
Oct 20, 2015 	196.174 	197.464 	198.456 	193.594 	1.20M 	-0.95%
Oct 19, 2015 	198.059 	192.502 	198.059 	192.403 	1.79M 	2.94%
Oct 16, 2015 	192.403 	192.502 	193.594 	191.312 	1.23M 	0.83%
Oct 15, 2015 	190.815 	189.029 	191.113 	188.533 	984.99K 	0.52%
Oct 14, 2015 	189.823 	189.525 	190.716 	189.029 	1.02M 	0.16%
Oct 13, 2015 	189.525 	192.502 	192.602 	188.335 	1.58M 	-1.55%
Oct 12, 2015 	192.502 	194.983 	194.983 	191.907 	717.01K 	-0.51%
Oct 09, 2015 	193.495 	194.487 	195.578 	192.602 	2.48M 	0.21%
Oct 08, 2015 	193.098 	190.617 	194.487 	190.617 	2.36M 	1.30%
Oct 07, 2015 	190.617 	190.518 	192.304 	190.022 	1.62M 	-0.98%
Oct 06, 2015 	192.502 	189.525 	192.502 	186.648 	3.18M 	1.57%
Oct 05, 2015 	189.525 	187.541 	192.006 	187.342 	2.44M 	1.06%
Oct 02, 2015 	187.541 	187.144 	188.533 	186.549 	1.55M 	0.21%
Oct 01, 2015 	187.144 	190.518 	190.518 	187.045 	1.45M 	-1.77%
Sep 30, 2015 	190.518 	189.525 	190.518 	188.533 	2.88M 	1.05%
Sep 29, 2015 	188.533 	185.556 	189.426 	182.679 	2.63M 	1.99%
Sep 28, 2015 	184.862 	186.549 	186.549 	184.068 	1.95M 	-2.97%
Sep 24, 2015 	190.518 	188.136 	190.518 	184.564 	2.11M 	3.28%
Sep 23, 2015 	184.465 	185.060 	185.060 	182.976 	2.02M 	-1.06%
Sep 22, 2015 	186.449 	189.228 	190.518 	183.572 	3.05M 	-1.47%
Sep 21, 2015 	189.228 	189.625 	190.419 	188.533 	777.49K 	-0.21%
Sep 18, 2015 	189.625 	189.525 	191.312 	188.732 	1.50M 	0.05%
Sep 17, 2015 	189.525 	190.518 	192.006 	188.434 	1.14M 	0.53%
Sep 16, 2015 	188.533 	193.495 	194.586 	188.533 	2.53M 	-2.31%
Sep 15, 2015 	192.998 	191.014 	192.998 	190.518 	1.38M 	1.30%
Sep 14, 2015 	190.518 	188.632 	190.518 	187.541 	1.12M 	1.05%
Sep 11, 2015 	188.533 	190.518 	191.014 	188.037 	762.43K 	0.00%
Sep 10, 2015 	188.533 	189.426 	191.014 	186.549 	1.75M 	-0.47%
Sep 09, 2015 	189.426 	188.533 	190.518 	186.549 	3.52M 	1.54%
Sep 08, 2015 	186.549 	186.549 	188.037 	185.556 	842.41K 	0.00%
Sep 07, 2015 	186.549 	184.663 	188.037 	183.572 	1.45M 	-0.79%
Sep 04, 2015 	188.037 	190.518 	190.518 	186.747 	5.21M 	-1.30%
Sep 03, 2015 	190.518 	187.541 	191.510 	187.541 	2.29M 	2.18%
Sep 02, 2015 	186.449 	189.129 	189.426 	181.091 	4.00M 	-2.14%
Sep 01, 2015 	190.518 	192.502 	192.701 	188.533 	3.82M 	-1.03%
Aug 28, 2015 	192.502 	191.510 	193.495 	190.915 	3.15M 	0.78%
Aug 27, 2015 	191.014 	181.587 	191.510 	181.587 	4.99M 	5.19%
Aug 26, 2015 	181.587 	178.710 	183.473 	178.710 	3.43M 	1.67%
Aug 25, 2015 	178.610 	171.664 	179.603 	171.664 	3.91M 	0.00%
Aug 24, 2015 	178.610 	185.556 	186.152 	176.626 	4.08M 	-6.49%
Aug 20, 2015 	191.014 	190.518 	192.205 	189.525 	1.52M 	0.26%
Aug 19, 2015 	190.518 	188.632 	190.716 	188.434 	1.24M 	1.05%
Aug 18, 2015 	188.533 	186.648 	190.518 	186.648 	2.26M 	1.06%
Aug 17, 2015 	186.549 	188.533 	191.510 	186.053 	2.59M 	-1.05%
Aug 14, 2015 	188.533 	189.029 	189.228 	187.938 	2.18M 	-0.42%
Aug 13, 2015 	189.327 	194.586 	194.586 	188.533 	2.97M 	-2.40%
Aug 12, 2015 	193.991 	195.479 	196.372 	192.998 	1.78M 	-2.20%
Aug 11, 2015 	198.357 	193.792 	200.441 	193.792 	2.89M 	1.73%
Aug 10, 2015 	194.983 	189.129 	197.265 	189.129 	2.51M 	3.10%
Aug 07, 2015 	189.129 	192.502 	192.502 	187.739 	2.34M 	-2.26%
Aug 06, 2015 	193.495 	200.242 	200.242 	193.495 	4.07M 	-2.50%
Aug 05, 2015 	198.456 	194.487 	202.227 	194.487 	5.50M 	2.56%
Aug 04, 2015 	193.495 	190.518 	194.983 	189.228 	2.43M 	1.51%
Aug 03, 2015 	190.617 	190.121 	191.510 	189.029 	1.85M 	0.42%
Jul 31, 2015 	189.823 	189.525 	190.419 	187.839 	1.24M 	0.05%
Jul 30, 2015 	189.724 	190.518 	190.518 	188.533 	1.02M 	-0.42%
Jul 29, 2015 	190.518 	188.037 	191.907 	188.037 	1.95M 	1.05%
Jul 28, 2015 	188.533 	188.533 	191.014 	188.037 	2.89M 	-0.26%
Jul 27, 2015 	189.029 	190.518 	191.609 	188.434 	1.76M 	-0.52%
Jul 24, 2015 	190.022 	186.549 	190.022 	186.449 	3.61M 	2.57%
Jul 23, 2015 	185.259 	181.587 	185.656 	181.587 	1.31M 	2.02%
Jul 22, 2015 	181.587 	183.572 	183.572 	179.801 	2.25M 	0.27%
Jul 21, 2015 	181.091 	178.710 	181.587 	178.710 	2.00M 	0.27%
Jul 20, 2015 	180.595 	184.663 	184.663 	180.000 	2.42M 	-2.20%
Jul 16, 2015 	184.663 	186.549 	187.144 	183.373 	1.34M 	-0.48%
Jul 15, 2015 	185.556 	190.815 	191.212 	185.556 	2.00M 	-2.60%
Jul 14, 2015 	190.518 	188.533 	192.502 	188.533 	1.83M 	1.86%
Jul 13, 2015 	187.045 	186.549 	187.541 	185.854 	1.04M 	1.89%
Jul 10, 2015 	183.572 	185.556 	188.533 	183.572 	4.42M 	-4.14%
Jul 09, 2015 	191.510 	183.572 	191.510 	178.610 	1.98M 	3.76%
Jul 08, 2015 	184.564 	191.312 	191.510 	184.564 	4.03M 	-3.53%
Jul 07, 2015 	191.312 	193.495 	193.991 	191.113 	2.10M 	0.10%
Jul 06, 2015 	191.113 	192.006 	192.006 	190.419 	2.14M 	-0.62%
Jul 03, 2015 	192.304 	192.502 	195.380 	192.105 	1.95M 	-0.05%
Jul 02, 2015 	192.403 	190.815 	194.983 	190.518 	3.26M 	0.88%
Jul 01, 2015 	190.716 	191.510 	191.510 	188.732 	2.41M 	-0.93%
Jun 30, 2015 	192.502 	194.487 	194.487 	189.823 	4.02M 	-1.52%
Jun 29, 2015 	195.479 	194.983 	196.968 	190.518 	2.36M 	-0.25%
Jun 26, 2015 	195.975 	196.273 	196.471 	191.312 	1.10M 	0.25%
Jun 25, 2015 	195.479 	191.808 	197.067 	191.510 	3.95M 	2.07%
Jun 24, 2015 	191.510 	189.525 	191.510 	188.632 	2.02M 	1.58%
Jun 23, 2015 	188.533 	198.357 	198.357 	188.533 	3.56M 	-5.00%
Jun 22, 2015 	198.456 	196.670 	198.456 	194.785 	2.04M 	1.01%
Jun 19, 2015 	196.471 	198.456 	199.448 	194.487 	3.45M 	0.25%
Jun 18, 2015 	195.975 	193.495 	195.975 	191.510 	3.01M 	2.86%
Jun 17, 2015 	190.518 	182.381 	190.915 	182.381 	3.75M 	5.49%
Jun 16, 2015 	180.595 	177.420 	181.587 	174.641 	4.47M 	1.11%
Jun 15, 2015 	178.610 	184.564 	184.564 	178.412 	3.15M 	-2.70%
Jun 11, 2015 	183.572 	185.060 	187.144 	183.373 	3.36M 	-0.80%
Jun 10, 2015 	185.060 	181.587 	185.953 	181.587 	2.56M 	1.36%
Jun 09, 2015 	182.580 	183.076 	183.175 	179.603 	3.77M 	-0.27%
Jun 08, 2015 	183.076 	184.564 	184.564 	182.580 	2.99M 	-1.34%
Jun 05, 2015 	185.556 	188.533 	188.533 	184.862 	6.56M 	-3.26%
Jun 04, 2015 	191.808 	190.518 	192.006 	189.426 	1.24M 	-0.10%
Jun 03, 2015 	192.006 	193.495 	193.495 	190.518 	1.65M 	0.83%
Jun 02, 2015 	190.419 	196.075 	196.075 	189.724 	3.06M 	-3.52%
Jun 01, 2015 	197.364 	193.495 	197.761 	189.525 	2.24M 	4.25%
May 29, 2015 	189.327 	185.556 	195.181 	185.556 	4.27M 	2.03%
May 28, 2015 	185.556 	188.533 	189.525 	182.083 	3.98M 	-1.53%
May 27, 2015 	188.434 	195.479 	195.479 	186.846 	4.36M 	-3.85%
May 26, 2015 	195.975 	197.464 	197.464 	192.502 	1.91M 	-0.75%
May 25, 2015 	197.464 	200.837 	200.837 	195.082 	2.55M 	-0.99%
May 22, 2015 	199.448 	202.624 	202.822 	197.464 	4.48M 	-3.64%
May 21, 2015 	206.990 	207.783 	212.149 	205.402 	2.36M 	0.00%
May 20, 2015 	206.990 	203.219 	208.379 	202.028 	2.53M 	2.46%
May 19, 2015 	202.028 	203.417 	203.417 	200.242 	3.00M 	-0.68%
May 18, 2015 	203.417 	208.974 	209.371 	201.433 	3.17M 	-2.66%
May 15, 2015 	208.974 	210.363 	210.363 	206.593 	2.38M 	-0.57%
May 14, 2015 	210.165 	210.165 	212.348 	205.799 	1.61M 	0.00%
May 13, 2015 	210.165 	204.013 	210.165 	203.219 	1.75M 	2.82%
May 12, 2015 	204.410 	198.654 	205.402 	198.158 	4.55M 	3.00%
May 11, 2015 	198.456 	201.036 	201.433 	198.059 	7.86M 	-0.99%
May 08, 2015 	200.441 	212.348 	212.348 	200.044 	5.66M 	-5.16%
May 07, 2015 	211.356 	212.943 	212.943 	210.959 	4.35M 	-2.29%
May 06, 2015 	216.317 	219.492 	219.889 	211.951 	1.76M 	-1.27%
May 05, 2015 	219.095 	217.309 	220.882 	217.309 	2.30M 	0.82%
May 04, 2015 	217.309 	215.325 	218.500 	211.753 	2.37M 	0.55%
Apr 30, 2015 	216.119 	216.119 	217.309 	212.149 	1.87M 	0.09%
Apr 29, 2015 	215.920 	214.729 	216.119 	214.332 	2.09M 	0.55%
Apr 28, 2015 	214.729 	215.325 	216.714 	212.745 	2.07M 	-1.19%
Apr 27, 2015 	217.309 	217.309 	218.302 	215.920 	2.81M 	-0.18%
Apr 24, 2015 	217.706 	219.095 	220.286 	216.515 	2.20M 	0.18%
Apr 23, 2015 	217.309 	217.706 	218.302 	215.523 	3.19M 	0.92%
Apr 22, 2015 	215.325 	217.309 	217.309 	213.340 	1.78M 	-0.73%
Apr 21, 2015 	216.912 	216.317 	218.302 	215.920 	2.84M 	0.92%
Apr 20, 2015 	214.928 	216.515 	217.309 	210.363 	1.80M 	0.28%
Apr 17, 2015 	214.332 	221.278 	226.240 	214.332 	2.42M 	-3.14%
Apr 16, 2015 	221.278 	211.157 	221.278 	210.562 	3.34M 	4.21%
Apr 15, 2015 	212.348 	217.111 	217.309 	211.356 	3.35M 	-2.28%
Apr 14, 2015 	217.309 	217.309 	218.302 	215.523 	1.60M 	-0.18%
Apr 13, 2015 	217.706 	218.500 	220.286 	216.119 	2.77M 	-1.26%
Apr 10, 2015 	220.485 	221.477 	222.866 	218.500 	3.83M 	-2.29%
Apr 08, 2015 	225.644 	229.217 	229.217 	223.065 	1.19M 	-1.13%
Apr 07, 2015 	228.224 	228.820 	230.209 	227.034 	1.18M 	0.00%
Apr 06, 2015 	228.224 	225.446 	232.194 	225.446 	1.62M 	1.77%
Apr 01, 2015 	224.255 	223.065 	224.851 	220.882 	1.32M 	0.00%
Mar 31, 2015 	224.255 	222.271 	224.255 	219.294 	3.79M 	0.89%
Mar 30, 2015 	222.271 	219.492 	224.851 	219.492 	2.79M 	1.27%
Mar 27, 2015 	219.492 	216.317 	221.278 	216.317 	3.59M 	1.47%
Mar 26, 2015 	216.317 	214.332 	217.508 	213.340 	1.67M 	0.93%
Mar 25, 2015 	214.332 	217.111 	217.111 	212.943 	1.49M 	0.00%
Mar 24, 2015 	214.332 	218.500 	218.500 	213.936 	1.89M 	-1.28%
Mar 23, 2015 	217.111 	216.912 	220.088 	216.912 	1.25M 	-0.55%
Mar 20, 2015 	218.302 	212.745 	220.286 	212.745 	3.57M 	2.23%
Mar 19, 2015 	213.539 	213.340 	216.317 	212.348 	1.82M 	-0.37%
Mar 18, 2015 	214.332 	213.539 	215.325 	212.943 	2.88M 	0.37%
Mar 17, 2015 	213.539 	213.142 	213.737 	212.348 	1.77M 	0.37%
Mar 16, 2015 	212.745 	216.317 	216.317 	211.753 	713.03K 	-1.47%
Mar 13, 2015 	215.920 	216.317 	217.309 	211.951 	1.55M 	0.28%
Mar 12, 2015 	215.325 	213.340 	215.325 	210.363 	1.40M 	0.93%
Mar 11, 2015 	213.340 	213.142 	214.332 	212.149 	1.54M 	0.00%
Mar 10, 2015 	213.340 	212.348 	215.325 	212.348 	2.18M 	-1.38%
Mar 09, 2015 	216.317 	211.356 	217.905 	210.363 	2.75M 	0.46%
Mar 06, 2015 	215.325 	211.753 	215.325 	209.570 	1.38M 	1.78%
Mar 05, 2015 	211.554 	214.332 	214.332 	209.768 	2.48M 	-2.20%
Mar 04, 2015 	216.317 	216.119 	216.714 	214.332 	1.23M 	1.30%
Mar 03, 2015 	213.539 	216.119 	216.714 	213.539 	1.70M 	-1.19%
Mar 02, 2015 	216.119 	215.920 	216.119 	210.959 	2.16M 	-0.09%
Feb 27, 2015 	216.317 	210.363 	216.317 	207.387 	3.75M 	3.12%
Feb 26, 2015 	209.768 	211.356 	211.753 	209.570 	2.56M 	-1.49%
Feb 25, 2015 	212.943 	216.317 	216.317 	210.363 	3.43M 	-1.56%
Feb 24, 2015 	216.317 	215.920 	216.317 	215.523 	2.50M 	0.18%
Feb 23, 2015 	215.920 	216.714 	217.309 	215.325 	2.46M 	0.51%
Feb 20, 2015 	214.829 	214.631 	216.602 	214.434 	3.52M 	0.28%
Feb 18, 2015 	214.237 	212.069 	215.814 	211.675 	1.42M 	1.02%
Feb 17, 2015 	212.069 	209.901 	212.858 	209.901 	1.35M 	-1.10%
Feb 16, 2015 	214.434 	214.434 	214.829 	213.055 	1.56M 	0.28%
Feb 13, 2015 	213.843 	210.295 	215.814 	209.901 	1.64M 	2.55%
Feb 12, 2015 	208.522 	208.719 	211.675 	208.127 	2.71M 	0.28%
Feb 11, 2015 	207.930 	214.829 	214.829 	207.930 	3.70M 	-2.41%
Feb 10, 2015 	213.055 	219.756 	219.756 	212.858 	3.22M 	-3.48%
Feb 09, 2015 	220.741 	211.872 	220.741 	211.084 	4.47M 	6.16%
Feb 06, 2015 	207.930 	200.638 	209.113 	199.653 	5.84M 	3.43%
Feb 05, 2015 	201.032 	203.003 	203.003 	199.850 	2.54M 	-0.97%
Feb 04, 2015 	203.003 	202.018 	203.594 	200.835 	4.50M 	0.49%
Feb 03, 2015 	202.018 	203.003 	203.397 	201.624 	1.37M 	-0.49%
Feb 02, 2015 	203.003 	203.989 	204.580 	201.032 	2.52M 	-0.48%
Jan 30, 2015 	203.989 	201.229 	204.974 	201.229 	2.42M 	0.49%
Jan 29, 2015 	203.003 	204.974 	205.959 	203.003 	1.69M 	0.00%
Jan 28, 2015 	203.003 	204.974 	204.974 	202.215 	3.43M 	-0.87%
Jan 27, 2015 	204.777 	199.061 	207.930 	199.061 	1.80M 	1.37%
Jan 26, 2015 	202.018 	198.864 	202.018 	198.667 	2.76M 	1.49%
Jan 23, 2015 	199.061 	195.711 	199.061 	194.725 	2.87M 	2.69%
Jan 22, 2015 	193.838 	196.893 	196.893 	192.163 	2.01M 	-0.41%
Jan 21, 2015 	194.627 	194.134 	196.204 	193.740 	2.28M 	-0.20%
Jan 20, 2015 	195.021 	195.415 	197.090 	194.134 	1.89M 	-0.45%
Jan 19, 2015 	195.908 	193.641 	197.682 	193.641 	2.84M 	-0.60%
Jan 14, 2015 	197.090 	196.105 	197.879 	194.725 	4.57M 	1.68%
Jan 13, 2015 	193.838 	189.207 	196.105 	189.207 	2.72M 	1.39%
Jan 12, 2015 	191.178 	193.641 	193.641 	190.094 	1.83M 	-1.27%
Jan 09, 2015 	193.641 	194.134 	195.120 	192.656 	2.16M 	0.25%
Jan 08, 2015 	193.149 	192.853 	194.627 	191.868 	1.95M 	-0.46%
Jan 07, 2015 	194.036 	188.714 	194.627 	188.714 	3.60M 	2.82%
Jan 06, 2015 	188.714 	186.250 	188.714 	183.885 	1.81M 	0.26%
Jan 05, 2015 	188.221 	191.670 	191.670 	186.940 	3.26M 	-2.55%
Dec 29, 2014 	193.149 	190.192 	193.149 	189.404 	1.78M 	1.29%
Dec 23, 2014 	190.685 	195.120 	195.120 	190.685 	1.10M 	-0.77%
Dec 22, 2014 	192.163 	192.163 	195.120 	190.981 	1.38M 	0.00%
Dec 19, 2014 	192.163 	189.207 	195.120 	189.207 	2.38M 	2.63%
Dec 18, 2014 	187.236 	185.462 	187.433 	178.860 	3.12M 	2.15%
Dec 17, 2014 	183.294 	191.276 	191.276 	183.294 	4.38M 	-4.12%
Dec 16, 2014 	191.178 	193.050 	193.050 	191.178 	3.28M 	-1.22%
Dec 15, 2014 	193.543 	191.079 	195.120 	187.236 	2.47M 	1.24%
Dec 12, 2014 	191.178 	188.320 	191.473 	188.320 	2.26M 	2.86%
Dec 11, 2014 	185.856 	187.236 	188.221 	183.590 	3.58M 	-1.10%
Dec 10, 2014 	187.926 	189.897 	189.897 	186.743 	2.59M 	-1.04%
Dec 09, 2014 	189.897 	192.952 	192.952 	189.010 	2.33M 	-1.68%
Dec 05, 2014 	193.149 	195.120 	195.120 	191.966 	2.01M 	-1.46%
Dec 04, 2014 	196.006 	194.134 	196.598 	193.937 	1.31M 	0.20%
Dec 03, 2014 	195.612 	195.218 	197.090 	193.641 	1.57M 	1.22%
Dec 02, 2014 	193.247 	193.149 	202.018 	193.149 	3.84M 	0.15%
Dec 01, 2014 	192.952 	192.163 	193.641 	191.966 	2.14M 	0.36%
Nov 28, 2014 	192.262 	188.320 	193.149 	188.320 	1.50M 	1.88%
Nov 27, 2014 	188.714 	190.488 	190.488 	187.137 	1.09M 	-0.26%
Nov 26, 2014 	189.207 	190.291 	190.291 	188.813 	1.62M 	1.00%
Nov 25, 2014 	187.334 	189.207 	191.178 	187.334 	2.48M 	-1.55%
Nov 24, 2014 	190.291 	186.349 	191.079 	186.349 	3.43M 	2.17%
Nov 21, 2014 	186.250 	186.743 	186.743 	185.955 	2.22M 	0.53%
Nov 20, 2014 	185.265 	185.856 	186.842 	184.378 	1.82M 	0.64%
Nov 19, 2014 	184.082 	183.393 	185.364 	183.393 	962.80K 	0.16%
Nov 18, 2014 	183.787 	183.294 	184.280 	183.294 	1.04M 	0.27%
Nov 17, 2014 	183.294 	184.378 	184.969 	183.294 	703.12K 	-0.54%
Nov 14, 2014 	184.280 	186.645 	186.645 	182.309 	937.36K 	0.32%
Nov 13, 2014 	183.688 	182.801 	186.448 	182.801 	427.39K 	0.59%
Nov 12, 2014 	182.604 	182.801 	183.294 	181.816 	1.36M 	0.16%
Nov 11, 2014 	182.309 	185.265 	185.265 	180.830 	1.16M 	-0.54%
Nov 10, 2014 	183.294 	186.645 	186.645 	183.294 	616.29K 	-0.32%
Nov 07, 2014 	183.885 	184.280 	185.955 	183.787 	662.86K 	0.32%
Nov 06, 2014 	183.294 	187.236 	187.236 	182.309 	712.70K 	-0.54%
Nov 05, 2014 	184.280 	185.265 	187.236 	180.633 	1.47M 	-0.58%
Nov 04, 2014 	185.364 	190.192 	190.685 	185.265 	1.80M 	-2.54%
Nov 03, 2014 	190.192 	181.816 	190.192 	181.816 	802.24K 	3.76%
Oct 31, 2014 	183.294 	181.323 	183.984 	180.830 	1.87M 	1.36%
Oct 30, 2014 	180.830 	181.323 	182.801 	179.746 	923.71K 	0.05%
Oct 29, 2014 	180.732 	180.338 	181.323 	180.141 	3.18M 	0.44%
Oct 28, 2014 	179.944 	181.323 	181.323 	178.662 	2.74M 	-0.22%
Oct 27, 2014 	180.338 	180.239 	181.619 	179.944 	1.06M 	-0.27%
Oct 24, 2014 	180.830 	181.816 	182.801 	179.845 	922.86K 	0.27%
Oct 23, 2014 	180.338 	175.903 	180.436 	175.903 	2.19M 	2.52%
Oct 22, 2014 	175.903 	176.100 	176.889 	175.410 	1.10M 	0.00%
Oct 21, 2014 	175.903 	176.396 	176.593 	175.016 	930.03K 	0.62%
Oct 20, 2014 	174.819 	175.410 	176.494 	173.144 	1.55M 	-0.22%
Oct 17, 2014 	175.213 	177.283 	177.381 	174.721 	2.09M 	-0.11%
Oct 16, 2014 	175.410 	174.228 	176.692 	173.440 	4.92M 	0.00%
Oct 15, 2014 	175.410 	172.454 	175.706 	172.454 	2.74M 	2.53%
Oct 14, 2014 	171.074 	166.541 	171.567 	163.585 	3.41M 	1.52%
Oct 13, 2014 	168.512 	174.425 	174.425 	167.231 	2.18M 	-4.26%
Oct 10, 2014 	176.002 	177.381 	178.367 	174.228 	1.79M 	-1.33%
Oct 09, 2014 	178.367 	180.830 	182.309 	177.973 	845.96K 	-0.60%
Oct 08, 2014 	179.451 	180.239 	182.309 	179.352 	1.82M 	-0.76%
Oct 07, 2014 	180.830 	179.352 	181.323 	179.352 	1.89M 	0.82%
Oct 03, 2014 	179.352 	179.648 	180.830 	178.367 	2.24M 	-0.06%
Oct 02, 2014 	179.451 	178.860 	180.338 	178.860 	2.46M 	-1.67%
Oct 01, 2014 	182.506 	184.280 	185.265 	181.520 	1.06M 	-0.96%
Sep 30, 2014 	184.280 	182.309 	185.856 	182.309 	2.88M 	1.08%
Sep 29, 2014 	182.309 	179.352 	183.787 	179.352 	2.13M 	2.27%
Sep 26, 2014 	178.268 	176.396 	179.254 	176.199 	1.58M 	0.06%
Sep 25, 2014 	178.170 	180.338 	181.422 	177.381 	2.41M 	-1.20%
Sep 24, 2014 	180.338 	176.100 	181.717 	175.312 	3.25M 	3.27%
Sep 23, 2014 	174.622 	175.410 	176.100 	172.947 	1.72M 	-0.45%
Sep 22, 2014 	175.410 	175.410 	175.903 	175.016 	1.98M 	0.00%
Sep 18, 2014 	175.410 	175.410 	175.903 	174.918 	2.29M 	0.74%
Sep 17, 2014 	174.129 	171.469 	174.918 	171.469 	3.70M 	1.90%
Sep 16, 2014 	170.877 	171.074 	171.469 	170.188 	1.63M 	-1.20%
Sep 15, 2014 	172.947 	173.538 	175.016 	171.961 	2.09M 	-0.28%
Sep 12, 2014 	173.440 	171.469 	173.440 	170.779 	1.69M 	0.57%
Sep 11, 2014 	172.454 	173.440 	173.932 	171.469 	1.63M 	1.16%
Sep 10, 2014 	170.483 	171.567 	171.764 	169.990 	1.08M 	-0.63%
Sep 09, 2014 	171.567 	173.637 	173.932 	171.173 	1.32M 	-1.14%
Sep 08, 2014 	173.538 	173.440 	175.903 	173.440 	1.58M 	0.06%
Sep 05, 2014 	173.440 	174.425 	174.425 	172.651 	3.27M 	1.15%
Sep 04, 2014 	171.469 	168.118 	174.031 	168.118 	2.47M 	0.46%
Sep 03, 2014 	170.680 	166.049 	171.961 	166.049 	4.77M 	3.65%
Sep 02, 2014 	164.669 	166.049 	166.049 	164.472 	1.04M 	0.36%
Sep 01, 2014 	164.078 	163.979 	164.275 	161.614 	735.18K 	2.46%
Aug 29, 2014 	160.136 	160.826 	163.191 	160.136 	3.07M 	-0.73%
Aug 28, 2014 	161.319 	163.092 	163.191 	160.727 	1.27M 	-0.06%
Aug 27, 2014 	161.417 	163.585 	163.585 	160.432 	1.62M 	0.18%
Aug 26, 2014 	161.121 	165.556 	168.020 	159.446 	2.03M 	-2.10%
Aug 22, 2014 	164.571 	165.852 	165.852 	163.092 	1.97M 	-0.24%
Aug 20, 2014 	164.965 	164.669 	166.049 	164.669 	1.12M 	0.78%
Aug 19, 2014 	163.684 	162.600 	166.541 	162.600 	1.52M 	0.97%
Aug 18, 2014 	162.107 	162.600 	162.600 	161.910 	985.72K 	1.04%
Aug 15, 2014 	160.432 	160.629 	161.417 	159.643 	984.58K 	-0.12%
Aug 14, 2014 	160.629 	162.107 	162.107 	159.742 	1.67M 	-0.91%
Aug 13, 2014 	162.107 	159.643 	162.600 	158.658 	1.20M 	1.54%
Aug 12, 2014 	159.643 	161.121 	162.501 	159.446 	2.18M 	-0.67%
Aug 11, 2014 	160.727 	160.037 	162.304 	160.037 	1.34M 	1.30%
Aug 08, 2014 	158.658 	159.643 	162.600 	158.658 	1.24M 	-1.23%
Aug 07, 2014 	160.629 	163.585 	163.585 	159.643 	812.93K 	-0.91%
Aug 06, 2014 	162.107 	162.600 	164.571 	161.614 	838.24K 	-0.78%
Aug 05, 2014 	163.388 	164.571 	164.571 	162.600 	941.99K 	-0.72%
Aug 04, 2014 	164.571 	161.023 	165.556 	161.023 	1.58M 	3.09%
Aug 01, 2014 	159.643 	158.953 	160.629 	158.362 	2.17M 	-0.31%
Jul 31, 2014 	160.136 	160.629 	160.629 	157.968 	3.30M 	-0.31%
Jul 30, 2014 	160.629 	162.107 	162.304 	160.235 	2.71M 	0.00%
Jul 28, 2014 	160.629 	158.855 	162.107 	158.855 	841.94K 	1.12%
Jul 25, 2014 	158.855 	158.461 	159.939 	157.869 	1.47M 	0.06%
Jul 24, 2014 	158.756 	162.600 	162.600 	157.672 	1.94M 	-2.66%
Jul 23, 2014 	163.092 	165.556 	167.527 	162.107 	3.53M 	4.75%
Jul 18, 2014 	155.701 	153.731 	156.588 	153.731 	1.51M 	0.64%
Jul 17, 2014 	154.716 	155.209 	155.701 	153.731 	1.16M 	1.03%
Jul 15, 2014 	153.139 	153.731 	154.125 	152.647 	1.07M 	-0.70%
Jul 14, 2014 	154.223 	156.785 	156.785 	153.829 	811.44K 	-1.82%
Jul 11, 2014 	157.081 	157.672 	157.672 	156.096 	647.65K 	-0.13%
Jul 10, 2014 	157.278 	155.701 	157.475 	154.716 	1.29M 	-0.25%
Jul 09, 2014 	157.672 	155.209 	157.672 	153.731 	1.31M 	0.76%
Jul 08, 2014 	156.490 	156.687 	157.081 	156.096 	1.66M 	0.19%
Jul 07, 2014 	156.194 	155.701 	156.687 	155.701 	2.03M 	0.70%
Jul 04, 2014 	155.110 	154.716 	156.096 	154.716 	1.96M 	0.90%
Jul 03, 2014 	153.731 	151.858 	154.716 	151.760 	3.73M 	1.70%
Jul 02, 2014 	151.168 	150.971 	151.464 	150.774 	1.09M 	0.26%
Jul 01, 2014 	150.774 	152.449 	152.647 	150.774 	492.07K 	-0.84%
Jun 30, 2014 	152.055 	151.365 	152.548 	151.365 	1.94M 	0.46%
Jun 27, 2014 	151.365 	153.632 	153.632 	150.380 	744.92K 	-0.90%
Jun 26, 2014 	152.745 	151.070 	153.238 	150.774 	4.27M 	1.24%
Jun 25, 2014 	150.873 	150.971 	152.449 	150.873 	1.38M 	0.07%
Jun 24, 2014 	150.774 	149.789 	150.774 	149.789 	1.39M 	0.13%
Jun 23, 2014 	150.577 	149.789 	151.661 	149.592 	1.68M 	0.92%
Jun 20, 2014 	149.197 	150.084 	151.070 	148.311 	2.84M 	-0.53%
Jun 19, 2014 	149.986 	152.647 	152.647 	149.789 	783.12K 	-1.17%
Jun 18, 2014 	151.760 	150.774 	151.760 	150.577 	2.01M 	0.26%
Jun 17, 2014 	151.365 	152.055 	152.745 	149.789 	1.64M 	-0.58%
Jun 16, 2014 	152.252 	153.731 	153.731 	151.858 	1.09M 	-0.32%
Jun 13, 2014 	152.745 	151.760 	153.731 	147.818 	3.07M 	0.00%
Jun 11, 2014 	152.745 	153.041 	154.716 	152.351 	2.05M 	0.06%
Jun 10, 2014 	152.647 	152.548 	152.745 	150.577 	2.56M 	0.06%
Jun 09, 2014 	152.548 	150.281 	153.533 	150.281 	2.36M 	1.31%
Jun 06, 2014 	150.577 	151.267 	151.267 	149.887 	543.03K 	-0.13%
Jun 05, 2014 	150.774 	150.774 	150.774 	147.818 	1.52M 	-0.20%
Jun 04, 2014 	151.070 	151.563 	152.252 	151.070 	1.24M 	0.00%
Jun 03, 2014 	151.070 	148.803 	152.252 	147.818 	1.37M 	2.75%
Jun 02, 2014 	147.029 	146.931 	147.621 	146.832 	1.13M 	0.13%
May 30, 2014 	146.832 	146.832 	148.015 	145.847 	2.59M 	-0.67%
May 29, 2014 	147.818 	147.916 	150.774 	146.044 	2.09M 	-0.27%
May 28, 2014 	148.212 	151.464 	151.464 	147.522 	1.47M 	0.27%
May 27, 2014 	147.818 	148.902 	148.902 	146.832 	766.17K 	-0.73%
May 26, 2014 	148.902 	148.311 	149.296 	146.044 	3.56M 	-0.59%
May 23, 2014 	149.789 	150.281 	150.380 	149.395 	981.43K 	-0.33%
May 22, 2014 	150.281 	148.015 	150.774 	147.818 	1.21M 	1.80%
May 21, 2014 	147.621 	150.774 	151.070 	146.635 	2.36M 	-3.35%
May 20, 2014 	152.745 	151.760 	154.716 	151.760 	2.62M 	0.65%
May 19, 2014 	151.760 	152.252 	154.519 	150.774 	1.16M 	-0.52%
May 16, 2014 	152.548 	153.041 	153.041 	151.267 	3.02M 	-0.13%
May 15, 2014 	152.745 	152.154 	153.731 	151.957 	3.37M 	-0.32%
May 14, 2014 	153.238 	149.395 	153.238 	149.197 	2.59M 	2.84%
May 13, 2014 	149.000 	147.818 	149.296 	147.818 	2.94M 	0.80%
May 12, 2014 	147.818 	147.128 	148.113 	145.847 	5.18M 	1.42%
May 09, 2014 	145.748 	145.847 	146.931 	145.354 	1.69M 	0.61%
May 08, 2014 	144.861 	143.975 	146.340 	143.876 	1.98M 	0.07%
May 07, 2014 	144.763 	144.467 	145.059 	142.891 	1.33M 	0.20%
May 06, 2014 	144.467 	144.369 	145.354 	142.891 	447.77K 	0.07%
May 05, 2014 	144.369 	144.073 	144.861 	143.876 	1.16M 	0.21%
May 02, 2014 	144.073 	144.073 	145.945 	143.383 	2.01M 	0.14%
Apr 30, 2014 	143.876 	143.383 	144.566 	142.792 	4.23M 	0.69%
Apr 29, 2014 	142.891 	143.383 	144.664 	142.891 	2.21M 	-0.27%
Apr 28, 2014 	143.285 	144.960 	144.960 	142.496 	1.88M 	-1.16%
Apr 25, 2014 	144.960 	146.241 	146.241 	144.566 	1.02M 	-0.94%
Apr 24, 2014 	146.340 	144.566 	146.340 	144.369 	2.40M 	1.23%
Apr 23, 2014 	144.566 	143.876 	145.059 	143.876 	964.36K 	0.48%
Apr 22, 2014 	143.876 	146.734 	146.734 	143.777 	1.21M 	0.00%
Apr 21, 2014 	143.876 	144.861 	144.861 	142.693 	1.48M 	0.41%
Apr 16, 2014 	143.285 	142.891 	144.073 	142.891 	1.34M 	0.21%
Apr 15, 2014 	142.989 	144.566 	144.566 	142.595 	762.59K 	0.28%
Apr 14, 2014 	142.595 	144.861 	145.157 	141.314 	2.28M 	-1.16%
Apr 11, 2014 	144.270 	145.847 	145.847 	143.777 	1.83M 	-1.08%
Apr 10, 2014 	145.847 	144.861 	145.847 	142.792 	3.15M 	0.41%
Apr 08, 2014 	145.256 	145.059 	146.832 	144.960 	1.66M 	0.20%
Apr 07, 2014 	144.960 	144.763 	145.256 	143.876 	1.95M 	0.14%
Apr 04, 2014 	144.763 	142.989 	146.832 	142.891 	1.51M 	1.24%
Apr 03, 2014 	142.989 	144.467 	145.945 	142.102 	2.37M 	-0.96%
Apr 02, 2014 	144.369 	138.949 	144.566 	138.653 	3.50M 	3.17%
Apr 01, 2014 	139.934 	139.934 	139.934 	138.653 	2.02M 	0.00%
Mar 31, 2014 	139.934 	135.007 	140.427 	135.007 	6.43M 	3.65%
Mar 28, 2014 	135.007 	133.529 	135.500 	132.839 	1.85M 	1.03%
Mar 27, 2014 	133.627 	134.120 	135.007 	132.937 	1.99M 	-0.59%
Mar 26, 2014 	134.416 	135.105 	135.992 	133.430 	3.13M 	-1.30%
Mar 25, 2014 	136.189 	137.963 	137.963 	135.894 	2.62M 	-1.64%
Mar 24, 2014 	138.456 	137.963 	138.850 	136.485 	1.36M 	0.00%
Mar 21, 2014 	138.456 	136.978 	140.920 	136.978 	3.20M 	0.57%
Mar 20, 2014 	137.668 	137.963 	137.963 	137.471 	2.64M 	-0.29%
Mar 19, 2014 	138.062 	136.682 	138.949 	136.682 	1.69M 	0.00%
Mar 18, 2014 	138.062 	137.668 	139.244 	137.668 	3.54M 	1.52%
Mar 17, 2014 	135.992 	136.387 	136.387 	135.697 	1.65M 	-0.22%
Mar 14, 2014 	136.288 	137.963 	137.963 	135.992 	2.56M 	-1.43%
Mar 13, 2014 	138.259 	137.273 	139.244 	137.273 	2.50M 	-0.78%
Mar 12, 2014 	139.343 	140.033 	140.525 	138.949 	3.40M 	0.28%
Mar 11, 2014 	138.949 	138.456 	140.920 	137.963 	2.73M 	1.44%
Mar 10, 2014 	136.978 	137.471 	138.160 	136.781 	2.97M 	-0.71%
Mar 07, 2014 	137.963 	136.682 	138.949 	136.682 	6.89M 	1.45%
Mar 06, 2014 	135.992 	136.978 	136.978 	134.021 	5.43M 	1.47%
Mar 05, 2014 	134.021 	135.992 	136.091 	133.923 	3.67M 	1.12%
Mar 04, 2014 	132.543 	135.007 	135.105 	132.051 	2.28M 	-1.83%
Mar 03, 2014 	135.007 	134.810 	137.865 	134.810 	3.60M 	-2.14%
Feb 28, 2014 	137.963 	137.963 	137.963 	135.303 	2.57M 	0.00%
Feb 27, 2014 	137.963 	135.007 	140.920 	135.007 	5.65M 	2.19%
Feb 26, 2014 	135.007 	131.361 	135.500 	129.784 	3.72M 	2.70%
Feb 25, 2014 	131.459 	131.952 	132.149 	130.868 	4.26M 	1.83%
Feb 24, 2014 	129.094 	131.065 	131.065 	128.602 	1.99M 	0.00%
Feb 21, 2014 	129.094 	130.080 	131.065 	127.912 	4.60M 	-1.50%
Feb 20, 2014 	131.065 	125.706 	131.552 	125.706 	6.19M 	4.26%
Feb 19, 2014 	125.706 	124.049 	126.388 	124.049 	2.16M 	2.22%
Feb 18, 2014 	122.977 	124.731 	124.731 	122.685 	2.25M 	-1.41%
Feb 17, 2014 	124.731 	122.782 	125.511 	122.782 	3.53M 	2.15%
Feb 14, 2014 	122.100 	121.808 	122.685 	121.223 	2.93M 	1.87%
Feb 13, 2014 	119.859 	119.956 	121.321 	119.859 	2.83M 	0.16%
Feb 12, 2014 	119.664 	117.520 	120.638 	116.058 	3.54M 	2.16%
Feb 11, 2014 	117.130 	116.935 	117.130 	115.864 	1.71M 	1.01%
Feb 10, 2014 	115.961 	115.669 	116.156 	115.279 	2.80M 	1.02%
Feb 07, 2014 	114.792 	113.915 	115.084 	113.330 	1.03M 	2.44%
Feb 06, 2014 	112.063 	113.038 	114.987 	112.063 	3.00M 	-0.86%
Feb 05, 2014 	113.038 	111.089 	113.135 	111.089 	3.61M 	1.40%
Feb 04, 2014 	111.478 	112.940 	112.940 	110.504 	3.58M 	-2.22%
Feb 03, 2014 	114.012 	114.792 	114.792 	112.063 	2.98M 	-0.93%
Jan 30, 2014 	115.084 	115.961 	115.961 	114.012 	3.74M 	-1.91%
Jan 29, 2014 	117.325 	116.448 	117.812 	116.448 	1.54M 	0.75%
Jan 28, 2014 	116.448 	117.520 	118.300 	115.961 	2.53M 	-2.53%
Jan 27, 2014 	119.469 	120.346 	120.346 	117.033 	1.91M 	-2.13%
Jan 24, 2014 	122.068 	119.809 	123.050 	118.140 	3.35M 	1.97%
Jan 23, 2014 	119.711 	119.809 	120.202 	119.318 	1.99M 	-0.33%
Jan 22, 2014 	120.104 	120.202 	121.282 	120.104 	5.07M 	-0.08%
Jan 21, 2014 	120.202 	120.693 	120.693 	119.809 	1.26M 	-0.08%
Jan 20, 2014 	120.300 	119.613 	121.381 	119.613 	623.52K 	0.57%
Jan 17, 2014 	119.613 	119.809 	119.908 	117.943 	1.73M 	-0.25%
Jan 16, 2014 	119.908 	120.497 	120.988 	119.809 	1.51M 	0.00%
Jan 15, 2014 	119.908 	117.256 	120.497 	117.256 	3.29M 	2.18%
Jan 14, 2014 	117.354 	117.354 	117.551 	116.863 	2.73M 	0.00%
Jan 13, 2014 	117.354 	116.863 	118.336 	115.096 	3.49M 	2.14%
Jan 10, 2014 	114.899 	116.765 	116.863 	114.506 	2.41M 	-1.93%
Jan 09, 2014 	117.158 	116.863 	118.140 	116.765 	2.64M 	0.51%
Jan 08, 2014 	116.569 	113.524 	117.158 	113.524 	1.58M 	2.77%
Jan 07, 2014 	113.426 	116.667 	116.667 	113.426 	2.86M 	-3.27%
Jan 06, 2014 	117.256 	116.863 	117.649 	114.899 	2.26M 	0.34%
Jan 03, 2014 	116.863 	115.881 	117.649 	113.917 	1.37M 	0.85%
Jan 02, 2014 	115.881 	113.033 	116.863 	112.739 	2.64M 	4.33%
Dec 27, 2013 	111.069 	115.881 	118.827 	111.069 	4.83M 	-3.33%
Dec 26, 2013 	114.899 	114.899 	115.390 	113.917 	1.44M 	1.65%
Dec 23, 2013 	113.033 	112.935 	113.917 	112.444 	2.01M 	2.77%
Dec 20, 2013 	109.989 	117.845 	117.845 	109.792 	2.48M 	-5.88%
Dec 19, 2013 	116.863 	116.961 	118.336 	116.569 	2.53M 	-0.08%
Dec 18, 2013 	116.961 	116.667 	118.631 	115.685 	2.57M 	1.19%
Dec 17, 2013 	115.587 	113.426 	115.881 	113.426 	2.20M 	2.80%
Dec 16, 2013 	112.444 	109.301 	113.917 	109.301 	2.86M 	2.51%
Dec 13, 2013 	109.694 	111.462 	111.953 	109.400 	2.25M 	-2.02%
Dec 12, 2013 	111.953 	116.765 	116.863 	111.560 	1.66M 	-4.20%
Dec 11, 2013 	116.863 	116.372 	117.158 	115.979 	3.10M 	0.85%
Dec 10, 2013 	115.881 	117.354 	117.845 	115.685 	2.03M 	-1.26%
Dec 09, 2013 	117.354 	116.372 	119.809 	116.274 	1.43M 	0.93%
Dec 06, 2013 	116.274 	117.845 	117.845 	116.078 	1.53M 	-0.59%
Dec 05, 2013 	116.961 	116.863 	118.729 	116.470 	3.53M 	0.00%
Dec 04, 2013 	116.961 	118.827 	118.827 	116.765 	2.30M 	-1.16%
Dec 03, 2013 	118.336 	121.086 	121.086 	118.238 	1.68M 	-1.31%
Dec 02, 2013 	119.908 	119.417 	120.890 	118.631 	1.33M 	1.33%
Nov 29, 2013 	118.336 	118.827 	120.202 	116.372 	2.21M 	-0.91%
Nov 28, 2013 	119.417 	117.551 	120.300 	117.551 	2.24M 	1.76%
Nov 27, 2013 	117.354 	118.336 	118.336 	116.176 	1.94M 	-1.24%
Nov 26, 2013 	118.827 	117.354 	118.827 	116.078 	1.88M 	1.26%
Nov 25, 2013 	117.354 	119.809 	120.399 	116.078 	2.65M 	-2.05%
Nov 22, 2013 	119.809 	120.300 	121.479 	119.318 	3.30M 	-0.97%
Nov 21, 2013 	120.988 	116.863 	120.988 	116.372 	2.54M 	3.53%
Nov 20, 2013 	116.863 	119.711 	122.559 	116.176 	3.37M 	-2.46%
Nov 19, 2013 	119.809 	124.720 	124.720 	118.827 	4.52M 	-2.94%
Nov 18, 2013 	123.443 	125.603 	125.603 	122.264 	1.16M 	-0.63%
Nov 15, 2013 	124.229 	123.541 	125.800 	122.755 	1.90M 	0.56%
Nov 14, 2013 	123.541 	123.345 	124.032 	122.166 	2.18M 	0.88%
Nov 13, 2013 	122.461 	122.068 	122.755 	120.399 	4.14M 	-0.08%
Nov 12, 2013 	122.559 	122.461 	122.755 	120.300 	1.28M 	-0.48%
Nov 11, 2013 	123.148 	122.166 	123.148 	117.845 	3.31M 	0.56%
Nov 08, 2013 	122.461 	123.148 	123.148 	121.282 	1.02M 	0.08%
Nov 07, 2013 	122.363 	123.738 	123.836 	121.773 	924.81K 	-1.11%
Nov 06, 2013 	123.738 	123.738 	124.130 	121.872 	1.74M 	-0.08%
Nov 05, 2013 	123.836 	124.720 	124.916 	123.738 	1.79M 	-0.86%
Nov 04, 2013 	124.916 	124.523 	125.211 	123.443 	1.34M 	-0.24%
Oct 31, 2013 	125.211 	123.345 	125.702 	122.755 	1.95M 	1.59%
Oct 30, 2013 	123.246 	122.755 	123.934 	121.773 	1.53M 	0.40%
Oct 29, 2013 	122.755 	123.738 	123.738 	121.773 	1.42M 	-0.79%
Oct 25, 2013 	123.738 	123.934 	126.193 	123.639 	1.84M 	-0.08%
Oct 24, 2013 	123.836 	124.916 	124.916 	122.755 	1.60M 	-1.48%
Oct 23, 2013 	125.702 	127.567 	127.567 	125.211 	2.71M 	-1.16%
Oct 22, 2013 	127.175 	125.702 	127.960 	125.702 	4.71M 	1.65%
Oct 21, 2013 	125.112 	123.738 	125.702 	122.854 	2.15M 	2.16%
Oct 18, 2013 	122.461 	120.006 	122.559 	120.006 	2.48M 	2.21%
Oct 17, 2013 	119.809 	119.809 	120.693 	119.613 	3.57M 	0.83%
Oct 16, 2013 	118.827 	118.827 	121.282 	118.827 	3.69M 	0.08%
Oct 14, 2013 	118.729 	118.336 	119.711 	116.961 	1.42M 	-0.08%
Oct 11, 2013 	118.827 	120.693 	120.693 	118.631 	3.79M 	0.17%
Oct 10, 2013 	118.631 	116.274 	120.399 	116.274 	4.96M 	2.03%
Oct 09, 2013 	116.274 	116.372 	116.863 	115.488 	3.10M 	-0.17%
Oct 08, 2013 	116.470 	116.372 	116.667 	115.587 	5.45M 	0.00%
Oct 07, 2013 	116.470 	117.452 	117.551 	115.685 	8.87M 	1.37%
Oct 04, 2013 	114.899 	113.819 	115.783 	113.426 	11.19M 	-4.88%
Oct 03, 2013 	120.791 	119.417 	121.381 	117.845 	5.47M 	1.23%
Oct 02, 2013 	119.318 	119.318 	120.300 	117.452 	6.64M 	1.25%
Oct 01, 2013 	117.845 	121.086 	121.086 	116.863 	3.87M 	-2.44%
Sep 30, 2013 	120.791 	125.702 	126.487 	120.791 	4.13M 	-2.77%
Sep 27, 2013 	124.229 	126.193 	127.469 	124.229 	1.09M 	-1.09%
Sep 26, 2013 	125.603 	126.880 	126.880 	123.050 	1.58M 	-1.01%
Sep 25, 2013 	126.880 	127.175 	128.451 	126.094 	3.34M 	0.94%
Sep 24, 2013 	125.702 	129.630 	130.612 	125.702 	2.53M 	-3.03%
Sep 23, 2013 	129.630 	130.612 	131.299 	127.764 	2.14M 	-1.12%
Sep 20, 2013 	131.103 	127.862 	132.969 	125.702 	2.14M 	2.85%
Sep 19, 2013 	127.469 	126.193 	129.924 	126.193 	2.47M 	3.02%
Sep 18, 2013 	123.738 	124.621 	126.193 	122.264 	2.13M 	-0.71%
Sep 17, 2013 	124.621 	124.032 	124.720 	124.032 	2.40M 	0.55%
Sep 16, 2013 	123.934 	120.890 	124.720 	120.890 	2.13M 	2.60%
Sep 13, 2013 	120.791 	122.755 	122.755 	120.399 	1.16M 	-1.20%
Sep 12, 2013 	122.264 	123.836 	123.836 	120.791 	1.61M 	-1.27%
Sep 11, 2013 	123.836 	124.523 	124.523 	123.639 	3.59M 	0.88%
Sep 10, 2013 	122.755 	120.988 	124.720 	120.988 	4.62M 	2.63%
Sep 09, 2013 	119.613 	117.943 	120.791 	117.943 	2.53M 	1.58%
Sep 06, 2013 	117.747 	117.649 	118.533 	116.863 	1.74M 	1.18%
Sep 05, 2013 	116.372 	115.979 	117.845 	115.390 	1.00M 	0.34%
Sep 04, 2013 	115.979 	117.845 	117.845 	114.703 	736.45K 	-1.58%
Sep 03, 2013 	117.845 	117.845 	118.827 	117.060 	1.09M 	0.00%
Sep 02, 2013 	117.845 	116.863 	121.282 	114.997 	1.77M 	0.08%
Aug 30, 2013 	117.747 	111.757 	117.747 	111.757 	3.51M 	5.64%
Aug 29, 2013 	111.462 	110.480 	112.346 	109.203 	1.74M 	3.18%
Aug 28, 2013 	108.025 	107.043 	110.971 	103.115 	5.68M 	-3.51%
Aug 27, 2013 	111.953 	116.470 	116.470 	109.989 	3.69M 	-2.73%
Aug 23, 2013 	115.096 	114.212 	116.372 	114.212 	2.59M 	0.77%
Aug 22, 2013 	114.212 	114.899 	114.997 	110.185 	3.91M 	-3.65%
Aug 16, 2013 	118.533 	118.827 	120.693 	117.354 	1.48M 	-0.33%
Aug 15, 2013 	118.925 	121.282 	121.282 	117.649 	3.72M 	-2.34%
Aug 14, 2013 	121.773 	120.791 	121.773 	120.693 	3.70M 	0.40%
Aug 13, 2013 	121.282 	113.917 	121.282 	113.917 	3.74M 	6.47%
Aug 12, 2013 	113.917 	114.506 	114.899 	110.971 	4.76M 	-0.85%
Aug 08, 2013 	114.899 	116.863 	116.863 	114.703 	2.46M 	-2.17%
Aug 07, 2013 	117.452 	117.845 	117.845 	117.354 	2.10M 	-0.33%
Aug 06, 2013 	117.845 	121.282 	121.282 	117.452 	2.66M 	-2.44%
Aug 05, 2013 	120.791 	122.264 	122.657 	119.809 	1.13M 	-1.20%
Aug 02, 2013 	122.264 	122.755 	122.755 	121.773 	2.67M 	-0.32%
Aug 01, 2013 	122.657 	122.068 	122.755 	122.068 	1.10M 	0.48%
Jul 31, 2013 	122.068 	125.505 	125.505 	121.282 	2.16M 	-2.13%
Jul 30, 2013 	124.720 	125.211 	125.407 	124.229 	1.22M 	-0.39%
Jul 29, 2013 	125.211 	125.702 	125.702 	124.327 	1.01M 	-0.39%
Jul 26, 2013 	125.702 	125.702 	127.666 	125.603 	2.37M 	0.00%
Jul 25, 2013 	125.702 	126.684 	126.684 	124.523 	1.34M 	-0.78%
Jul 24, 2013 	126.684 	122.854 	128.648 	122.854 	2.50M 	3.12%
Jul 23, 2013 	122.854 	123.738 	124.229 	122.264 	2.50M 	0.24%
Jul 22, 2013 	122.559 	125.407 	125.407 	121.872 	1.83M 	-2.27%
Jul 19, 2013 	125.407 	125.702 	126.880 	124.720 	4.55M 	0.55%
Jul 18, 2013 	124.720 	121.970 	125.702 	121.970 	3.64M 	2.25%
Jul 17, 2013 	121.970 	123.148 	123.836 	120.300 	2.37M 	-0.24%
Jul 16, 2013 	122.264 	123.738 	123.836 	118.925 	671.26K 	-0.88%
Jul 15, 2013 	123.345 	123.738 	124.032 	122.657 	2.31M 	0.48%
Jul 12, 2013 	122.755 	121.773 	124.032 	121.773 	2.08M 	2.46%
Jul 11, 2013 	119.809 	115.881 	120.300 	115.881 	1.38M 	3.39%
Jul 10, 2013 	115.881 	110.480 	116.176 	110.480 	1.10M 	0.00%
Jul 09, 2013 	115.881 	111.953 	115.881 	109.007 	1.01M 	4.42%
Jul 08, 2013 	110.971 	115.390 	115.685 	110.284 	1.02M 	-4.07%
Jul 05, 2013 	115.685 	114.506 	116.569 	114.506 	1.22M 	-0.76%
Jul 04, 2013 	116.569 	118.042 	119.809 	116.372 	1.07M 	-1.08%
Jul 03, 2013 	117.845 	114.899 	118.140 	113.917 	1.68M 	2.56%
Jul 02, 2013 	114.899 	120.791 	121.773 	114.899 	603.33K 	-4.10%
Jul 01, 2013 	119.809 	120.693 	121.773 	118.827 	1.80M 	-2.40%
Jun 28, 2013 	122.755 	115.979 	122.755 	115.390 	3.92M 	5.93%
Jun 27, 2013 	115.881 	113.917 	116.372 	113.230 	3.52M 	3.51%
Jun 26, 2013 	111.953 	104.882 	112.444 	104.882 	4.67M 	8.06%
Jun 25, 2013 	103.606 	106.061 	108.025 	101.052 	5.42M 	-4.09%
Jun 24, 2013 	108.025 	109.792 	109.792 	106.061 	2.72M 	-0.90%
Jun 21, 2013 	109.007 	106.061 	109.989 	105.766 	5.16M 	-1.42%
Jun 20, 2013 	110.578 	112.935 	112.935 	108.810 	1.54M 	-4.58%
Jun 19, 2013 	115.881 	117.551 	117.551 	112.051 	2.45M 	-0.84%
Jun 18, 2013 	116.863 	109.498 	117.354 	109.498 	3.57M 	8.18%
Jun 17, 2013 	108.025 	107.927 	109.989 	106.454 	2.58M 	0.00%
Jun 14, 2013 	108.025 	109.989 	112.444 	107.043 	4.60M 	1.38%
Jun 13, 2013 	106.552 	109.989 	111.462 	102.231 	7.70M 	-5.65%
Jun 11, 2013 	112.935 	121.675 	121.675 	112.935 	3.85M 	-7.85%
Jun 10, 2013 	122.559 	121.773 	122.952 	119.908 	2.17M 	2.30%
Jun 07, 2013 	119.809 	115.881 	120.890 	115.881 	1.62M 	3.83%
Jun 06, 2013 	115.390 	115.881 	117.060 	111.953 	3.12M 	-0.59%
Jun 05, 2013 	116.078 	116.863 	118.336 	113.721 	3.69M 	0.17%
Jun 04, 2013 	115.881 	117.354 	119.809 	115.390 	2.66M 	-1.26%
Jun 03, 2013 	117.354 	122.559 	122.559 	116.470 	3.15M 	-4.78%
May 31, 2013 	123.246 	118.140 	124.523 	117.845 	4.35M 	4.06%
May 30, 2013 	118.434 	124.720 	125.702 	117.845 	4.37M 	-5.04%
May 29, 2013 	124.720 	122.755 	125.898 	121.872 	2.14M 	2.42%
May 28, 2013 	121.773 	116.372 	121.773 	115.587 	1.00M 	4.64%
May 27, 2013 	116.372 	120.202 	120.202 	115.979 	2.34M 	-3.27%
May 24, 2013 	120.300 	121.675 	121.773 	119.515 	3.22M 	-2.00%
May 23, 2013 	122.755 	126.782 	126.782 	120.497 	6.93M 	-3.10%
May 22, 2013 	126.684 	125.211 	127.666 	125.211 	3.18M 	1.18%
May 21, 2013 	125.211 	125.505 	125.505 	124.720 	1.89M 	-0.39%
May 20, 2013 	125.702 	125.407 	126.684 	123.738 	1.45M 	0.08%
May 17, 2013 	125.603 	128.157 	128.451 	124.327 	2.28M 	-2.22%
May 16, 2013 	128.451 	128.550 	128.550 	125.996 	1.95M 	-0.91%
May 15, 2013 	129.630 	124.425 	130.219 	124.425 	2.73M 	4.76%
May 14, 2013 	123.738 	122.461 	123.738 	122.068 	1.40M 	1.61%
May 10, 2013 	121.773 	122.755 	122.755 	121.773 	1.45M 	-0.80%
May 09, 2013 	122.755 	123.738 	123.738 	122.657 	1.56M 	0.00%
May 08, 2013 	122.755 	123.541 	124.032 	121.381 	3.20M 	0.81%
May 07, 2013 	121.773 	123.738 	123.738 	121.381 	737.05K 	-1.20%
May 06, 2013 	123.246 	124.229 	127.371 	123.246 	2.14M 	0.56%
May 03, 2013 	122.559 	122.755 	125.603 	122.264 	5.62M 	1.46%
May 02, 2013 	120.791 	115.881 	120.791 	115.685 	3.03M 	3.45%
Apr 30, 2013 	116.765 	114.899 	116.863 	114.899 	1.88M 	2.59%
Apr 29, 2013 	113.819 	114.899 	114.899 	112.935 	1.39M 	-0.09%
Apr 26, 2013 	113.917 	113.917 	114.899 	113.721 	1.80M 	0.17%
Apr 25, 2013 	113.721 	115.881 	115.881 	113.328 	822.40K 	-0.94%
Apr 24, 2013 	114.801 	113.721 	115.390 	113.721 	2.56M 	2.10%
Apr 23, 2013 	112.444 	115.881 	116.863 	112.444 	2.91M 	-3.70%
Apr 22, 2013 	116.765 	113.917 	116.765 	113.917 	1.64M 	3.39%
Apr 19, 2013 	112.935 	113.426 	113.426 	111.855 	2.26M 	0.00%
Apr 18, 2013 	112.935 	112.346 	112.935 	111.757 	1.76M 	0.61%
Apr 17, 2013 	112.248 	111.757 	113.426 	111.757 	1.92M 	0.44%
Apr 16, 2013 	111.757 	111.953 	111.953 	109.891 	1.25M 	-0.35%
Apr 15, 2013 	112.149 	111.658 	112.640 	111.462 	2.79M 	0.44%
Apr 12, 2013 	111.658 	112.542 	112.542 	109.989 	987.65K 	-0.26%
Apr 11, 2013 	111.953 	111.953 	112.935 	110.971 	3.13M 	0.00%
Apr 10, 2013 	111.953 	109.007 	113.328 	109.007 	2.62M 	3.64%
Apr 08, 2013 	108.025 	107.927 	108.418 	107.927 	1.75M 	0.18%
Apr 05, 2013 	107.828 	108.909 	108.909 	107.534 	3.00M 	-0.99%
Apr 04, 2013 	108.909 	109.007 	109.498 	107.043 	1.37M 	-0.09%
Apr 03, 2013 	109.007 	109.498 	109.498 	108.810 	3.62M 	0.09%
Apr 02, 2013 	108.909 	109.007 	109.498 	108.025 	1.95M 	-0.09%
Apr 01, 2013 	109.007 	112.935 	115.881 	108.418 	5.22M 	-1.77%
Mar 27, 2013 	110.971 	106.355 	112.935 	106.355 	5.49M 	4.44%
Mar 26, 2013 	106.257 	104.293 	106.454 	104.293 	3.53M 	1.88%
Mar 25, 2013 	104.293 	102.624 	104.588 	102.624 	5.25M 	2.11%
Mar 22, 2013 	102.133 	102.427 	103.606 	102.034 	4.84M 	-0.29%
Mar 21, 2013 	102.427 	101.052 	103.606 	101.052 	1.60M 	1.46%
Mar 20, 2013 	100.954 	97.222 	101.151 	95.749 	3.86M 	2.29%
Mar 19, 2013 	98.695 	100.758 	100.758 	97.222 	2.95M 	-2.14%
Mar 18, 2013 	100.856 	101.936 	101.936 	100.659 	4.38M 	-1.15%
Mar 15, 2013 	102.034 	101.642 	106.159 	101.151 	8.80M 	1.56%
Mar 14, 2013 	100.463 	96.044 	101.642 	96.044 	6.16M 	4.92%
Mar 13, 2013 	95.749 	97.124 	97.222 	95.160 	1.92M 	-0.51%
Mar 12, 2013 	96.240 	96.240 	97.222 	95.062 	1.62M 	-0.20%
Mar 11, 2013 	96.437 	95.258 	96.437 	95.258 	2.41M 	1.24%
Mar 08, 2013 	95.258 	95.258 	95.455 	95.160 	3.62M 	1.04%
Mar 07, 2013 	94.276 	96.240 	96.240 	94.276 	1.43M 	-1.54%
Mar 06, 2013 	95.749 	94.276 	96.142 	94.276 	1.50M 	1.04%
Mar 05, 2013 	94.767 	93.294 	94.964 	92.705 	3.17M 	2.71%
Mar 04, 2013 	92.263 	92.803 	93.098 	85.438 	2.39M 	-0.37%
Mar 01, 2013 	92.607 	93.098 	93.098 	91.330 	1.44M 	-0.53%
Feb 28, 2013 	93.098 	93.196 	93.785 	91.870 	3.49M 	1.39%
Feb 27, 2013 	91.821 	92.165 	92.803 	90.839 	3.16M 	-0.37%
Feb 26, 2013 	92.165 	92.263 	92.312 	91.330 	1.41M 	-0.16%
Feb 25, 2013 	92.312 	92.803 	92.803 	91.330 	964.65K 	1.08%
Feb 22, 2013 	91.330 	92.312 	92.312 	91.183 	1.50M 	-1.06%
Feb 21, 2013 	92.312 	92.116 	92.361 	91.821 	1.91M 	0.00%
Feb 20, 2013 	92.312 	92.312 	93.245 	91.821 	1.64M 	0.00%
Feb 19, 2013 	92.312 	92.901 	93.294 	92.017 	530.49K 	-0.48%
Feb 18, 2013 	92.754 	93.196 	93.294 	92.558 	835.36K 	-0.53%
Feb 15, 2013 	93.245 	93.294 	93.785 	93.196 	1.79M 	-0.26%
Feb 14, 2013 	93.491 	93.785 	94.276 	92.803 	3.07M 	2.37%
Feb 13, 2013 	91.330 	89.857 	92.312 	89.857 	4.75M 	2.20%
Feb 12, 2013 	89.366 	90.348 	90.348 	88.875 	682.91K 	1.11%
Feb 11, 2013 	88.384 	87.893 	89.661 	87.893 	698.66K 	1.58%
Feb 08, 2013 	87.009 	89.366 	89.611 	87.009 	4.29M 	-2.42%
Feb 07, 2013 	89.170 	88.384 	89.366 	88.188 	1.94M 	1.11%
Feb 06, 2013 	88.188 	88.089 	88.335 	87.942 	2.03M 	0.11%
Feb 05, 2013 	88.089 	88.089 	88.580 	86.420 	1.78M 	0.00%
Feb 04, 2013 	88.089 	88.384 	88.384 	87.893 	2.07M 	1.87%
Feb 01, 2013 	86.469 	85.831 	88.384 	85.831 	2.67M 	0.74%
Jan 31, 2013 	85.831 	85.585 	85.929 	85.340 	3.10M 	0.46%
Jan 30, 2013 	85.438 	85.143 	85.634 	85.143 	4.74M 	0.35%
Jan 29, 2013 	85.143 	85.290 	85.929 	84.750 	1.90M 	0.58%
Jan 28, 2013 	84.652 	84.750 	85.929 	84.456 	3.67M 	0.00%
Jan 25, 2013 	84.652 	83.474 	84.652 	83.474 	1.80M 	-1.45%
Jan 24, 2013 	85.900 	84.200 	86.150 	84.200 	2.39M 	0.47%
Jan 23, 2013 	85.500 	86.000 	86.000 	85.200 	1.33M 	-0.58%
Jan 22, 2013 	86.000 	86.200 	86.700 	85.800 	1.01M 	-0.17%
Jan 21, 2013 	86.150 	86.000 	86.400 	86.000 	458.11K 	0.17%
Jan 18, 2013 	86.000 	82.600 	86.000 	82.600 	1.33M 	1.06%
Jan 17, 2013 	85.100 	86.200 	86.200 	85.100 	1.18M 	-1.28%
Jan 16, 2013 	86.200 	87.000 	87.000 	85.900 	1.67M 	-0.92%
Jan 15, 2013 	87.000 	88.000 	88.000 	86.900 	1.23M 	-0.17%
Jan 14, 2013 	87.150 	87.000 	87.200 	86.900 	1.97M 	0.17%
Jan 11, 2013 	87.000 	87.000 	87.200 	86.300 	1.49M 	0.81%
Jan 10, 2013 	86.300 	86.400 	86.500 	85.700 	814.27K 	-0.12%
Jan 09, 2013 	86.400 	85.700 	87.000 	85.700 	1.88M 	1.65%
Jan 08, 2013 	85.000 	86.500 	87.000 	85.000 	1.08M 	-1.62%
Jan 07, 2013 	86.400 	87.500 	87.550 	86.400 	968.01K 	-0.69%
Jan 04, 2013 	87.000 	87.000 	87.550 	86.650 	973.56K 	0.00%
Jan 03, 2013 	87.000 	86.300 	88.000 	86.200 	781.70K 	1.16%
Jan 02, 2013 	86.000 	83.850 	86.500 	83.850 	971.75K 	2.56%
Dec 28, 2012 	83.850 	82.000 	84.100 	82.000 	1.85M 	3.52%
Dec 27, 2012 	81.000 	82.100 	83.600 	80.900 	504.56K 	-1.34%
Dec 26, 2012 	82.100 	81.500 	82.250 	81.500 	397.00K 	0.74%
Dec 21, 2012 	81.500 	82.000 	82.500 	81.500 	895.38K 	-0.24%
Dec 20, 2012 	81.700 	80.050 	82.000 	80.000 	1.50M 	2.06%
Dec 19, 2012 	80.050 	78.500 	80.100 	78.000 	1.13M 	1.97%
Dec 18, 2012 	78.500 	76.900 	78.500 	76.800 	897.02K 	2.08%
Dec 17, 2012 	76.900 	78.000 	78.950 	76.900 	1.23M 	-1.41%
Dec 14, 2012 	78.000 	79.000 	79.000 	77.400 	1.61M 	-1.02%
Dec 13, 2012 	78.800 	81.700 	81.700 	78.800 	2.47M 	-3.55%
Dec 12, 2012 	81.700 	80.800 	81.750 	79.900 	1.71M 	1.11%
Dec 11, 2012 	80.800 	80.400 	80.800 	80.000 	1.30M 	0.50%
Dec 10, 2012 	80.400 	81.900 	81.900 	78.800 	2.33M 	-1.29%
Dec 07, 2012 	81.450 	81.350 	81.450 	80.950 	613.68K 	0.62%
Dec 06, 2012 	80.950 	79.500 	82.100 	79.500 	2.85M 	2.21%
Dec 05, 2012 	79.200 	80.500 	80.500 	79.000 	1.49M 	-1.74%
Dec 04, 2012 	80.600 	78.900 	81.000 	78.100 	1.61M 	3.40%
Dec 03, 2012 	77.950 	77.000 	79.500 	77.000 	2.37M 	1.23%
Nov 29, 2012 	77.000 	78.000 	81.200 	77.000 	2.78M 	-1.28%
Nov 28, 2012 	78.000 	78.000 	78.750 	77.500 	376.75K 	0.00%
Nov 27, 2012 	78.000 	78.000 	79.500 	78.000 	945.44K 	0.00%
Nov 26, 2012 	78.000 	77.500 	78.100 	77.500 	549.50K 	1.30%
Nov 23, 2012 	77.000 	76.300 	78.000 	76.300 	1.10M 	1.32%
Nov 22, 2012 	76.000 	78.200 	78.300 	76.000 	692.00K 	-2.56%
Nov 21, 2012 	78.000 	78.000 	78.450 	77.900 	1.07M 	0.00%
Nov 20, 2012 	78.000 	76.550 	79.000 	76.550 	2.12M 	-1.14%
Nov 19, 2012 	78.900 	76.550 	78.900 	75.500 	705.29K 	3.82%
Nov 16, 2012 	76.000 	76.950 	77.000 	75.850 	902.13K 	-1.23%
Nov 15, 2012 	76.950 	79.000 	79.000 	76.700 	605.61K 	-1.28%
Nov 14, 2012 	77.950 	76.950 	79.650 	76.700 	2.19M 	1.17%
Nov 13, 2012 	77.050 	75.700 	77.100 	75.400 	2.64M 	2.05%
Nov 12, 2012 	75.500 	74.750 	75.600 	74.700 	1.34M 	1.07%
Nov 09, 2012 	74.700 	75.000 	75.000 	74.550 	818.66K 	0.95%
Nov 08, 2012 	74.000 	75.000 	75.000 	73.400 	2.00M 	-1.33%
Nov 07, 2012 	75.000 	77.050 	77.050 	75.000 	1.49M 	-2.79%
Nov 06, 2012 	77.150 	74.750 	77.150 	74.000 	1.02M 	2.94%
Nov 05, 2012 	74.950 	75.000 	75.500 	73.000 	3.30M 	4.24%
Oct 31, 2012 	71.900 	74.000 	74.000 	71.900 	1.16M 	-4.13%
Oct 30, 2012 	75.000 	70.200 	75.000 	70.200 	1.49M 	4.90%
Oct 29, 2012 	71.500 	70.900 	71.950 	70.900 	2.13M 	0.85%
Oct 25, 2012 	70.900 	72.850 	72.850 	70.900 	1.39M 	-2.68%
Oct 24, 2012 	72.850 	73.750 	73.750 	72.500 	997.10K 	-1.22%
Oct 23, 2012 	73.750 	73.500 	74.000 	73.300 	291.53K 	0.34%
Oct 22, 2012 	73.500 	72.000 	74.100 	72.000 	1.32M 	2.08%
Oct 19, 2012 	72.000 	70.200 	72.000 	70.200 	884.80K 	2.71%
Oct 18, 2012 	70.100 	72.400 	72.450 	70.100 	2.49M 	-3.18%
Oct 17, 2012 	72.400 	70.350 	72.550 	70.350 	1.38M 	3.43%
Oct 16, 2012 	70.000 	71.500 	71.950 	70.000 	1.39M 	-2.10%
Oct 15, 2012 	71.500 	70.150 	71.800 	70.100 	877.84K 	2.14%
Oct 12, 2012 	70.000 	69.700 	70.250 	69.700 	942.77K 	1.30%
Oct 11, 2012 	69.100 	70.150 	70.150 	69.100 	370.96K 	0.14%
Oct 10, 2012 	69.000 	70.600 	71.000 	68.950 	1.39M 	-2.75%
Oct 09, 2012 	70.950 	72.000 	72.000 	70.550 	1.04M 	-1.46%
Oct 08, 2012 	72.000 	70.600 	72.000 	69.000 	1.07M 	1.41%
Oct 05, 2012 	71.000 	68.000 	73.800 	68.000 	5.79M 	4.41%
Oct 04, 2012 	68.000 	66.000 	68.000 	66.000 	1.45M 	3.03%
Oct 03, 2012 	66.000 	67.400 	67.750 	65.900 	2.12M 	0.00%
Oct 02, 2012 	66.000 	67.200 	68.200 	66.000 	2.66M 	-1.12%
Oct 01, 2012 	66.750 	66.100 	67.200 	66.100 	3.17M 	-4.09%
Sep 28, 2012 	69.600 	65.950 	69.600 	65.950 	3.70M 	5.94%
Sep 27, 2012 	65.700 	66.100 	66.200 	65.000 	1.39M 	-0.61%
Sep 26, 2012 	66.100 	65.500 	66.100 	65.000 	2.66M 	0.38%
Sep 25, 2012 	65.850 	64.000 	66.300 	63.950 	4.83M 	2.49%
Sep 24, 2012 	64.250 	63.950 	64.250 	63.850 	1.11M 	0.47%
Sep 21, 2012 	63.950 	63.300 	65.100 	63.250 	5.02M 	0.87%
Sep 20, 2012 	63.400 	62.250 	64.000 	62.250 	6.05M 	1.77%
Sep 19, 2012 	62.300 	61.450 	62.750 	61.100 	1.40M 	1.88%
Sep 18, 2012 	61.150 	61.500 	61.500 	60.900 	2.35M 	-0.81%
Sep 17, 2012 	61.650 	63.800 	63.800 	61.500 	6.17M 	-1.36%
Sep 14, 2012 	62.500 	63.000 	63.500 	62.500 	3.44M 	0.00%
Sep 13, 2012 	62.500 	61.850 	63.000 	61.600 	4.58M 	1.46%
Sep 12, 2012 	61.600 	62.900 	62.900 	61.050 	3.17M 	-2.22%
Sep 11, 2012 	63.000 	63.900 	63.900 	63.000 	45.34K 	-1.41%
Sep 10, 2012 	63.900 	64.300 	64.300 	63.800 	634.67K 	-0.62%
Sep 07, 2012 	64.300 	62.550 	64.300 	62.550 	6.64M 	3.54%
Sep 06, 2012 	62.100 	61.550 	62.250 	61.500 	2.71M 	0.98%
Sep 05, 2012 	61.500 	61.700 	61.700 	61.400 	1.03M 	-0.32%
Sep 04, 2012 	61.700 	61.500 	61.950 	61.000 	1.65M 	1.15%
Sep 03, 2012 	61.000 	61.000 	61.100 	60.650 	1.04M 	0.16%
Aug 31, 2012 	60.900 	60.400 	61.000 	60.000 	2.42M 	1.08%
Aug 30, 2012 	60.250 	60.200 	61.250 	60.000 	2.10M 	0.42%
Aug 29, 2012 	60.000 	60.200 	60.200 	59.900 	2.23M 	-0.33%
Aug 28, 2012 	60.200 	60.000 	60.900 	60.000 	2.27M 	0.50%
Aug 24, 2012 	59.900 	61.400 	61.400 	59.750 	2.59M 	-2.12%
Aug 23, 2012 	61.200 	59.850 	61.500 	59.850 	1.33M 	2.26%
Aug 22, 2012 	59.850 	60.500 	60.500 	59.100 	4.56M 	-2.29%
Aug 17, 2012 	61.250 	60.700 	61.850 	60.700 	2.80M 	0.91%
Aug 16, 2012 	60.700 	62.000 	63.200 	60.700 	1.02M 	-1.62%
Aug 15, 2012 	61.700 	60.250 	62.350 	60.250 	2.56M 	2.66%
Aug 14, 2012 	60.100 	60.600 	60.600 	60.000 	268.90K 	-0.83%
Aug 13, 2012 	60.600 	59.900 	60.750 	58.850 	1.17M 	1.17%
Aug 10, 2012 	59.900 	59.450 	59.900 	59.150 	1.95M 	0.76%
Aug 09, 2012 	59.450 	59.050 	60.000 	58.800 	981.66K 	0.76%
Aug 08, 2012 	59.000 	59.400 	59.500 	58.800 	2.60M 	-0.84%
Aug 06, 2012 	59.500 	59.050 	59.850 	59.050 	896.29K 	-0.58%
Aug 03, 2012 	59.850 	59.700 	60.000 	59.600 	875.76K 	0.25%
Aug 02, 2012 	59.700 	59.500 	60.650 	59.500 	2.59M 	0.25%
Aug 01, 2012 	59.550 	59.400 	59.700 	58.900 	3.94M 	1.28%
Jul 31, 2012 	58.800 	58.950 	58.950 	58.550 	2.46M 	-0.25%
Jul 30, 2012 	58.950 	58.800 	59.500 	58.700 	3.05M 	0.86%
Jul 27, 2012 	58.450 	58.650 	58.750 	58.450 	2.91M 	-0.34%
Jul 26, 2012 	58.650 	58.450 	59.500 	58.100 	3.39M 	0.34%
Jul 25, 2012 	58.450 	58.100 	59.000 	58.000 	3.24M 	0.60%
Jul 24, 2012 	58.100 	57.800 	59.000 	57.500 	1.85M 	0.61%
Jul 23, 2012 	57.750 	59.400 	59.400 	57.300 	3.57M 	-2.86%
Jul 20, 2012 	59.450 	61.800 	61.800 	58.800 	3.03M 	-3.25%
Jul 19, 2012 	61.450 	61.600 	61.900 	61.000 	2.25M 	-0.32%
Jul 18, 2012 	61.650 	62.300 	62.300 	61.600 	2.12M 	-1.04%
Jul 17, 2012 	62.300 	62.250 	62.400 	61.900 	371.19K 	0.08%
Jul 16, 2012 	62.250 	62.000 	62.500 	61.700 	2.24M 	0.40%
Jul 13, 2012 	62.000 	61.900 	63.500 	61.900 	1.24M 	0.16%
Jul 12, 2012 	61.900 	62.000 	62.100 	61.800 	1.93M 	-0.16%
Jul 11, 2012 	62.000 	62.000 	62.200 	61.600 	3.05M 	-1.43%
Jul 10, 2012 	62.900 	62.200 	63.650 	62.200 	3.23M 	1.13%
Jul 09, 2012 	62.200 	62.500 	63.250 	61.600 	1.70M 	-1.27%
Jul 06, 2012 	63.000 	63.400 	63.400 	62.800 	681.77K 	-0.40%
Jul 05, 2012 	63.250 	63.500 	63.500 	63.000 	862.72K 	-0.08%
Jul 04, 2012 	63.300 	63.000 	63.700 	62.950 	1.94M 	0.48%
Jul 03, 2012 	63.000 	63.150 	63.600 	62.650 	1.63M 	0.80%
Jul 02, 2012 	62.500 	62.950 	63.650 	62.500 	3.06M 	-0.71%
Jun 29, 2012 	62.950 	62.000 	62.950 	61.900 	2.03M 	1.53%
Jun 28, 2012 	62.000 	61.150 	62.250 	61.150 	2.73M 	1.47%
Jun 27, 2012 	61.100 	62.200 	62.200 	61.000 	3.27M 	-1.45%
Jun 26, 2012 	62.000 	61.450 	62.200 	61.350 	804.25K 	1.31%
Jun 25, 2012 	61.200 	62.000 	62.000 	61.000 	1.01M 	0.33%
Jun 22, 2012 	61.000 	62.400 	62.400 	61.000 	1.54M 	-2.32%
Jun 21, 2012 	62.450 	63.000 	63.100 	62.250 	1.40M 	-0.56%
Jun 20, 2012 	62.800 	62.000 	62.800 	62.000 	4.65M 	1.29%
Jun 19, 2012 	62.000 	61.000 	62.000 	60.950 	1.03M 	1.64%
Jun 18, 2012 	61.000 	61.400 	61.600 	60.500 	8.30M 	4.27%
Jun 15, 2012 	58.500 	61.950 	62.050 	58.500 	6.70M 	-4.88%
Jun 14, 2012 	61.500 	62.000 	62.500 	61.500 	5.41M 	-5.60%
Jun 13, 2012 	65.150 	65.900 	66.100 	64.000 	2.92M 	-1.29%
Jun 11, 2012 	66.000 	62.500 	66.000 	62.500 	3.95M 	7.32%
Jun 08, 2012 	61.500 	61.500 	61.700 	61.000 	907.61K 	0.00%
Jun 07, 2012 	61.500 	61.000 	62.200 	61.000 	2.82M 	1.65%
Jun 06, 2012 	60.500 	60.050 	60.800 	60.050 	1.68M 	-0.49%
Jun 05, 2012 	60.800 	60.450 	61.200 	60.450 	1.24M 	1.00%
Jun 04, 2012 	60.200 	62.200 	62.200 	59.200 	1.64M 	-3.37%
Jun 01, 2012 	62.300 	64.000 	64.000 	60.600 	3.93M 	-4.15%
May 31, 2012 	65.000 	61.100 	65.000 	60.000 	5.26M 	5.95%
May 30, 2012 	61.350 	61.100 	61.800 	61.100 	2.65M 	0.57%
May 29, 2012 	61.000 	60.100 	61.100 	60.100 	4.56M 	1.50%
May 28, 2012 	60.100 	59.100 	61.000 	59.100 	1.59M 	1.69%
May 25, 2012 	59.100 	58.000 	59.300 	58.000 	5.90M 	1.98%
May 24, 2012 	57.950 	59.750 	59.750 	57.900 	5.91M 	-3.01%
May 23, 2012 	59.750 	60.600 	60.600 	59.500 	4.04M 	-1.40%
May 22, 2012 	60.600 	62.000 	62.000 	60.500 	2.66M 	-0.82%
May 21, 2012 	61.100 	61.500 	61.500 	61.000 	3.34M 	-0.24%
May 18, 2012 	61.250 	63.000 	63.000 	60.800 	2.16M 	-2.78%
May 17, 2012 	63.000 	61.250 	64.300 	61.250 	4.92M 	3.11%
May 16, 2012 	61.100 	64.400 	64.400 	61.100 	7.83M 	-6.29%
May 15, 2012 	65.200 	64.500 	66.750 	64.500 	3.76M 	-2.98%
May 14, 2012 	67.200 	68.200 	68.200 	66.000 	7.29M 	-0.81%
May 11, 2012 	67.750 	67.500 	68.000 	67.500 	3.47M 	0.37%
May 10, 2012 	67.500 	68.050 	68.050 	66.950 	4.47M 	-0.81%
May 09, 2012 	68.050 	67.900 	68.200 	67.800 	5.31M 	0.22%
May 08, 2012 	67.900 	65.100 	68.000 	65.100 	3.69M 	2.26%
May 07, 2012 	66.400 	66.200 	66.500 	63.950 	2.15M 	0.30%
May 04, 2012 	66.200 	67.000 	69.200 	66.000 	4.26M 	-1.19%
May 03, 2012 	67.000 	67.000 	67.000 	65.350 	2.21M 	0.00%
May 02, 2012 	67.000 	65.200 	67.350 	65.200 	5.16M 	3.08%
Apr 30, 2012 	65.000 	65.050 	67.000 	65.000 	2.20M 	0.00%
Apr 27, 2012 	65.000 	65.200 	65.200 	64.650 	2.11M 	-0.46%
Apr 26, 2012 	65.300 	65.100 	66.000 	65.100 	755.38K 	0.46%
Apr 25, 2012 	65.000 	65.100 	65.900 	65.000 	1.78M 	0.00%
Apr 24, 2012 	65.000 	65.800 	65.800 	64.750 	2.71M 	-1.37%
Apr 23, 2012 	65.900 	67.000 	67.000 	65.750 	2.80M 	-1.64%
Apr 20, 2012 	67.000 	67.300 	67.500 	65.000 	3.26M 	-0.37%
Apr 19, 2012 	67.250 	67.800 	67.800 	66.800 	746.14K 	-0.81%
Apr 18, 2012 	67.800 	66.500 	68.000 	66.500 	3.55M 	1.95%
Apr 17, 2012 	66.500 	64.850 	66.800 	64.850 	2.24M 	2.54%
Apr 16, 2012 	64.850 	64.900 	64.900 	64.450 	827.08K 	-0.08%
Apr 13, 2012 	64.900 	63.400 	64.900 	62.250 	2.44M 	3.84%
Apr 12, 2012 	62.500 	62.000 	63.450 	62.000 	3.66M 	0.81%
Apr 11, 2012 	62.000 	62.250 	62.250 	61.900 	522.13K 	-0.16%
Apr 10, 2012 	62.100 	61.500 	62.250 	61.500 	1.73M 	0.00%
Apr 04, 2012 	62.100 	63.700 	63.700 	61.600 	928.32K 	-0.64%
Apr 03, 2012 	62.500 	63.000 	63.000 	62.000 	937.09K 	0.00%
Apr 02, 2012 	62.500 	63.000 	63.000 	62.500 	354.12K 	-0.79%
Mar 30, 2012 	63.000 	63.900 	63.900 	62.400 	2.61M 	-1.41%
Mar 29, 2012 	63.900 	64.000 	64.000 	62.000 	1.47M 	-0.16%
Mar 28, 2012 	64.000 	64.000 	64.400 	63.950 	2.58M 	0.00%
Mar 27, 2012 	64.000 	64.000 	64.800 	63.900 	1.80M 	0.00%
Mar 26, 2012 	64.000 	63.000 	65.000 	63.000 	1.75M 	1.67%
Mar 23, 2012 	62.950 	62.900 	64.500 	62.800 	1.50M 	0.24%
Mar 22, 2012 	62.800 	62.950 	63.100 	62.750 	2.12M 	-0.40%
Mar 21, 2012 	63.050 	64.750 	64.750 	62.500 	1.93M 	-2.63%
Mar 20, 2012 	64.750 	64.900 	65.000 	64.400 	3.81M 	0.39%
Mar 19, 2012 	64.500 	64.000 	65.500 	63.500 	5.25M 	0.78%
Mar 16, 2012 	64.000 	62.300 	64.000 	62.000 	3.53M 	3.39%
Mar 15, 2012 	61.900 	61.200 	63.000 	61.200 	2.77M 	-1.59%
Mar 14, 2012 	62.900 	60.000 	64.000 	60.000 	3.59M 	5.45%
Mar 13, 2012 	59.650 	59.200 	60.100 	59.000 	4.92M 	1.19%
Mar 12, 2012 	58.950 	58.400 	58.950 	57.600 	1.56M 	0.94%
Mar 09, 2012 	58.400 	57.450 	59.500 	57.000 	4.59M 	1.74%
Mar 08, 2012 	57.400 	55.400 	57.650 	55.400 	1.08M 	3.61%
Mar 07, 2012 	55.400 	55.700 	55.700 	55.350 	1.64M 	-0.72%
Mar 06, 2012 	55.800 	56.950 	56.950 	55.100 	1.24M 	-2.79%
Mar 05, 2012 	57.400 	57.500 	57.800 	57.400 	1.07M 	-0.17%
Mar 02, 2012 	57.500 	54.450 	58.150 	54.450 	3.96M 	4.83%
Mar 01, 2012 	54.850 	53.950 	55.650 	53.500 	3.70M 	3.49%
Feb 29, 2012 	53.000 	51.050 	53.000 	51.050 	2.81M 	3.31%
Feb 28, 2012 	51.300 	50.550 	52.000 	50.500 	1.71M 	1.58%
Feb 27, 2012 	50.500 	52.000 	52.000 	50.350 	2.70M 	-2.88%
Feb 24, 2012 	52.000 	52.600 	52.600 	51.900 	4.01M 	-1.14%
Feb 23, 2012 	52.600 	52.000 	54.000 	51.800 	8.60M 	1.35%
Feb 22, 2012 	51.900 	51.450 	52.000 	51.200 	3.86M 	0.87%
Feb 21, 2012 	51.450 	51.400 	51.500 	51.350 	1.12M 	0.10%
Feb 20, 2012 	51.400 	51.950 	51.950 	51.150 	2.26M 	0.98%
Feb 17, 2012 	50.900 	51.000 	51.500 	50.600 	2.35M 	0.59%
Feb 16, 2012 	50.600 	51.900 	51.900 	50.450 	2.69M 	-2.41%
Feb 15, 2012 	51.850 	51.950 	52.000 	51.700 	457.07K 	0.00%
Feb 14, 2012 	51.850 	52.200 	52.200 	51.700 	1.64M 	-0.67%
Feb 13, 2012 	52.200 	52.150 	52.400 	52.100 	228.66K 	0.10%
Feb 10, 2012 	52.150 	52.100 	52.400 	51.850 	2.97M 	-3.43%
Feb 09, 2012 	54.000 	52.100 	54.000 	50.850 	3.09M 	3.85%
Feb 08, 2012 	52.000 	53.950 	53.950 	52.000 	809.06K 	-1.89%
Feb 07, 2012 	53.000 	52.800 	54.000 	52.800 	1.88M 	0.38%
Feb 06, 2012 	52.800 	54.450 	54.500 	52.000 	1.47M 	-3.12%
Feb 03, 2012 	54.500 	54.550 	54.600 	54.200 	3.57M 	0.00%
Feb 02, 2012 	54.500 	54.500 	54.650 	54.200 	1.39M 	0.00%
Feb 01, 2012 	54.500 	53.650 	54.750 	53.300 	5.13M 	1.58%
Jan 31, 2012 	53.650 	51.700 	54.200 	51.700 	3.26M 	1.32%
Jan 30, 2012 	52.950 	53.550 	53.550 	50.800 	1.06M 	-1.21%
Jan 27, 2012 	53.600 	51.150 	53.600 	51.150 	2.43M 	4.89%
Jan 26, 2012 	51.100 	51.100 	51.200 	50.850 	1.67M 	1.19%
Jan 25, 2012 	50.500 	50.000 	51.250 	50.000 	2.42M 	0.20%
Jan 24, 2012 	50.400 	51.600 	51.600 	50.300 	1.32M 	-0.40%
Jan 20, 2012 	50.600 	51.750 	51.750 	50.600 	3.61M 	-2.50%
Jan 19, 2012 	51.900 	53.900 	53.900 	51.750 	2.28M 	-3.71%
Jan 18, 2012 	53.900 	54.000 	54.000 	53.500 	2.29M 	0.00%
Jan 17, 2012 	53.900 	51.700 	54.000 	51.700 	4.22M 	4.26%
Jan 16, 2012 	51.700 	52.000 	52.000 	50.600 	571.74K 	-1.90%
Jan 13, 2012 	52.700 	52.800 	52.900 	52.000 	3.27M 	-0.47%