Feb 07, 2018 	1,034.00 	1,030.00 	1,040.00 	1,011.00 	208.80K 	2.89%
Feb 06, 2018 	1,005.00 	1,005.00 	1,020.00 	991.50 	416.14K 	-2.43%
Feb 05, 2018 	1,030.00 	1,034.00 	1,034.00 	1,020.00 	556.72K 	-1.90%
Feb 02, 2018 	1,050.00 	1,038.00 	1,055.00 	1,038.00 	181.77K 	1.16%
Feb 01, 2018 	1,038.00 	1,040.00 	1,058.00 	1,035.00 	235.60K 	-1.14%
Jan 31, 2018 	1,050.00 	1,045.00 	1,061.00 	1,035.00 	263.72K 	0.00%
Jan 30, 2018 	1,050.00 	1,076.00 	1,076.00 	1,046.00 	459.61K 	-3.05%
Jan 29, 2018 	1,083.00 	1,042.00 	1,083.00 	1,042.00 	294.39K 	4.13%
Jan 26, 2018 	1,040.00 	1,035.00 	1,058.00 	1,034.00 	245.01K 	0.58%
Jan 25, 2018 	1,034.00 	1,035.00 	1,040.00 	1,030.00 	342.53K 	-0.10%
Jan 24, 2018 	1,035.00 	1,045.00 	1,049.00 	1,031.00 	351.68K 	-0.96%
Jan 23, 2018 	1,045.00 	1,049.00 	1,052.00 	1,031.00 	398.52K 	-0.48%
Jan 22, 2018 	1,050.00 	1,032.00 	1,055.00 	1,032.00 	311.66K 	1.84%
Jan 19, 2018 	1,031.00 	1,027.00 	1,040.00 	1,010.00 	383.88K 	-0.39%
Jan 18, 2018 	1,035.00 	1,055.00 	1,055.00 	1,028.00 	461.02K 	-2.36%
Jan 17, 2018 	1,060.00 	1,072.00 	1,075.00 	1,055.00 	264.69K 	0.76%
Jan 16, 2018 	1,052.00 	1,085.00 	1,091.00 	1,052.00 	166.24K 	-3.04%
Jan 15, 2018 	1,085.00 	1,065.00 	1,094.00 	1,060.00 	189.47K 	1.88%
Jan 12, 2018 	1,065.00 	1,050.00 	1,065.00 	1,035.00 	363.71K 	1.43%
Jan 11, 2018 	1,050.00 	1,060.00 	1,060.00 	1,030.00 	213.61K 	-0.94%
Jan 10, 2018 	1,060.00 	1,065.00 	1,065.00 	1,052.00 	180.55K 	-0.47%
Jan 09, 2018 	1,065.00 	1,057.00 	1,075.00 	1,052.00 	309.78K 	0.76%
Jan 08, 2018 	1,057.00 	1,065.00 	1,066.00 	1,048.00 	226.53K 	-0.75%
Jan 05, 2018 	1,065.00 	1,040.00 	1,069.00 	1,040.00 	521.75K 	2.40%
Jan 04, 2018 	1,040.00 	1,040.00 	1,048.00 	1,028.00 	431.01K 	0.00%
Jan 03, 2018 	1,040.00 	1,015.00 	1,041.00 	1,015.00 	497.86K 	2.46%
Dec 29, 2017 	1,015.00 	1,027.00 	1,027.00 	1,012.00 	295.63K 	-0.68%
Dec 28, 2017 	1,022.00 	1,029.00 	1,030.00 	1,015.00 	191.52K 	-0.68%
Dec 27, 2017 	1,029.00 	1,010.00 	1,029.00 	1,005.00 	95.40K 	1.88%
Dec 22, 2017 	1,010.00 	1,010.00 	1,010.00 	1,000.00 	136.58K 	0.10%
Dec 21, 2017 	1,009.00 	1,018.00 	1,018.00 	1,005.00 	140.54K 	-0.88%
Dec 20, 2017 	1,018.00 	1,016.00 	1,023.00 	1,010.00 	85.48K 	0.20%
Dec 19, 2017 	1,016.00 	1,006.00 	1,016.00 	997.50 	229.60K 	0.59%
Dec 18, 2017 	1,010.00 	1,006.00 	1,013.00 	1,004.00 	204.71K 	0.40%
Dec 15, 2017 	1,006.00 	1,015.00 	1,017.00 	999.00 	480.78K 	-0.89%
Dec 14, 2017 	1,015.00 	1,011.00 	1,020.00 	1,006.00 	329.09K 	-0.49%
Dec 13, 2017 	1,020.00 	1,019.00 	1,028.00 	1,013.00 	281.36K 	-0.49%
Dec 12, 2017 	1,025.00 	1,023.00 	1,030.00 	1,016.00 	485.44K 	-1.44%
Dec 11, 2017 	1,040.00 	1,015.00 	1,043.00 	1,012.00 	520.90K 	0.97%
Dec 08, 2017 	1,030.00 	1,001.00 	1,035.00 	1,001.00 	203.77K 	3.00%
Dec 07, 2017 	1,000.00 	1,010.00 	1,015.00 	1,000.00 	296.57K 	-0.99%
Dec 06, 2017 	1,010.00 	997.00 	1,018.00 	991.00 	251.96K 	1.10%
Dec 05, 2017 	999.00 	984.00 	999.00 	975.00 	197.08K 	1.47%
Dec 04, 2017 	984.50 	1,000.00 	1,000.00 	984.50 	359.20K 	-2.14%
Dec 01, 2017 	1,006.00 	1,015.00 	1,024.00 	1,000.00 	385.93K 	-1.37%
Nov 29, 2017 	1,020.00 	1,016.00 	1,020.00 	1,010.00 	442.22K 	0.29%
Nov 28, 2017 	1,017.00 	1,022.00 	1,025.00 	1,015.00 	143.73K 	-1.26%
Nov 27, 2017 	1,030.00 	1,018.00 	1,032.00 	1,016.00 	154.79K 	0.98%
Nov 24, 2017 	1,020.00 	1,020.00 	1,024.00 	1,015.00 	429.71K 	0.00%
Nov 23, 2017 	1,020.00 	1,016.00 	1,028.00 	1,015.00 	307.27K 	0.10%
Nov 22, 2017 	1,019.00 	1,012.00 	1,025.00 	1,012.00 	316.50K 	0.00%
Nov 21, 2017 	1,019.00 	1,016.00 	1,022.00 	1,008.00 	194.10K 	0.69%
Nov 20, 2017 	1,012.00 	1,014.00 	1,022.00 	1,006.00 	158.90K 	-0.10%
Nov 17, 2017 	1,013.00 	1,016.00 	1,025.00 	1,010.00 	298.06K 	1.30%
Nov 16, 2017 	1,000.00 	1,010.00 	1,044.00 	995.00 	613.14K 	-2.72%
Nov 15, 2017 	1,028.00 	1,030.00 	1,050.00 	1,022.00 	130.21K 	-1.15%
Nov 14, 2017 	1,040.00 	1,050.00 	1,050.00 	1,030.00 	202.78K 	-0.95%
Nov 13, 2017 	1,050.00 	1,055.00 	1,070.00 	1,043.00 	149.82K 	0.00%
Nov 10, 2017 	1,050.00 	1,070.00 	1,070.00 	1,041.00 	175.65K 	-1.87%
Nov 09, 2017 	1,070.00 	1,062.00 	1,095.00 	1,062.00 	411.90K 	-0.47%
Nov 08, 2017 	1,075.00 	1,065.00 	1,075.00 	1,056.00 	331.14K 	0.00%
Nov 07, 2017 	1,075.00 	1,070.00 	1,080.00 	1,053.00 	296.97K 	-0.46%
Nov 06, 2017 	1,080.00 	1,061.00 	1,089.00 	1,059.00 	164.66K 	1.79%
Nov 03, 2017 	1,061.00 	1,086.00 	1,093.00 	1,054.00 	790.93K 	-2.66%
Nov 02, 2017 	1,090.00 	1,021.00 	1,100.00 	1,020.00 	798.82K 	5.72%
Oct 30, 2017 	1,031.00 	1,030.00 	1,034.00 	1,028.00 	130.74K 	0.10%
Oct 27, 2017 	1,030.00 	1,018.00 	1,030.00 	1,010.00 	187.39K 	1.18%
Oct 26, 2017 	1,018.00 	1,016.00 	1,040.00 	1,008.00 	236.00K 	-0.10%
Oct 25, 2017 	1,019.00 	1,000.00 	1,030.00 	1,000.00 	253.15K 	2.00%
Oct 24, 2017 	999.00 	996.00 	1,010.00 	988.00 	784.24K 	-1.77%
Oct 23, 2017 	1,017.00 	1,072.00 	1,087.00 	1,010.00 	546.14K 	-4.95%
Oct 20, 2017 	1,070.00 	1,110.00 	1,110.00 	1,070.00 	891.08K 	-4.12%
Oct 19, 2017 	1,116.00 	1,070.00 	1,116.00 	1,060.00 	1.27M 	4.30%
Oct 18, 2017 	1,070.00 	1,088.00 	1,088.00 	1,061.00 	953.35K 	-2.01%
Oct 17, 2017 	1,092.00 	1,070.00 	1,097.00 	1,068.00 	1.24M 	1.96%
Oct 13, 2017 	1,071.00 	1,070.00 	1,075.00 	1,060.00 	739.67K 	-0.56%
Oct 12, 2017 	1,077.00 	1,051.00 	1,079.00 	1,048.00 	1.07M 	2.38%
Oct 11, 2017 	1,052.00 	1,050.00 	1,055.00 	1,041.00 	725.76K 	0.19%
Oct 10, 2017 	1,050.00 	1,029.00 	1,060.00 	1,029.00 	810.82K 	1.06%
Oct 09, 2017 	1,039.00 	1,006.00 	1,039.00 	1,006.00 	494.06K 	2.36%
Oct 06, 2017 	1,015.00 	998.00 	1,020.00 	998.00 	450.53K 	1.81%
Oct 05, 2017 	997.00 	998.00 	999.00 	991.50 	323.57K 	-0.10%
Oct 04, 2017 	998.00 	988.50 	1,000.00 	987.00 	273.57K 	1.32%
Oct 03, 2017 	985.00 	980.00 	985.00 	979.50 	146.48K 	0.51%
Oct 02, 2017 	980.00 	970.50 	983.00 	970.00 	279.74K 	1.03%
Sep 29, 2017 	970.00 	967.00 	995.00 	967.00 	345.93K 	-0.41%
Sep 28, 2017 	974.00 	975.00 	975.00 	966.00 	229.95K 	-0.61%
Sep 27, 2017 	980.00 	960.00 	985.00 	950.00 	254.93K 	2.08%
Sep 26, 2017 	960.00 	960.00 	963.00 	953.50 	494.95K 	0.00%
Sep 25, 2017 	960.00 	963.00 	963.00 	955.00 	167.29K 	-0.31%
Sep 22, 2017 	963.00 	950.00 	974.00 	950.00 	214.51K 	1.37%
Sep 21, 2017 	950.00 	943.00 	960.00 	938.00 	205.34K 	0.64%
Sep 20, 2017 	944.00 	940.00 	950.00 	934.00 	257.69K 	0.96%
Sep 19, 2017 	935.00 	970.00 	970.00 	934.00 	250.84K 	-3.81%
Sep 18, 2017 	972.00 	928.50 	975.00 	928.50 	712.16K 	4.68%
Sep 15, 2017 	928.50 	926.00 	934.00 	926.00 	536.37K 	0.38%
Sep 14, 2017 	925.00 	926.00 	936.00 	925.00 	277.07K 	-0.05%
Sep 13, 2017 	925.50 	920.00 	936.00 	918.00 	367.19K 	0.82%
Sep 11, 2017 	918.00 	913.00 	920.00 	910.00 	105.27K 	0.55%
Sep 08, 2017 	913.00 	920.00 	920.00 	911.00 	108.41K 	-0.22%
Sep 07, 2017 	915.00 	915.00 	916.00 	911.00 	215.22K 	0.33%
Sep 06, 2017 	912.00 	919.00 	919.00 	907.50 	338.09K 	-0.87%
Sep 05, 2017 	920.00 	926.00 	926.50 	917.00 	141.92K 	-0.65%
Sep 04, 2017 	926.00 	920.00 	945.00 	906.00 	270.09K 	0.65%
Aug 31, 2017 	920.00 	902.00 	920.00 	899.50 	330.71K 	2.28%
Aug 30, 2017 	899.50 	900.00 	901.50 	898.00 	236.07K 	0.06%
Aug 29, 2017 	899.00 	901.50 	901.50 	895.00 	608.75K 	0.00%
Aug 25, 2017 	899.00 	900.00 	900.00 	898.50 	283.20K 	0.00%
Aug 24, 2017 	899.00 	899.50 	900.00 	898.00 	330.66K 	0.00%
Aug 23, 2017 	899.00 	900.00 	901.50 	897.00 	167.19K 	-0.11%
Aug 22, 2017 	900.00 	900.00 	901.50 	897.00 	410.51K 	0.00%
Aug 18, 2017 	900.00 	908.00 	908.00 	890.00 	148.55K 	-0.88%
Aug 17, 2017 	908.00 	905.00 	910.00 	899.00 	297.06K 	0.89%
Aug 16, 2017 	900.00 	896.00 	901.50 	893.00 	423.65K 	0.45%
Aug 15, 2017 	896.00 	886.00 	898.00 	880.00 	337.88K 	1.24%
Aug 14, 2017 	885.00 	885.00 	886.00 	882.00 	72.89K 	0.34%
Aug 11, 2017 	882.00 	879.00 	888.00 	870.00 	191.40K 	-0.23%
Aug 10, 2017 	884.00 	888.00 	888.00 	880.00 	210.21K 	-0.45%
Aug 09, 2017 	888.00 	886.00 	888.00 	870.00 	326.06K 	0.34%
Aug 08, 2017 	885.00 	886.50 	887.50 	882.50 	306.21K 	0.80%
Aug 07, 2017 	878.00 	879.00 	879.50 	873.00 	74.32K 	-0.11%
Aug 04, 2017 	879.00 	863.00 	884.00 	863.00 	227.30K 	1.85%
Aug 03, 2017 	863.00 	876.50 	876.50 	860.00 	210.01K 	0.35%
Aug 02, 2017 	860.00 	870.00 	889.50 	855.00 	277.38K 	-0.58%
Aug 01, 2017 	865.00 	869.00 	877.50 	864.00 	76.37K 	0.00%
Jul 31, 2017 	865.00 	888.00 	888.00 	865.00 	520.21K 	-2.59%
Jul 28, 2017 	888.00 	890.00 	902.00 	887.00 	370.00K 	-0.11%
Jul 27, 2017 	889.00 	890.00 	895.00 	889.00 	250.25K 	-0.67%
Jul 26, 2017 	895.00 	880.00 	895.00 	880.00 	342.76K 	1.70%
Jul 25, 2017 	880.00 	880.00 	880.00 	874.00 	146.15K 	0.00%
Jul 24, 2017 	880.00 	880.00 	882.00 	874.00 	148.66K 	0.00%
Jul 21, 2017 	880.00 	864.00 	880.00 	853.00 	179.05K 	2.92%
Jul 20, 2017 	855.00 	868.00 	870.00 	855.00 	137.39K 	-1.50%
Jul 19, 2017 	868.00 	860.00 	870.00 	860.00 	154.51K 	0.93%
Jul 18, 2017 	860.00 	865.00 	870.00 	860.00 	74.53K 	-0.81%
Jul 17, 2017 	867.00 	863.00 	868.00 	855.00 	139.59K 	1.64%
Jul 14, 2017 	853.00 	875.00 	875.00 	853.00 	331.46K 	-1.95%
Jul 13, 2017 	870.00 	878.00 	881.50 	857.50 	357.86K 	-0.68%
Jul 12, 2017 	876.00 	867.50 	878.00 	867.50 	118.81K 	0.98%
Jul 11, 2017 	867.50 	859.50 	868.00 	854.50 	113.55K 	1.46%
Jul 10, 2017 	855.00 	871.00 	875.00 	853.00 	86.10K 	-1.72%
Jul 07, 2017 	870.00 	869.00 	870.00 	869.00 	119.99K 	-0.23%
Jul 06, 2017 	872.00 	864.00 	873.00 	860.00 	189.85K 	1.40%
Jul 05, 2017 	860.00 	855.00 	860.00 	851.00 	316.24K 	1.18%
Jul 04, 2017 	850.00 	851.00 	856.00 	849.00 	147.63K 	-0.12%
Jul 03, 2017 	851.00 	858.00 	858.00 	841.00 	114.73K 	0.12%
Jun 30, 2017 	850.00 	840.00 	855.00 	837.00 	485.68K 	1.19%
Jun 29, 2017 	840.00 	841.50 	844.00 	838.00 	346.26K 	-0.18%
Jun 28, 2017 	841.50 	842.00 	842.50 	837.00 	401.04K 	-0.12%
Jun 27, 2017 	842.50 	840.50 	854.00 	840.50 	208.25K 	0.24%
Jun 23, 2017 	840.50 	855.00 	857.00 	837.00 	251.26K 	-1.70%
Jun 22, 2017 	855.00 	843.00 	855.00 	840.00 	128.42K 	1.60%
Jun 21, 2017 	841.50 	856.00 	856.00 	837.50 	438.96K 	-1.92%
Jun 20, 2017 	858.00 	859.50 	859.50 	857.00 	236.87K 	-0.23%
Jun 19, 2017 	860.00 	850.00 	864.50 	850.00 	144.37K 	1.18%
Jun 16, 2017 	850.00 	867.00 	867.00 	850.00 	547.41K 	-1.96%
Jun 15, 2017 	867.00 	869.50 	879.00 	866.50 	151.38K 	-0.06%
Jun 14, 2017 	867.50 	860.00 	870.00 	859.00 	244.88K 	0.87%
Jun 13, 2017 	860.00 	873.00 	873.00 	858.00 	448.69K 	-1.04%
Jun 09, 2017 	869.00 	872.50 	884.00 	869.00 	382.74K 	-0.11%
Jun 08, 2017 	870.00 	871.00 	885.00 	869.00 	470.54K 	0.00%
Jun 07, 2017 	870.00 	882.50 	893.00 	870.00 	517.45K 	-1.36%
Jun 06, 2017 	882.00 	895.00 	896.00 	882.00 	557.90K 	-1.34%
Jun 05, 2017 	894.00 	892.00 	899.00 	891.00 	168.16K 	0.22%
Jun 02, 2017 	892.00 	873.00 	893.50 	872.50 	308.55K 	2.18%
Jun 01, 2017 	873.00 	874.00 	876.50 	869.00 	676.82K 	0.58%
May 31, 2017 	868.00 	870.00 	871.00 	868.00 	579.28K 	-0.12%
May 30, 2017 	869.00 	872.00 	874.00 	865.00 	225.62K 	0.23%
May 29, 2017 	867.00 	867.00 	873.00 	867.00 	294.44K 	0.12%
May 26, 2017 	866.00 	867.00 	867.50 	865.50 	398.42K 	-0.12%
May 25, 2017 	867.00 	870.00 	870.00 	867.00 	298.64K 	-0.34%
May 24, 2017 	870.00 	868.00 	872.00 	866.00 	165.80K 	0.00%
May 23, 2017 	870.00 	872.00 	875.50 	869.00 	336.27K 	-0.23%
May 22, 2017 	872.00 	864.50 	879.50 	864.00 	114.61K 	0.87%
May 19, 2017 	864.50 	863.00 	865.50 	861.00 	111.28K 	-0.12%
May 18, 2017 	865.50 	868.50 	868.50 	861.00 	219.02K 	-0.40%
May 17, 2017 	869.00 	867.50 	871.00 	864.00 	232.38K 	0.35%
May 16, 2017 	866.00 	864.00 	870.00 	860.50 	375.98K 	0.23%
May 15, 2017 	864.00 	868.50 	870.00 	855.00 	315.88K 	-0.52%
May 12, 2017 	868.50 	865.00 	869.50 	855.00 	200.00K 	0.06%
May 11, 2017 	868.00 	860.00 	872.00 	855.00 	287.90K 	0.93%
May 10, 2017 	860.00 	883.00 	885.00 	860.00 	457.98K 	-2.60%
May 09, 2017 	883.00 	890.00 	893.50 	880.50 	367.56K 	-0.79%
May 08, 2017 	890.00 	878.00 	890.00 	878.00 	370.25K 	1.37%
May 05, 2017 	878.00 	879.00 	886.00 	870.00 	253.04K 	-0.34%
May 04, 2017 	881.00 	869.00 	885.50 	866.00 	204.08K 	1.50%
May 03, 2017 	868.00 	868.00 	873.00 	868.00 	202.34K 	0.12%
May 02, 2017 	867.00 	867.00 	870.00 	864.50 	230.03K 	0.06%
Apr 27, 2017 	866.50 	879.00 	880.00 	865.00 	128.17K 	-1.42%
Apr 26, 2017 	879.00 	878.00 	879.00 	868.00 	160.40K 	0.23%
Apr 25, 2017 	877.00 	869.50 	882.00 	869.50 	487.26K 	1.15%
Apr 24, 2017 	867.00 	863.00 	867.00 	860.00 	86.12K 	0.70%
Apr 21, 2017 	861.00 	865.00 	865.00 	859.00 	141.04K 	0.12%
Apr 20, 2017 	860.00 	855.00 	860.50 	848.00 	159.51K 	0.41%
Apr 19, 2017 	856.50 	855.00 	860.00 	855.00 	150.22K 	-0.29%
Apr 18, 2017 	859.00 	859.00 	865.00 	852.00 	92.52K 	0.00%
Apr 17, 2017 	859.00 	859.00 	860.00 	850.50 	109.57K 	0.23%
Apr 12, 2017 	857.00 	858.00 	871.50 	848.00 	223.06K 	-0.17%
Apr 11, 2017 	858.50 	861.50 	863.00 	855.00 	192.62K 	-0.35%
Apr 10, 2017 	861.50 	863.00 	864.00 	853.50 	176.03K 	-0.17%
Apr 07, 2017 	863.00 	865.00 	870.00 	862.00 	175.57K 	-0.23%
Apr 06, 2017 	865.00 	888.00 	888.00 	855.00 	150.57K 	-2.81%
Apr 05, 2017 	890.00 	876.00 	890.00 	875.00 	272.70K 	1.71%
Apr 04, 2017 	875.00 	849.00 	883.00 	845.00 	312.37K 	3.06%
Apr 03, 2017 	849.00 	845.00 	850.00 	840.00 	107.93K 	0.47%
Mar 31, 2017 	845.00 	842.00 	845.00 	833.00 	169.55K 	0.36%
Mar 30, 2017 	842.00 	842.00 	845.00 	841.50 	913.98K 	0.00%
Mar 29, 2017 	842.00 	841.00 	845.00 	830.00 	318.18K 	0.12%
Mar 28, 2017 	841.00 	828.50 	841.00 	828.50 	191.44K 	1.88%
Mar 27, 2017 	825.50 	833.00 	837.00 	818.00 	495.52K 	-2.31%
Mar 24, 2017 	845.00 	845.00 	846.00 	835.00 	443.81K 	0.00%
Mar 23, 2017 	845.00 	830.00 	845.00 	830.00 	183.95K 	1.56%
Mar 22, 2017 	832.00 	826.50 	832.00 	815.00 	356.70K 	0.54%
Mar 21, 2017 	827.50 	830.00 	835.00 	819.50 	434.03K 	-0.30%
Mar 20, 2017 	830.00 	838.00 	840.00 	815.50 	122.06K 	0.00%
Mar 17, 2017 	830.00 	831.00 	850.00 	830.00 	649.81K 	0.36%
Mar 16, 2017 	827.00 	821.00 	832.00 	821.00 	347.61K 	0.85%
Mar 15, 2017 	820.00 	821.00 	824.00 	810.00 	101.86K 	0.00%
Mar 14, 2017 	820.00 	820.00 	822.00 	815.00 	418.12K 	-0.24%
Mar 13, 2017 	822.00 	815.00 	822.00 	815.00 	90.77K 	0.86%
Mar 10, 2017 	815.00 	821.50 	821.50 	810.00 	443.55K 	-0.61%
Mar 09, 2017 	820.00 	822.00 	825.00 	816.50 	417.95K 	-0.24%
Mar 08, 2017 	822.00 	820.00 	830.00 	820.00 	282.38K 	0.31%
Mar 07, 2017 	819.50 	823.00 	825.50 	817.00 	553.49K 	-0.43%
Mar 06, 2017 	823.00 	802.00 	825.00 	800.50 	170.39K 	0.37%
Mar 03, 2017 	820.00 	803.00 	820.00 	793.50 	264.60K 	2.12%
Mar 02, 2017 	803.00 	788.00 	808.00 	788.00 	276.83K 	2.42%
Mar 01, 2017 	784.00 	788.00 	788.50 	784.00 	125.75K 	-0.51%
Feb 28, 2017 	788.00 	793.00 	793.00 	786.00 	321.09K 	-0.63%
Feb 27, 2017 	793.00 	801.00 	803.00 	791.00 	118.50K 	-1.00%
Feb 24, 2017 	801.00 	816.50 	817.00 	801.00 	218.50K 	-1.96%
Feb 23, 2017 	817.00 	805.00 	818.00 	800.00 	217.12K 	1.49%
Feb 22, 2017 	805.00 	792.00 	807.00 	783.50 	142.37K 	1.64%
Feb 21, 2017 	792.00 	787.00 	793.00 	780.00 	105.65K 	0.64%
Feb 20, 2017 	787.00 	789.50 	789.50 	778.50 	132.85K 	0.77%
Feb 17, 2017 	781.00 	799.00 	799.00 	777.00 	218.03K 	-0.89%
Feb 16, 2017 	788.00 	786.50 	794.00 	785.00 	563.53K 	0.25%
Feb 15, 2017 	786.00 	800.00 	800.00 	786.00 	136.00K 	-1.75%
Feb 14, 2017 	800.00 	808.50 	808.50 	799.00 	282.95K 	-1.11%
Feb 13, 2017 	809.00 	793.00 	809.50 	793.00 	157.77K 	2.02%
Feb 10, 2017 	793.00 	798.50 	798.50 	782.50 	122.96K 	-0.50%
Feb 09, 2017 	797.00 	787.50 	800.00 	777.00 	227.91K 	1.21%
Feb 08, 2017 	787.50 	787.00 	790.00 	784.00 	104.46K 	0.96%
Feb 07, 2017 	780.00 	791.00 	792.00 	776.50 	322.54K 	-2.50%
Feb 06, 2017 	800.00 	795.50 	801.00 	795.00 	143.34K 	0.63%
Feb 03, 2017 	795.00 	814.00 	814.00 	785.50 	184.49K 	-0.87%
Feb 02, 2017 	802.00 	815.00 	818.00 	800.00 	162.21K 	-1.60%
Feb 01, 2017 	815.00 	810.00 	815.00 	804.00 	174.35K 	1.88%
Jan 31, 2017 	800.00 	806.50 	812.00 	800.00 	175.85K 	-2.38%
Jan 30, 2017 	819.50 	805.00 	820.00 	802.00 	66.78K 	2.44%
Jan 27, 2017 	800.00 	811.00 	817.00 	800.00 	107.23K 	-1.36%
Jan 26, 2017 	811.00 	810.00 	817.00 	808.50 	226.08K 	-0.37%
Jan 25, 2017 	814.00 	833.00 	833.00 	814.00 	83.59K 	-2.40%
Jan 24, 2017 	834.00 	812.00 	837.00 	802.50 	813.34K 	2.71%
Jan 23, 2017 	812.00 	793.50 	812.00 	790.00 	262.89K 	3.05%
Jan 20, 2017 	788.00 	790.00 	794.00 	785.00 	277.15K 	-1.50%
Jan 19, 2017 	800.00 	784.50 	800.00 	784.50 	179.86K 	1.98%
Jan 18, 2017 	784.50 	785.00 	789.00 	783.00 	237.24K 	-0.70%
Jan 17, 2017 	790.00 	785.00 	797.00 	780.00 	226.42K 	0.45%
Jan 16, 2017 	786.50 	795.50 	795.50 	773.00 	148.70K 	-0.69%
Jan 13, 2017 	792.00 	793.50 	797.50 	790.00 	353.42K 	-0.19%
Jan 12, 2017 	793.50 	796.50 	799.50 	790.50 	125.72K 	-0.31%
Jan 11, 2017 	796.00 	794.00 	797.00 	787.00 	559.30K 	0.38%
Jan 10, 2017 	793.00 	787.50 	797.00 	784.00 	392.63K 	1.08%
Jan 09, 2017 	784.50 	786.50 	790.00 	770.50 	175.92K 	-0.25%
Jan 06, 2017 	786.50 	780.00 	794.50 	780.00 	387.74K 	-0.44%
Jan 05, 2017 	790.00 	767.00 	790.00 	760.50 	722.75K 	3.95%
Jan 04, 2017 	760.00 	735.00 	760.00 	735.00 	242.32K 	4.54%
Jan 03, 2017 	727.00 	730.00 	733.00 	722.50 	205.37K 	-0.48%
Dec 29, 2016 	730.50 	733.00 	734.00 	729.00 	366.71K 	-0.20%
Dec 28, 2016 	732.00 	715.00 	734.00 	715.00 	277.42K 	3.10%
Dec 27, 2016 	710.00 	715.00 	715.00 	710.00 	41.77K 	0.28%
Dec 23, 2016 	708.00 	702.00 	715.00 	701.50 	241.17K 	-1.12%
Dec 22, 2016 	716.00 	713.00 	718.00 	701.50 	345.28K 	0.42%
Dec 21, 2016 	713.00 	715.00 	726.00 	705.00 	515.91K 	-0.28%
Dec 20, 2016 	715.00 	727.50 	727.50 	700.50 	643.25K 	-1.72%
Dec 19, 2016 	727.50 	732.00 	732.00 	720.50 	346.22K 	-0.61%
Dec 16, 2016 	732.00 	728.00 	732.00 	714.00 	346.69K 	0.00%
Dec 15, 2016 	732.00 	715.00 	735.00 	694.00 	422.02K 	1.74%
Dec 14, 2016 	719.50 	692.00 	720.00 	690.00 	293.51K 	4.28%
Dec 13, 2016 	690.00 	706.00 	706.50 	670.00 	1.31M 	-2.27%
Dec 12, 2016 	706.00 	733.00 	734.00 	706.00 	293.08K 	-3.55%
Dec 09, 2016 	732.00 	725.00 	734.00 	723.00 	499.69K 	1.10%
Dec 08, 2016 	724.00 	717.00 	726.00 	708.00 	526.27K 	2.70%
Dec 07, 2016 	705.00 	710.00 	724.00 	705.00 	450.02K 	-0.42%
Dec 06, 2016 	708.00 	727.00 	727.00 	704.00 	282.59K 	-0.28%
Dec 05, 2016 	710.00 	740.00 	740.00 	710.00 	429.58K 	-3.99%
Dec 02, 2016 	739.500 	744.000 	748.500 	739.000 	453.20K 	0.07%
Dec 01, 2016 	739.000 	750.000 	753.500 	739.000 	413.81K 	1.79%
Nov 29, 2016 	726.000 	733.000 	733.000 	720.000 	489.71K 	-1.36%
Nov 28, 2016 	736.000 	735.000 	743.000 	713.000 	499.56K 	1.10%
Nov 25, 2016 	728.000 	750.000 	750.000 	725.000 	266.63K 	-1.62%
Nov 24, 2016 	740.000 	726.000 	745.000 	724.500 	567.83K 	2.07%
Nov 23, 2016 	725.000 	734.000 	740.000 	722.000 	388.18K 	-0.89%
Nov 22, 2016 	731.500 	770.000 	774.500 	731.500 	323.01K 	-5.00%
Nov 21, 2016 	770.000 	780.500 	785.000 	765.000 	458.67K 	-1.28%
Nov 18, 2016 	780.000 	771.000 	786.000 	771.000 	366.09K 	1.17%
Nov 17, 2016 	771.000 	748.000 	771.000 	745.000 	329.45K 	3.77%
Nov 16, 2016 	743.000 	730.000 	750.000 	730.000 	1.01M 	2.77%
Nov 15, 2016 	723.000 	739.000 	739.500 	722.000 	1.07M 	-2.30%
Nov 14, 2016 	740.000 	750.500 	755.000 	740.000 	476.17K 	-1.33%
Nov 11, 2016 	750.000 	786.000 	787.000 	750.000 	918.80K 	-6.25%
Nov 10, 2016 	800.000 	813.000 	815.000 	792.500 	496.10K 	1.27%
Nov 09, 2016 	790.000 	830.000 	831.000 	778.500 	497.23K 	-4.93%
Nov 08, 2016 	831.000 	827.000 	837.000 	826.500 	311.03K 	0.73%
Nov 07, 2016 	825.000 	827.000 	829.000 	810.000 	391.04K 	-0.48%
Nov 04, 2016 	829.000 	827.500 	831.000 	827.000 	464.90K 	0.12%
Nov 03, 2016 	828.000 	830.000 	831.000 	826.000 	648.64K 	-0.60%
Nov 02, 2016 	833.000 	850.000 	850.000 	827.500 	300.19K 	-0.24%
Oct 28, 2016 	835.000 	847.000 	850.500 	831.500 	573.29K 	-2.00%
Oct 27, 2016 	852.000 	855.000 	855.000 	849.500 	322.34K 	-0.35%
Oct 26, 2016 	855.000 	850.500 	860.000 	849.000 	245.77K 	0.59%
Oct 25, 2016 	850.000 	849.500 	853.000 	849.500 	252.24K 	0.06%
Oct 24, 2016 	849.500 	852.500 	853.000 	849.500 	245.24K 	-0.99%
Oct 21, 2016 	858.000 	858.000 	859.500 	855.000 	88.18K 	0.00%
Oct 20, 2016 	858.000 	869.000 	869.000 	855.000 	396.22K 	-1.27%
Oct 19, 2016 	869.000 	856.000 	880.000 	851.000 	350.83K 	1.52%
Oct 18, 2016 	856.000 	838.500 	857.500 	838.500 	363.22K 	1.30%
Oct 17, 2016 	845.000 	838.000 	860.000 	838.000 	339.45K 	0.54%
Oct 14, 2016 	840.500 	839.500 	843.000 	839.000 	366.81K 	0.12%
Oct 13, 2016 	839.500 	845.000 	848.500 	831.500 	912.23K 	-1.12%
Oct 12, 2016 	849.000 	851.000 	853.000 	846.000 	789.43K 	-1.05%
Oct 11, 2016 	858.000 	859.000 	869.000 	856.500 	223.43K 	-0.06%
Oct 10, 2016 	858.500 	860.000 	861.000 	855.000 	623.54K 	-0.17%
Oct 07, 2016 	860.000 	864.000 	866.000 	858.500 	430.00K 	-0.58%
Oct 06, 2016 	865.000 	868.000 	870.000 	863.500 	205.63K 	-0.29%
Oct 05, 2016 	867.500 	880.000 	880.000 	860.500 	163.38K 	-1.48%
Oct 04, 2016 	880.500 	871.000 	880.500 	868.500 	219.68K 	0.23%
Oct 03, 2016 	878.500 	860.000 	878.500 	860.000 	175.02K 	2.51%
Sep 30, 2016 	857.000 	862.000 	862.000 	857.000 	553.91K 	-0.58%
Sep 29, 2016 	862.000 	855.500 	863.000 	855.500 	400.66K 	0.76%
Sep 28, 2016 	855.500 	854.000 	860.000 	852.500 	275.78K 	0.12%
Sep 27, 2016 	854.500 	866.500 	866.500 	851.000 	309.47K 	-1.56%
Sep 26, 2016 	868.000 	878.000 	878.000 	865.000 	371.68K 	-0.46%
Sep 23, 2016 	872.000 	865.500 	878.000 	862.500 	399.99K 	0.81%
Sep 22, 2016 	865.000 	861.500 	868.000 	861.500 	365.45K 	0.58%
Sep 21, 2016 	860.000 	855.000 	860.500 	855.000 	712.69K 	0.58%
Sep 20, 2016 	855.000 	854.000 	858.000 	854.000 	542.66K 	-0.12%
Sep 19, 2016 	856.000 	854.500 	858.000 	853.500 	463.93K 	0.18%
Sep 16, 2016 	854.500 	860.000 	860.000 	848.500 	465.10K 	-0.64%
Sep 15, 2016 	860.000 	857.000 	860.000 	848.000 	405.17K 	0.35%
Sep 14, 2016 	857.000 	859.000 	859.000 	850.000 	372.68K 	-0.35%
Sep 13, 2016 	860.000 	855.000 	860.000 	853.000 	418.63K 	0.82%
Sep 09, 2016 	853.000 	854.000 	856.000 	850.000 	538.30K 	-0.23%
Sep 08, 2016 	855.000 	850.000 	860.000 	845.000 	621.76K 	0.59%
Sep 07, 2016 	850.000 	855.000 	855.000 	845.000 	504.78K 	-0.58%
Sep 06, 2016 	855.000 	859.000 	861.000 	852.000 	428.29K 	-0.58%
Sep 05, 2016 	860.000 	864.500 	870.000 	858.000 	379.59K 	-0.58%
Sep 02, 2016 	865.000 	868.500 	880.000 	864.500 	322.29K 	-0.40%
Sep 01, 2016 	868.500 	875.000 	875.000 	853.000 	438.40K 	-0.74%
Aug 31, 2016 	875.000 	875.000 	875.000 	868.000 	518.79K 	-0.34%
Aug 30, 2016 	878.000 	894.000 	894.000 	874.000 	505.82K 	-1.84%
Aug 26, 2016 	894.500 	899.000 	899.000 	891.000 	240.90K 	-0.50%
Aug 25, 2016 	899.000 	899.500 	900.000 	892.500 	186.58K 	-0.06%
Aug 24, 2016 	899.500 	901.000 	901.500 	895.000 	216.97K 	-0.39%
Aug 23, 2016 	903.000 	902.000 	904.000 	895.000 	232.90K 	0.11%
Aug 22, 2016 	902.000 	896.000 	902.000 	893.000 	234.82K 	0.67%
Aug 19, 2016 	896.000 	899.000 	899.000 	893.000 	94.68K 	0.11%
Aug 18, 2016 	895.000 	900.000 	900.000 	891.000 	194.78K 	-0.56%
Aug 17, 2016 	900.000 	904.500 	904.500 	896.000 	176.63K 	0.00%
Aug 16, 2016 	900.000 	904.000 	904.500 	895.000 	457.68K 	-0.44%
Aug 15, 2016 	904.000 	898.000 	904.000 	888.000 	208.27K 	0.67%
Aug 12, 2016 	898.000 	900.000 	900.000 	893.500 	410.39K 	0.17%
Aug 11, 2016 	896.500 	900.000 	900.000 	894.500 	293.07K 	0.06%
Aug 10, 2016 	896.000 	897.000 	900.000 	892.000 	342.22K 	-0.11%
Aug 09, 2016 	897.000 	899.000 	905.000 	890.500 	348.16K 	-0.11%
Aug 08, 2016 	898.000 	898.000 	900.000 	890.000 	200.06K 	0.06%
Aug 05, 2016 	897.500 	895.000 	900.000 	888.000 	153.86K 	0.28%
Aug 04, 2016 	895.000 	885.000 	895.000 	885.000 	298.16K 	1.70%
Aug 03, 2016 	880.000 	888.000 	888.000 	870.500 	420.25K 	0.00%
Aug 02, 2016 	880.000 	887.000 	887.000 	876.000 	146.51K 	-0.73%
Aug 01, 2016 	886.500 	872.000 	887.500 	870.500 	274.88K 	1.90%
Jul 29, 2016 	870.000 	887.500 	891.000 	870.000 	312.97K 	-2.25%
Jul 28, 2016 	890.000 	907.000 	907.000 	882.000 	354.72K 	-1.98%
Jul 27, 2016 	908.000 	899.000 	908.000 	889.000 	394.82K 	2.14%
Jul 26, 2016 	889.000 	890.000 	901.500 	887.000 	197.35K 	-0.11%
Jul 25, 2016 	890.000 	890.000 	903.000 	870.500 	304.32K 	0.00%
Jul 22, 2016 	890.000 	899.000 	900.000 	883.500 	202.38K 	-1.00%
Jul 21, 2016 	899.000 	894.000 	900.500 	870.000 	912.94K 	0.56%
Jul 20, 2016 	894.000 	891.000 	894.000 	885.000 	251.48K 	0.45%
Jul 19, 2016 	890.000 	886.000 	890.000 	884.000 	346.52K 	0.56%
Jul 18, 2016 	885.000 	884.000 	885.000 	879.500 	140.79K 	0.11%
Jul 15, 2016 	884.000 	876.000 	884.000 	875.000 	299.14K 	1.03%
Jul 14, 2016 	875.000 	875.000 	877.500 	863.000 	149.97K 	-0.11%
Jul 13, 2016 	876.000 	870.000 	883.500 	870.000 	388.57K 	0.69%
Jul 12, 2016 	870.000 	850.000 	870.000 	849.500 	239.58K 	2.35%
Jul 11, 2016 	850.000 	845.000 	865.000 	845.000 	246.99K 	0.71%
Jul 08, 2016 	844.000 	844.000 	844.500 	833.000 	186.98K 	0.00%
Jul 07, 2016 	844.000 	860.000 	860.000 	844.000 	452.44K 	-1.86%
Jul 05, 2016 	860.000 	850.000 	868.000 	850.000 	250.54K 	1.18%
Jul 04, 2016 	850.000 	845.000 	861.000 	845.000 	192.93K 	0.71%
Jul 01, 2016 	844.000 	849.000 	854.000 	839.500 	166.12K 	-0.59%
Jun 30, 2016 	849.000 	850.000 	865.000 	847.000 	390.13K 	-0.12%
Jun 29, 2016 	850.000 	850.000 	850.000 	843.000 	234.59K 	0.59%
Jun 28, 2016 	845.000 	850.000 	854.500 	841.000 	122.58K 	-0.59%
Jun 27, 2016 	850.000 	828.000 	853.500 	820.000 	395.22K 	0.00%
Jun 24, 2016 	850.000 	859.000 	868.000 	829.000 	292.02K 	0.35%
Jun 23, 2016 	847.000 	870.000 	870.500 	846.000 	222.90K 	-2.64%
Jun 22, 2016 	870.000 	853.500 	870.000 	853.000 	376.74K 	2.35%
Jun 21, 2016 	850.000 	840.000 	853.500 	840.000 	1.13M 	1.07%
Jun 20, 2016 	841.000 	839.000 	853.500 	837.000 	340.70K 	0.24%
Jun 17, 2016 	839.000 	839.000 	845.000 	835.500 	281.85K 	0.96%
Jun 16, 2016 	831.000 	820.000 	835.000 	818.000 	306.05K 	1.34%
Jun 15, 2016 	820.000 	810.000 	825.000 	809.000 	274.73K 	0.99%
Jun 14, 2016 	812.000 	820.000 	820.000 	808.500 	414.10K 	-1.58%
Jun 13, 2016 	825.000 	828.000 	828.000 	801.000 	576.65K 	-0.60%
Jun 10, 2016 	830.000 	815.000 	838.000 	815.000 	275.92K 	0.85%
Jun 09, 2016 	823.000 	850.000 	850.000 	823.000 	189.03K 	-3.74%
Jun 08, 2016 	855.000 	857.000 	860.000 	853.500 	425.74K 	0.00%
Jun 07, 2016 	855.000 	858.000 	866.000 	854.000 	365.27K 	0.00%
Jun 06, 2016 	855.000 	845.000 	860.000 	844.500 	608.50K 	1.18%
Jun 03, 2016 	845.000 	846.000 	850.000 	840.000 	117.78K 	0.12%
Jun 02, 2016 	844.000 	845.000 	850.000 	840.000 	206.85K 	-0.12%
Jun 01, 2016 	845.000 	848.500 	857.000 	842.000 	277.56K 	-0.18%
May 31, 2016 	846.500 	842.000 	858.000 	833.000 	2.48M 	1.93%
May 30, 2016 	830.500 	828.000 	836.000 	825.500 	355.52K 	-0.06%
May 27, 2016 	831.000 	830.000 	839.000 	829.000 	408.87K 	0.12%
May 26, 2016 	830.000 	835.000 	839.000 	823.000 	283.00K 	-0.36%
May 25, 2016 	833.000 	825.000 	850.500 	825.000 	610.58K 	1.59%
May 24, 2016 	820.000 	804.000 	827.500 	804.000 	477.74K 	1.99%
May 23, 2016 	804.000 	797.500 	816.000 	797.500 	219.84K 	1.26%
May 20, 2016 	794.000 	807.000 	819.500 	790.000 	382.33K 	-1.49%
May 19, 2016 	806.000 	845.000 	845.000 	805.000 	409.72K 	-4.05%
May 18, 2016 	840.000 	834.000 	850.000 	830.000 	431.99K 	0.60%
May 17, 2016 	835.000 	831.000 	837.000 	828.000 	661.11K 	0.36%
May 16, 2016 	832.000 	827.500 	840.000 	822.000 	663.29K 	0.48%
May 13, 2016 	828.000 	801.000 	840.000 	801.000 	1.19M 	5.28%
May 12, 2016 	786.500 	789.500 	790.000 	780.000 	405.43K 	-0.38%
May 11, 2016 	789.500 	768.000 	797.000 	768.000 	1.20M 	3.34%
May 10, 2016 	764.000 	725.000 	764.000 	723.000 	405.66K 	3.95%
May 06, 2016 	735.000 	733.000 	735.000 	728.000 	312.99K 	0.27%
May 05, 2016 	733.000 	735.000 	737.500 	732.500 	258.05K 	-2.01%
May 04, 2016 	748.000 	743.000 	748.000 	734.000 	202.46K 	0.40%
May 03, 2016 	745.000 	760.000 	769.000 	745.000 	214.49K 	-1.97%
May 02, 2016 	760.000 	761.000 	765.000 	750.500 	165.84K 	-1.43%
Apr 29, 2016 	771.000 	770.000 	771.500 	760.000 	212.74K 	-0.13%
Apr 28, 2016 	772.000 	775.000 	780.000 	765.000 	325.37K 	-0.52%
Apr 27, 2016 	776.000 	780.000 	780.500 	766.000 	325.53K 	-0.26%
Apr 26, 2016 	778.000 	783.500 	784.000 	772.500 	394.57K 	-0.89%
Apr 25, 2016 	785.000 	786.000 	786.000 	776.000 	138.32K 	-0.25%
Apr 22, 2016 	787.000 	786.000 	791.000 	779.500 	228.59K 	0.13%
Apr 21, 2016 	786.000 	773.500 	786.000 	768.000 	348.62K 	1.62%
Apr 20, 2016 	773.500 	780.000 	780.000 	764.000 	341.32K 	-0.77%
Apr 19, 2016 	779.500 	780.000 	781.000 	776.000 	254.04K 	-0.06%
Apr 18, 2016 	780.000 	780.000 	780.000 	767.000 	268.02K 	-0.26%
Apr 15, 2016 	782.000 	780.000 	782.000 	768.000 	430.14K 	0.26%
Apr 14, 2016 	780.000 	773.000 	780.000 	772.000 	471.06K 	0.78%
Apr 13, 2016 	774.000 	777.500 	780.000 	773.000 	388.05K 	-0.51%
Apr 12, 2016 	778.000 	760.000 	778.000 	755.000 	522.32K 	2.37%
Apr 11, 2016 	760.000 	743.500 	760.000 	741.500 	241.21K 	1.95%
Apr 08, 2016 	745.500 	750.000 	750.000 	735.500 	340.11K 	-1.45%
Apr 07, 2016 	756.500 	743.000 	756.500 	743.000 	177.07K 	1.75%
Apr 06, 2016 	743.500 	743.000 	747.000 	740.000 	60.92K 	0.07%
Apr 05, 2016 	743.000 	760.000 	760.000 	743.000 	123.43K 	-0.93%
Apr 04, 2016 	750.000 	757.000 	764.000 	750.000 	222.41K 	-0.92%
Apr 01, 2016 	757.000 	749.000 	757.000 	740.000 	288.06K 	0.93%
Mar 31, 2016 	750.000 	735.500 	750.000 	728.000 	706.17K 	2.11%
Mar 30, 2016 	734.500 	745.000 	754.000 	734.500 	289.69K 	-1.01%
Mar 29, 2016 	742.000 	745.000 	755.000 	740.000 	183.17K 	-1.72%
Mar 28, 2016 	755.000 	743.000 	759.000 	739.500 	409.47K 	1.75%
Mar 23, 2016 	742.000 	749.000 	749.000 	737.000 	443.71K 	-1.00%
Mar 22, 2016 	749.500 	747.500 	752.500 	745.000 	271.25K 	0.27%
Mar 21, 2016 	747.500 	742.000 	754.000 	734.000 	619.40K 	1.42%
Mar 18, 2016 	737.000 	740.000 	760.000 	737.000 	688.70K 	-0.41%
Mar 17, 2016 	740.000 	735.500 	752.000 	735.000 	523.08K 	0.68%
Mar 16, 2016 	735.000 	749.000 	749.500 	732.500 	303.73K 	-1.93%
Mar 15, 2016 	749.500 	759.500 	760.000 	743.500 	411.43K 	-1.32%
Mar 14, 2016 	759.500 	757.000 	765.000 	750.000 	391.39K 	0.33%
Mar 11, 2016 	757.000 	754.000 	760.500 	754.000 	499.30K 	0.33%
Mar 10, 2016 	754.500 	738.500 	763.500 	738.500 	538.87K 	2.24%
Mar 09, 2016 	738.000 	725.000 	744.000 	725.000 	483.49K 	1.79%
Mar 08, 2016 	725.000 	710.000 	725.000 	710.000 	143.87K 	0.69%
Mar 07, 2016 	720.000 	734.500 	738.000 	710.000 	145.72K 	-1.97%
Mar 04, 2016 	734.500 	738.000 	739.000 	730.000 	267.26K 	-0.07%
Mar 03, 2016 	735.000 	715.000 	739.500 	713.000 	552.94K 	3.52%
Mar 02, 2016 	710.000 	690.500 	714.000 	690.500 	502.51K 	2.90%
Mar 01, 2016 	690.000 	685.000 	690.000 	684.500 	196.79K 	0.15%
Feb 29, 2016 	689.000 	690.000 	699.500 	688.000 	341.74K 	0.29%
Feb 26, 2016 	687.000 	690.000 	690.000 	680.000 	278.48K 	-1.15%
Feb 24, 2016 	695.000 	693.000 	699.500 	690.000 	385.17K 	-0.64%
Feb 23, 2016 	699.500 	696.000 	701.000 	696.000 	195.54K 	0.50%
Feb 22, 2016 	696.000 	694.000 	697.000 	692.500 	182.11K 	0.36%
Feb 19, 2016 	693.500 	690.500 	695.000 	688.500 	217.31K 	-0.22%
Feb 18, 2016 	695.000 	699.500 	702.000 	695.000 	397.61K 	-0.64%
Feb 17, 2016 	699.500 	686.000 	700.000 	686.000 	235.37K 	0.43%
Feb 16, 2016 	696.500 	693.000 	701.000 	692.000 	348.47K 	0.65%
Feb 15, 2016 	692.000 	693.000 	695.000 	680.000 	276.95K 	0.36%
Feb 12, 2016 	689.500 	688.000 	691.000 	680.000 	90.56K 	-0.22%
Feb 11, 2016 	691.000 	685.500 	698.000 	670.000 	140.09K 	0.88%
Feb 10, 2016 	685.000 	680.000 	687.000 	672.500 	241.46K 	0.00%
Feb 09, 2016 	685.000 	687.000 	689.000 	668.000 	232.86K 	-1.37%
Feb 05, 2016 	694.500 	678.000 	697.000 	678.000 	515.78K 	2.43%
Feb 04, 2016 	678.000 	655.000 	678.000 	653.500 	340.65K 	3.51%
Feb 03, 2016 	655.000 	670.000 	670.000 	649.500 	433.05K 	-2.31%
Feb 02, 2016 	670.500 	670.000 	678.500 	670.000 	217.16K 	0.07%
Feb 01, 2016 	670.000 	680.000 	684.000 	660.000 	338.82K 	-1.40%
Jan 29, 2016 	679.500 	683.000 	683.000 	670.000 	701.22K 	1.42%
Jan 28, 2016 	670.000 	679.000 	680.000 	665.000 	249.30K 	-1.47%
Jan 27, 2016 	680.000 	650.000 	680.000 	646.500 	280.71K 	6.58%
Jan 26, 2016 	638.000 	642.000 	646.000 	626.000 	291.59K 	-3.19%
Jan 25, 2016 	659.000 	635.000 	659.000 	635.000 	523.46K 	7.50%
Jan 22, 2016 	613.000 	606.000 	629.000 	606.000 	314.08K 	2.17%
Jan 21, 2016 	600.000 	617.000 	620.000 	600.000 	585.33K 	-2.60%
Jan 20, 2016 	616.000 	649.000 	649.000 	616.000 	381.78K 	-5.08%
Jan 19, 2016 	649.000 	650.000 	657.000 	644.500 	126.66K 	0.78%
Jan 18, 2016 	644.000 	665.000 	665.000 	636.000 	455.67K 	-3.88%
Jan 15, 2016 	670.000 	685.000 	685.000 	670.000 	201.18K 	0.30%
Jan 14, 2016 	668.000 	664.000 	681.000 	662.000 	168.46K 	-0.30%
Jan 13, 2016 	670.000 	673.000 	682.000 	670.000 	392.80K 	1.52%
Jan 12, 2016 	660.000 	670.000 	693.000 	660.000 	400.51K 	-0.75%
Jan 11, 2016 	665.000 	690.000 	690.000 	660.000 	468.35K 	-5.00%
Jan 08, 2016 	700.000 	701.000 	718.000 	700.000 	413.70K 	-1.27%
Jan 07, 2016 	709.000 	732.000 	733.000 	709.000 	348.16K 	-3.14%
Jan 06, 2016 	732.000 	752.500 	752.500 	732.000 	241.49K 	-1.35%
Jan 05, 2016 	742.000 	750.000 	755.500 	741.500 	179.94K 	-1.85%
Jan 04, 2016 	756.000 	756.000 	764.000 	756.000 	147.06K 	0.00%
Dec 29, 2015 	756.000 	754.000 	760.500 	751.000 	263.88K 	0.80%
Dec 28, 2015 	750.000 	740.000 	758.000 	740.000 	113.93K 	-1.19%
Dec 23, 2015 	759.000 	764.500 	764.500 	757.000 	114.48K 	0.26%
Dec 22, 2015 	757.000 	748.000 	763.500 	743.500 	175.70K 	2.09%
Dec 21, 2015 	741.500 	745.000 	749.000 	740.000 	103.89K 	-0.80%
Dec 18, 2015 	747.500 	757.000 	757.000 	739.000 	212.08K 	-1.52%
Dec 17, 2015 	759.000 	757.000 	762.000 	756.000 	139.47K 	0.26%
Dec 16, 2015 	757.000 	737.000 	758.500 	737.000 	336.25K 	3.06%
Dec 15, 2015 	734.500 	735.500 	736.500 	732.000 	289.74K 	-0.07%
Dec 14, 2015 	735.000 	725.000 	735.000 	721.000 	199.72K 	1.38%
Dec 11, 2015 	725.000 	728.000 	732.000 	724.500 	293.65K 	0.00%
Dec 10, 2015 	725.000 	730.000 	734.000 	725.000 	319.53K 	-0.41%
Dec 09, 2015 	728.000 	731.000 	735.000 	725.000 	211.58K 	-0.27%
Dec 08, 2015 	730.000 	732.000 	734.500 	730.000 	319.89K 	-0.54%
Dec 07, 2015 	734.000 	740.000 	751.500 	730.500 	193.93K 	-0.27%
Dec 04, 2015 	736.000 	743.000 	744.000 	733.500 	332.30K 	-1.08%
Dec 03, 2015 	744.000 	757.000 	757.000 	737.000 	137.87K 	-1.72%
Dec 02, 2015 	757.000 	755.000 	765.000 	752.500 	108.06K 	-1.69%
Dec 01, 2015 	770.000 	739.000 	771.000 	739.000 	509.26K 	3.63%
Nov 27, 2015 	743.000 	758.500 	760.000 	741.500 	699.14K 	-1.59%
Nov 26, 2015 	755.000 	759.000 	759.000 	753.000 	296.61K 	0.67%
Nov 25, 2015 	750.000 	762.500 	765.000 	747.000 	571.73K 	-1.64%
Nov 24, 2015 	762.500 	766.000 	766.000 	752.000 	224.80K 	-0.33%
Nov 23, 2015 	765.000 	753.000 	766.000 	751.000 	267.10K 	1.19%
Nov 20, 2015 	756.000 	750.000 	756.000 	750.000 	462.05K 	0.13%
Nov 17, 2015 	755.000 	750.500 	757.000 	747.500 	222.87K 	0.80%
Nov 16, 2015 	749.000 	746.500 	750.000 	733.500 	184.45K 	-1.32%
Nov 13, 2015 	759.000 	729.500 	759.000 	729.500 	381.88K 	4.12%
Nov 12, 2015 	729.000 	756.000 	770.000 	729.000 	288.25K 	-2.67%
Nov 11, 2015 	749.000 	763.000 	767.500 	748.500 	156.13K 	-2.35%
Nov 10, 2015 	767.000 	766.000 	770.000 	761.500 	291.45K 	-0.13%
Nov 09, 2015 	768.000 	786.000 	786.000 	765.000 	101.93K 	-2.35%
Nov 06, 2015 	786.500 	790.000 	790.000 	785.000 	232.33K 	-0.06%
Nov 05, 2015 	787.000 	776.000 	790.000 	774.000 	192.18K 	-0.32%
Nov 04, 2015 	789.500 	778.000 	789.500 	771.000 	160.53K 	1.48%
Nov 03, 2015 	778.000 	787.000 	792.000 	770.000 	133.14K 	-1.14%
Nov 02, 2015 	787.000 	789.000 	789.500 	785.000 	446.15K 	0.90%
Oct 30, 2015 	780.000 	780.000 	782.500 	775.000 	544.53K 	0.00%
Oct 29, 2015 	780.000 	790.000 	793.500 	777.000 	412.37K 	0.26%
Oct 28, 2015 	778.000 	785.000 	793.000 	778.000 	203.35K 	-0.89%
Oct 27, 2015 	785.000 	778.000 	790.000 	770.000 	626.25K 	0.13%
Oct 26, 2015 	784.000 	776.000 	790.000 	776.000 	391.93K 	1.29%
Oct 23, 2015 	774.000 	766.000 	777.000 	766.000 	317.26K 	1.98%
Oct 22, 2015 	759.000 	758.500 	763.000 	757.000 	201.14K 	0.07%
Oct 21, 2015 	758.500 	755.000 	763.000 	755.000 	91.04K 	0.46%
Oct 20, 2015 	755.000 	760.000 	760.000 	753.000 	102.66K 	0.27%
Oct 19, 2015 	753.000 	751.500 	758.000 	746.000 	151.86K 	0.20%
Oct 16, 2015 	751.500 	767.000 	767.000 	747.000 	394.64K 	-0.46%
Oct 15, 2015 	755.000 	750.000 	758.500 	750.000 	161.09K 	0.67%
Oct 14, 2015 	750.000 	758.000 	773.000 	750.000 	77.62K 	-0.92%
Oct 13, 2015 	757.000 	775.000 	775.000 	752.000 	391.88K 	-2.32%
Oct 12, 2015 	775.000 	774.500 	775.000 	770.000 	130.41K 	0.00%
Oct 09, 2015 	775.000 	776.500 	776.500 	762.000 	295.74K 	0.00%
Oct 08, 2015 	775.000 	772.000 	780.000 	772.000 	369.10K 	0.65%
Oct 07, 2015 	770.000 	765.000 	770.000 	754.000 	302.41K 	0.39%
Oct 06, 2015 	767.000 	761.500 	772.000 	761.500 	379.96K 	0.79%
Oct 05, 2015 	761.000 	757.000 	770.500 	750.000 	669.46K 	0.66%
Oct 02, 2015 	756.000 	770.000 	770.000 	749.000 	214.72K 	-0.20%
Oct 01, 2015 	757.500 	750.000 	775.000 	750.000 	192.90K 	-1.24%
Sep 30, 2015 	767.000 	750.000 	767.000 	743.000 	485.26K 	2.95%
Sep 29, 2015 	745.000 	740.000 	745.000 	732.500 	185.77K 	0.13%
Sep 28, 2015 	744.000 	745.000 	750.000 	743.000 	139.88K 	0.54%
Sep 24, 2015 	740.000 	760.000 	760.000 	735.000 	461.72K 	-2.57%
Sep 23, 2015 	759.500 	777.000 	777.000 	750.000 	283.70K 	-2.25%
Sep 22, 2015 	777.000 	779.000 	781.000 	772.000 	131.30K 	-0.26%
Sep 21, 2015 	779.000 	787.000 	787.000 	770.000 	129.15K 	-0.38%
Sep 18, 2015 	782.000 	773.000 	783.500 	771.000 	380.60K 	1.56%
Sep 17, 2015 	770.000 	761.000 	770.000 	761.000 	291.79K 	1.18%
Sep 16, 2015 	761.000 	752.000 	767.000 	752.000 	570.61K 	1.60%
Sep 15, 2015 	749.000 	749.500 	750.000 	746.000 	334.25K 	-0.07%
Sep 14, 2015 	749.500 	740.000 	749.500 	730.000 	301.44K 	2.95%
Sep 11, 2015 	728.000 	743.000 	743.000 	728.000 	114.40K 	-0.27%
Sep 10, 2015 	730.000 	745.000 	748.000 	726.000 	292.59K 	-1.62%
Sep 09, 2015 	742.000 	731.000 	745.000 	731.000 	573.31K 	1.99%
Sep 08, 2015 	727.500 	725.000 	735.000 	720.000 	340.04K 	0.34%
Sep 07, 2015 	725.000 	748.500 	748.500 	725.000 	150.56K 	-3.14%
Sep 04, 2015 	748.500 	750.000 	756.000 	745.500 	184.29K 	-1.51%
Sep 03, 2015 	760.000 	760.000 	760.000 	752.500 	249.74K 	0.00%
Sep 02, 2015 	760.000 	740.000 	760.000 	725.000 	368.17K 	0.66%
Sep 01, 2015 	755.000 	725.000 	756.000 	725.000 	862.32K 	2.30%
Aug 28, 2015 	738.000 	730.000 	745.000 	727.500 	512.34K 	1.79%
Aug 27, 2015 	725.000 	730.000 	730.000 	717.000 	661.95K 	2.26%
Aug 26, 2015 	709.000 	720.500 	730.000 	695.000 	815.55K 	-1.12%
Aug 25, 2015 	717.000 	699.000 	724.000 	695.000 	787.13K 	1.77%
Aug 24, 2015 	704.500 	744.000 	744.000 	700.000 	1.01M 	-6.69%
Aug 20, 2015 	755.000 	767.500 	772.000 	755.000 	280.98K 	-2.08%
Aug 19, 2015 	771.000 	769.000 	774.000 	765.000 	128.19K 	0.13%
Aug 18, 2015 	770.000 	761.000 	770.000 	761.000 	142.59K 	1.32%
Aug 17, 2015 	760.000 	761.000 	767.000 	756.500 	129.20K 	0.13%
Aug 14, 2015 	759.000 	759.000 	767.000 	754.000 	198.80K 	0.53%
Aug 13, 2015 	755.000 	763.000 	765.000 	751.000 	431.35K 	-1.11%
Aug 12, 2015 	763.500 	769.500 	771.000 	761.000 	272.42K 	-1.61%
Aug 11, 2015 	776.000 	772.000 	784.000 	769.000 	110.52K 	0.78%
Aug 10, 2015 	770.000 	769.500 	780.000 	768.000 	226.46K 	0.06%
Aug 07, 2015 	769.500 	790.500 	790.500 	769.500 	273.66K 	-2.47%
Aug 06, 2015 	789.000 	794.000 	799.000 	787.000 	113.85K 	-0.63%
Aug 05, 2015 	794.000 	786.000 	795.000 	785.000 	138.24K 	1.15%
Aug 04, 2015 	785.000 	781.000 	788.000 	780.000 	229.52K 	-1.26%
Aug 03, 2015 	795.000 	787.000 	795.000 	777.000 	329.16K 	1.92%
Jul 31, 2015 	780.000 	770.500 	800.000 	770.000 	432.18K 	1.69%
Jul 30, 2015 	767.000 	767.000 	774.000 	767.000 	247.33K 	-0.52%
Jul 29, 2015 	771.000 	771.000 	774.000 	768.000 	269.27K 	0.00%
Jul 28, 2015 	771.000 	773.000 	774.000 	769.500 	310.02K 	-0.52%
Jul 27, 2015 	775.000 	787.000 	787.000 	771.000 	153.72K 	-1.52%
Jul 24, 2015 	787.000 	777.000 	792.000 	775.000 	509.01K 	1.29%
Jul 23, 2015 	777.000 	768.000 	780.000 	768.000 	154.36K 	-0.51%
Jul 22, 2015 	781.000 	780.000 	782.000 	774.000 	427.80K 	0.13%
Jul 21, 2015 	780.000 	765.000 	780.000 	761.000 	209.08K 	2.90%
Jul 20, 2015 	758.000 	768.000 	769.000 	755.500 	555.86K 	-0.66%
Jul 16, 2015 	763.000 	768.000 	769.000 	762.000 	231.31K 	-0.65%
Jul 15, 2015 	768.000 	770.000 	772.000 	767.000 	298.93K 	-0.13%
Jul 14, 2015 	769.000 	760.000 	774.000 	760.000 	335.52K 	1.85%
Jul 13, 2015 	755.000 	749.000 	764.000 	748.000 	360.47K 	1.07%
Jul 10, 2015 	747.000 	750.000 	757.000 	745.500 	468.91K 	-0.27%
Jul 09, 2015 	749.000 	746.000 	750.500 	745.000 	562.35K 	0.33%
Jul 08, 2015 	746.500 	750.000 	753.500 	746.000 	368.44K 	-0.20%
Jul 07, 2015 	748.000 	763.000 	770.000 	748.000 	568.14K 	-1.97%
Jul 06, 2015 	763.000 	779.000 	779.000 	761.500 	138.24K 	-1.17%
Jul 03, 2015 	772.000 	778.000 	781.000 	772.000 	180.85K 	-0.90%
Jul 02, 2015 	779.000 	780.000 	789.000 	778.500 	334.44K 	-1.14%
Jul 01, 2015 	788.000 	775.000 	788.000 	770.000 	286.55K 	-0.25%
Jun 30, 2015 	790.000 	765.000 	790.000 	765.000 	725.78K 	1.41%
Jun 29, 2015 	779.000 	789.500 	789.500 	771.000 	358.73K 	-1.33%
Jun 26, 2015 	789.500 	790.000 	790.500 	785.000 	202.71K 	-0.06%
Jun 25, 2015 	790.000 	798.000 	798.000 	785.000 	206.93K 	-1.00%
Jun 24, 2015 	798.000 	799.000 	799.500 	791.500 	273.05K 	0.63%
Jun 23, 2015 	793.000 	793.000 	798.000 	787.000 	206.34K 	0.13%
Jun 22, 2015 	792.000 	799.000 	799.000 	762.500 	159.25K 	-0.94%
Jun 19, 2015 	799.500 	799.500 	802.000 	798.500 	317.59K 	0.00%
Jun 18, 2015 	799.500 	785.000 	803.000 	782.000 	516.14K 	2.50%
Jun 17, 2015 	780.000 	775.500 	780.000 	775.000 	229.26K 	0.65%
Jun 16, 2015 	775.000 	772.500 	776.000 	769.000 	230.21K 	0.32%
Jun 15, 2015 	772.500 	755.000 	777.000 	755.000 	258.69K 	0.72%
Jun 11, 2015 	767.000 	759.000 	769.500 	751.500 	236.11K 	2.68%
Jun 10, 2015 	747.000 	749.000 	750.000 	740.000 	199.47K 	-0.27%
Jun 09, 2015 	749.000 	756.000 	760.000 	736.000 	316.65K 	-1.45%
Jun 08, 2015 	760.000 	770.500 	772.000 	756.000 	327.74K 	-1.36%
Jun 05, 2015 	770.500 	765.000 	775.000 	759.000 	172.37K 	0.52%
Jun 04, 2015 	766.500 	776.000 	776.000 	755.000 	746.11K 	-1.22%
Jun 03, 2015 	776.000 	780.000 	780.000 	773.000 	446.78K 	-0.51%
Jun 02, 2015 	780.000 	789.000 	789.000 	777.000 	434.55K 	-2.50%
Jun 01, 2015 	800.000 	797.500 	801.000 	775.000 	217.90K 	1.27%
May 29, 2015 	790.000 	775.000 	803.500 	775.000 	536.13K 	1.28%
May 28, 2015 	780.000 	803.000 	803.000 	770.000 	612.82K 	-2.86%
May 27, 2015 	803.000 	806.500 	806.500 	796.000 	340.18K 	-0.43%
May 26, 2015 	806.500 	807.000 	807.000 	797.000 	305.38K 	0.06%
May 25, 2015 	806.000 	810.500 	810.500 	805.500 	387.21K 	-0.56%
May 22, 2015 	810.500 	819.000 	819.000 	808.500 	190.60K 	-0.80%
May 21, 2015 	817.000 	819.000 	819.000 	815.000 	175.77K 	-0.24%
May 20, 2015 	819.000 	807.000 	822.000 	806.500 	300.59K 	1.55%
May 19, 2015 	806.500 	817.500 	817.500 	801.000 	237.55K 	-1.22%
May 18, 2015 	816.500 	821.000 	823.000 	810.000 	190.65K 	-0.55%
May 15, 2015 	821.000 	810.000 	823.500 	810.000 	379.80K 	1.36%
May 14, 2015 	810.000 	800.000 	817.500 	800.000 	438.85K 	1.19%
May 13, 2015 	800.500 	800.000 	804.000 	788.000 	135.87K 	-0.31%
May 12, 2015 	803.000 	797.000 	805.000 	790.500 	258.31K 	-0.19%
May 11, 2015 	804.500 	805.000 	810.000 	799.500 	77.97K 	-0.06%
May 08, 2015 	805.000 	808.500 	808.500 	800.000 	141.21K 	-0.43%
May 07, 2015 	808.500 	799.000 	809.000 	790.000 	166.17K 	-0.43%
May 06, 2015 	812.000 	800.000 	813.000 	790.000 	559.43K 	1.37%
May 05, 2015 	801.000 	796.000 	801.000 	796.000 	461.08K 	0.63%
May 04, 2015 	796.000 	780.000 	796.000 	778.000 	370.38K 	2.05%
Apr 30, 2015 	780.000 	794.000 	799.000 	775.000 	1.13M 	-1.76%
Apr 29, 2015 	794.000 	800.000 	800.000 	777.000 	530.36K 	-0.75%
Apr 28, 2015 	800.000 	797.500 	800.000 	795.000 	577.45K 	0.00%
Apr 27, 2015 	800.000 	792.500 	800.000 	792.000 	423.28K 	0.63%
Apr 24, 2015 	795.000 	790.000 	795.000 	789.000 	609.82K 	0.25%
Apr 23, 2015 	793.000 	770.000 	795.000 	769.500 	279.12K 	3.39%
Apr 22, 2015 	767.000 	770.500 	772.000 	765.000 	266.39K 	-0.39%
Apr 21, 2015 	770.000 	794.000 	794.000 	761.000 	551.84K 	-1.28%
Apr 20, 2015 	780.000 	783.500 	788.500 	760.000 	838.73K 	-1.64%
Apr 17, 2015 	793.000 	799.000 	799.000 	787.000 	390.15K 	-0.25%
Apr 16, 2015 	795.000 	780.000 	795.000 	780.000 	400.55K 	0.51%
Apr 15, 2015 	791.000 	797.000 	798.500 	786.500 	580.06K 	-0.94%
Apr 14, 2015 	798.500 	797.000 	801.500 	796.500 	866.43K 	-0.19%
Apr 13, 2015 	800.000 	804.000 	806.000 	797.500 	595.44K 	-0.06%
Apr 10, 2015 	800.500 	790.000 	803.000 	790.000 	631.33K 	0.06%
Apr 08, 2015 	800.000 	800.500 	806.500 	792.000 	518.36K 	-0.06%
Apr 07, 2015 	800.500 	801.000 	804.500 	799.500 	316.89K 	0.06%
Apr 06, 2015 	800.000 	795.000 	803.500 	795.000 	482.44K 	0.13%
Apr 01, 2015 	799.000 	797.000 	800.000 	794.500 	581.60K 	0.50%
Mar 31, 2015 	795.000 	794.000 	798.500 	787.000 	1.25M 	0.19%
Mar 30, 2015 	793.500 	787.000 	800.000 	787.000 	649.49K 	1.73%
Mar 27, 2015 	780.000 	780.000 	780.500 	777.000 	529.29K 	0.00%
Mar 26, 2015 	780.000 	770.000 	780.000 	765.000 	436.49K 	1.30%
Mar 25, 2015 	770.000 	770.000 	774.000 	765.000 	380.42K 	0.13%
Mar 24, 2015 	769.000 	770.000 	777.000 	751.000 	457.43K 	-0.13%
Mar 23, 2015 	770.000 	777.000 	778.000 	769.500 	242.78K 	0.00%
Mar 20, 2015 	770.000 	771.000 	776.000 	768.500 	456.81K 	0.00%
Mar 19, 2015 	770.000 	761.000 	777.000 	761.000 	667.23K 	1.32%
Mar 18, 2015 	760.000 	753.000 	762.000 	753.000 	488.80K 	0.93%
Mar 17, 2015 	753.000 	751.000 	757.000 	744.000 	808.18K 	0.27%
Mar 16, 2015 	751.000 	757.000 	757.500 	749.000 	1.45M 	-0.92%
Mar 13, 2015 	758.000 	754.000 	758.000 	752.000 	561.51K 	0.53%
Mar 12, 2015 	754.000 	741.000 	758.000 	741.000 	845.88K 	1.21%
Mar 11, 2015 	745.000 	739.000 	747.000 	733.000 	389.14K 	0.54%
Mar 10, 2015 	741.000 	732.000 	743.000 	730.500 	557.03K 	1.23%
Mar 09, 2015 	732.000 	732.000 	734.000 	720.000 	376.06K 	0.00%
Mar 06, 2015 	732.000 	730.000 	732.500 	730.000 	323.32K 	0.48%
Mar 05, 2015 	728.500 	734.500 	734.500 	717.000 	546.62K 	-0.88%
Mar 04, 2015 	735.000 	726.000 	735.000 	726.000 	250.77K 	1.52%
Mar 03, 2015 	724.000 	724.500 	728.000 	722.000 	484.77K 	-0.14%
Mar 02, 2015 	725.000 	717.000 	725.000 	717.000 	276.61K 	1.12%
Feb 27, 2015 	717.000 	734.000 	734.000 	715.000 	804.09K 	-1.71%
Feb 26, 2015 	729.500 	741.000 	741.500 	720.000 	390.80K 	-1.15%
Feb 25, 2015 	738.000 	742.000 	742.500 	735.000 	194.73K 	-0.47%
Feb 24, 2015 	741.500 	740.000 	745.000 	740.000 	340.17K 	0.20%
Feb 23, 2015 	740.000 	743.000 	744.500 	737.500 	394.61K 	-0.40%
Feb 20, 2015 	743.000 	737.500 	744.500 	737.500 	293.99K 	0.88%
Feb 18, 2015 	736.500 	730.500 	737.500 	730.500 	192.47K 	0.89%
Feb 17, 2015 	730.000 	732.500 	732.500 	729.500 	267.47K 	0.00%
Feb 16, 2015 	730.000 	730.000 	735.000 	727.000 	260.27K 	0.07%
Feb 13, 2015 	729.500 	727.500 	735.000 	727.500 	358.49K 	0.27%
Feb 12, 2015 	727.500 	730.000 	730.000 	726.000 	297.69K 	0.48%
Feb 11, 2015 	724.000 	720.000 	729.000 	720.000 	407.25K 	0.70%
Feb 10, 2015 	719.000 	730.000 	730.000 	717.000 	151.39K 	-1.24%
Feb 09, 2015 	728.000 	730.000 	734.000 	723.000 	262.86K 	-0.27%
Feb 06, 2015 	730.000 	720.000 	730.000 	718.000 	331.33K 	0.97%
Feb 05, 2015 	723.000 	729.000 	729.000 	718.500 	254.15K 	-0.96%
Feb 04, 2015 	730.000 	721.500 	730.000 	721.500 	432.83K 	2.10%
Feb 03, 2015 	715.000 	712.000 	724.000 	712.000 	113.12K 	0.00%
Feb 02, 2015 	715.000 	726.500 	741.000 	703.000 	297.77K 	-1.58%
Jan 30, 2015 	726.500 	720.000 	732.000 	718.000 	414.98K 	1.32%
Jan 29, 2015 	717.000 	718.000 	732.000 	715.000 	309.70K 	-0.42%
Jan 28, 2015 	720.000 	722.000 	722.500 	715.000 	217.19K 	-0.28%
Jan 27, 2015 	722.000 	720.000 	724.500 	717.500 	245.59K 	0.28%
Jan 26, 2015 	720.000 	719.000 	722.000 	711.000 	140.86K 	0.14%
Jan 23, 2015 	719.000 	696.500 	719.000 	696.500 	543.48K 	3.53%
Jan 22, 2015 	694.500 	702.000 	704.000 	693.500 	576.55K 	-1.07%
Jan 21, 2015 	702.000 	705.000 	714.000 	697.500 	453.48K 	0.14%
Jan 20, 2015 	701.000 	710.000 	710.000 	700.500 	254.60K 	-1.41%
Jan 19, 2015 	711.000 	711.000 	712.000 	704.000 	157.64K 	0.00%
Jan 14, 2015 	711.000 	716.000 	724.500 	711.000 	352.87K 	-0.70%
Jan 13, 2015 	716.000 	713.000 	719.500 	713.000 	348.18K 	0.85%
Jan 12, 2015 	710.000 	714.000 	714.000 	705.000 	134.57K 	-0.70%
Jan 09, 2015 	715.000 	720.000 	720.500 	714.500 	456.75K 	0.70%
Jan 08, 2015 	710.000 	701.000 	714.000 	701.000 	437.02K 	1.21%
Jan 07, 2015 	701.500 	701.000 	706.000 	693.000 	290.58K 	0.07%
Jan 06, 2015 	701.000 	695.000 	704.500 	694.500 	403.10K 	0.57%
Jan 05, 2015 	697.000 	698.500 	699.000 	692.500 	342.78K 	0.43%
Dec 29, 2014 	694.000 	680.000 	694.000 	680.000 	183.87K 	2.81%
Dec 23, 2014 	675.000 	684.500 	685.000 	675.000 	261.63K 	-1.39%
Dec 22, 2014 	684.500 	675.000 	685.000 	675.000 	112.30K 	1.56%
Dec 19, 2014 	674.000 	667.000 	676.000 	667.000 	487.70K 	2.98%
Dec 18, 2014 	654.500 	661.000 	673.500 	648.500 	525.41K 	0.38%
Dec 17, 2014 	652.000 	682.000 	682.000 	652.000 	718.24K 	-4.40%
Dec 16, 2014 	682.000 	692.000 	694.000 	677.000 	478.27K 	-1.73%
Dec 15, 2014 	694.000 	670.000 	694.000 	665.000 	467.94K 	2.06%
Dec 12, 2014 	680.000 	670.000 	680.000 	670.000 	455.94K 	1.49%
Dec 11, 2014 	670.000 	678.000 	678.000 	657.500 	512.25K 	-1.33%
Dec 10, 2014 	679.000 	680.000 	680.000 	673.000 	444.05K 	0.22%
Dec 09, 2014 	677.500 	693.000 	695.000 	677.500 	236.82K 	-0.37%
Dec 05, 2014 	680.000 	685.000 	686.000 	671.000 	479.45K 	-0.87%
Dec 04, 2014 	686.000 	696.000 	697.000 	686.000 	155.50K 	-2.00%
Dec 03, 2014 	700.000 	690.000 	700.000 	688.000 	389.82K 	1.45%
Dec 02, 2014 	690.000 	689.000 	693.500 	688.000 	892.82K 	0.15%
Dec 01, 2014 	689.000 	694.000 	696.000 	689.000 	384.71K 	-0.72%
Nov 28, 2014 	694.000 	688.000 	697.000 	688.000 	1.51M 	1.02%
Nov 27, 2014 	687.000 	695.000 	695.000 	685.000 	503.85K 	-1.01%
Nov 26, 2014 	694.000 	686.000 	698.000 	685.000 	1.12M 	1.31%
Nov 25, 2014 	685.000 	696.500 	697.500 	684.000 	762.51K 	-0.58%
Nov 24, 2014 	689.000 	683.000 	698.000 	683.000 	539.37K 	1.10%
Nov 21, 2014 	681.500 	685.000 	685.000 	680.000 	570.13K 	-0.07%
Nov 20, 2014 	682.000 	669.500 	690.000 	669.000 	1.92M 	-4.88%
Nov 19, 2014 	717.000 	717.000 	718.000 	712.000 	156.86K 	1.13%
Nov 18, 2014 	709.000 	707.000 	711.000 	705.000 	256.04K 	-0.14%
Nov 17, 2014 	710.000 	710.000 	711.500 	706.000 	120.06K 	0.00%
Nov 14, 2014 	710.000 	707.000 	710.000 	706.000 	249.54K 	0.14%
Nov 13, 2014 	709.000 	715.000 	718.000 	708.000 	290.84K 	-0.14%
Nov 12, 2014 	710.000 	707.000 	717.500 	707.000 	373.62K 	0.42%
Nov 11, 2014 	707.000 	707.000 	708.500 	704.000 	367.73K 	0.00%
Nov 10, 2014 	707.000 	708.500 	711.000 	704.000 	150.50K 	-0.21%
Nov 07, 2014 	708.500 	705.000 	711.500 	705.000 	497.36K 	0.43%
Nov 06, 2014 	705.500 	705.000 	710.000 	703.000 	262.59K 	-0.56%
Nov 05, 2014 	709.500 	689.000 	709.500 	686.000 	369.12K 	2.31%
Nov 04, 2014 	693.500 	705.000 	705.000 	691.000 	283.44K 	-0.36%
Nov 03, 2014 	696.000 	690.000 	702.000 	687.000 	291.10K 	0.87%
Oct 31, 2014 	690.000 	679.500 	690.000 	679.500 	342.45K 	1.47%
Oct 30, 2014 	680.000 	672.500 	686.000 	670.000 	179.10K 	1.27%
Oct 29, 2014 	671.500 	676.000 	684.500 	670.000 	328.04K 	-0.22%
Oct 28, 2014 	673.000 	693.000 	693.000 	671.000 	269.30K 	-1.75%
Oct 27, 2014 	685.000 	686.000 	686.000 	683.000 	194.74K 	-0.22%
Oct 24, 2014 	686.500 	693.000 	693.500 	682.500 	236.09K 	0.07%
Oct 23, 2014 	686.000 	699.000 	699.000 	683.000 	506.53K 	-2.00%
Oct 22, 2014 	700.000 	694.000 	700.000 	684.000 	244.87K 	1.16%
Oct 21, 2014 	692.000 	693.000 	696.000 	684.000 	103.55K 	0.29%
Oct 20, 2014 	690.000 	688.000 	697.000 	688.000 	215.05K 	0.29%
Oct 17, 2014 	688.000 	688.000 	698.500 	685.500 	347.86K 	0.51%
Oct 16, 2014 	684.500 	685.000 	695.000 	680.000 	270.42K 	-0.65%
Oct 15, 2014 	689.000 	696.500 	700.000 	688.000 	374.42K 	0.29%
Oct 14, 2014 	687.000 	686.000 	700.000 	683.500 	675.24K 	0.00%
Oct 13, 2014 	687.000 	701.500 	705.000 	686.500 	580.85K 	-3.10%
Oct 10, 2014 	709.000 	709.000 	710.500 	704.000 	401.11K 	-0.14%
Oct 09, 2014 	710.000 	712.500 	716.000 	710.000 	643.94K 	-0.14%
Oct 08, 2014 	711.000 	716.500 	722.000 	711.000 	567.38K 	-1.52%
Oct 07, 2014 	722.000 	721.000 	727.000 	720.000 	351.88K 	-1.03%
Oct 03, 2014 	729.500 	729.000 	735.000 	727.000 	181.67K 	0.97%
Oct 02, 2014 	722.500 	720.000 	725.000 	716.000 	249.07K 	-0.96%
Oct 01, 2014 	729.500 	725.000 	732.000 	722.000 	146.51K 	-1.42%
Sep 30, 2014 	740.000 	729.500 	740.000 	723.500 	510.07K 	2.28%
Sep 29, 2014 	723.500 	720.000 	725.000 	719.500 	248.03K 	-0.07%
Sep 26, 2014 	724.000 	711.000 	731.500 	709.000 	228.74K 	0.00%
Sep 25, 2014 	724.000 	737.000 	747.000 	719.000 	617.67K 	-1.50%
Sep 24, 2014 	735.000 	735.000 	738.000 	730.000 	585.87K 	0.89%
Sep 23, 2014 	728.500 	736.500 	736.500 	726.000 	447.70K 	-1.15%
Sep 22, 2014 	737.000 	723.000 	737.500 	722.000 	456.89K 	1.94%
Sep 18, 2014 	723.000 	713.000 	723.000 	713.000 	104.47K 	0.70%
Sep 17, 2014 	718.000 	711.000 	725.000 	711.000 	237.50K 	0.91%
Sep 16, 2014 	711.500 	714.000 	717.000 	706.000 	246.73K 	0.21%
Sep 15, 2014 	710.000 	708.000 	715.000 	706.500 	430.28K 	0.28%
Sep 12, 2014 	708.000 	706.000 	712.000 	706.000 	290.54K 	0.28%
Sep 11, 2014 	706.000 	707.000 	710.000 	706.000 	599.58K 	-0.21%
Sep 10, 2014 	707.500 	711.000 	712.000 	707.000 	422.93K 	-0.14%
Sep 09, 2014 	708.500 	709.500 	710.000 	707.500 	362.25K 	-0.14%
Sep 08, 2014 	709.500 	703.000 	712.000 	702.000 	357.88K 	0.07%
Sep 05, 2014 	709.000 	712.000 	714.500 	707.500 	333.94K 	0.00%
Sep 04, 2014 	709.000 	709.000 	715.000 	709.000 	279.33K 	0.00%
Sep 03, 2014 	709.000 	709.500 	715.000 	707.000 	462.20K 	0.00%
Sep 02, 2014 	709.000 	701.500 	722.000 	701.500 	280.03K 	1.21%
Sep 01, 2014 	700.500 	700.500 	705.500 	700.000 	154.16K 	0.00%
Aug 29, 2014 	700.500 	700.000 	705.000 	690.000 	2.12M 	0.14%
Aug 28, 2014 	699.500 	719.000 	719.000 	699.000 	397.95K 	-2.78%
Aug 27, 2014 	719.500 	725.000 	725.000 	717.000 	312.21K 	0.07%
Aug 26, 2014 	719.000 	725.000 	728.500 	712.000 	224.82K 	-0.83%
Aug 22, 2014 	725.000 	727.000 	729.000 	724.000 	579.80K 	0.35%
Aug 20, 2014 	722.500 	719.500 	726.000 	719.500 	484.08K 	0.49%
Aug 19, 2014 	719.000 	705.000 	720.000 	705.000 	377.52K 	2.13%
Aug 18, 2014 	704.000 	703.000 	704.500 	702.000 	293.33K 	0.14%
Aug 15, 2014 	703.000 	701.000 	703.000 	698.000 	399.08K 	0.00%
Aug 14, 2014 	703.000 	686.000 	709.000 	686.000 	802.86K 	3.38%
Aug 13, 2014 	680.000 	679.500 	681.500 	678.500 	433.44K 	0.07%
Aug 12, 2014 	679.500 	679.000 	681.000 	678.500 	292.86K 	0.30%
Aug 11, 2014 	677.500 	661.500 	677.500 	661.500 	390.86K 	2.50%
Aug 08, 2014 	661.000 	668.000 	668.000 	650.000 	190.05K 	-1.05%
Aug 07, 2014 	668.000 	666.000 	669.500 	665.000 	265.00K 	0.00%
Aug 06, 2014 	668.000 	667.500 	669.000 	667.000 	388.88K 	-0.07%
Aug 05, 2014 	668.500 	665.000 	672.000 	660.000 	245.36K 	-0.07%
Aug 04, 2014 	669.000 	660.000 	670.000 	651.000 	449.29K 	1.36%
Aug 01, 2014 	660.000 	658.000 	662.500 	651.000 	151.24K 	0.30%
Jul 31, 2014 	658.000 	653.500 	668.000 	653.500 	545.57K 	0.77%
Jul 30, 2014 	653.000 	650.500 	658.000 	645.000 	371.06K 	0.93%
Jul 28, 2014 	647.000 	652.000 	652.000 	643.500 	441.90K 	-0.77%
Jul 25, 2014 	652.000 	650.000 	658.000 	649.000 	465.95K 	-0.61%
Jul 24, 2014 	656.000 	659.000 	659.000 	653.000 	136.40K 	-0.15%
Jul 23, 2014 	657.000 	662.000 	663.000 	653.000 	296.72K 	-0.61%
Jul 22, 2014 	661.000 	664.000 	664.000 	658.000 	346.17K 	-0.08%
Jul 21, 2014 	661.500 	654.000 	663.000 	654.000 	143.32K 	1.15%
Jul 18, 2014 	654.000 	652.000 	655.000 	649.000 	246.24K 	0.23%
Jul 17, 2014 	652.500 	645.000 	654.500 	645.000 	396.96K 	1.48%
Jul 15, 2014 	643.000 	646.000 	648.000 	640.000 	778.48K 	-0.54%
Jul 14, 2014 	646.500 	661.500 	661.500 	646.500 	391.33K 	-2.64%
Jul 11, 2014 	664.000 	664.500 	665.000 	659.000 	119.46K 	0.00%
Jul 10, 2014 	664.000 	658.000 	670.000 	658.000 	218.75K 	0.91%
Jul 09, 2014 	658.000 	665.000 	665.000 	655.000 	203.53K 	-1.05%
Jul 08, 2014 	665.000 	674.000 	674.000 	664.000 	329.20K 	-1.41%
Jul 07, 2014 	674.500 	670.000 	682.000 	670.000 	468.02K 	0.67%
Jul 04, 2014 	670.000 	664.000 	672.500 	664.000 	643.95K 	0.90%
Jul 03, 2014 	664.000 	654.500 	670.000 	651.000 	347.71K 	1.45%
Jul 02, 2014 	654.500 	646.000 	654.500 	645.500 	637.33K 	1.47%
Jul 01, 2014 	645.000 	649.000 	649.000 	641.500 	231.69K 	-0.39%
Jun 30, 2014 	647.500 	649.500 	649.500 	647.000 	1.11M 	-0.08%
Jun 27, 2014 	648.000 	647.500 	649.500 	645.000 	462.17K 	0.15%
Jun 26, 2014 	647.000 	644.000 	648.500 	644.000 	201.18K 	0.47%
Jun 25, 2014 	644.000 	638.000 	647.500 	637.000 	454.03K 	1.10%
Jun 24, 2014 	637.000 	638.000 	640.000 	634.500 	292.18K 	-0.16%
Jun 23, 2014 	638.000 	640.000 	642.000 	638.000 	231.01K 	-0.31%
Jun 20, 2014 	640.000 	640.000 	641.500 	637.000 	309.05K 	0.79%
Jun 19, 2014 	635.000 	635.000 	636.000 	631.500 	303.61K 	0.32%
Jun 18, 2014 	633.000 	631.000 	634.000 	618.000 	316.52K 	-0.31%
Jun 17, 2014 	635.000 	640.000 	640.000 	633.000 	270.49K 	-0.78%
Jun 16, 2014 	640.000 	641.000 	641.000 	639.000 	563.02K 	0.00%
Jun 13, 2014 	640.000 	645.000 	645.000 	640.000 	1.15M 	0.39%
Jun 11, 2014 	637.500 	639.500 	639.500 	635.000 	362.91K 	-0.39%
Jun 10, 2014 	640.000 	638.000 	640.000 	633.000 	331.77K 	0.00%
Jun 09, 2014 	640.000 	635.500 	640.000 	635.500 	524.74K 	0.71%
Jun 06, 2014 	635.500 	640.000 	644.000 	635.000 	225.67K 	-0.70%
Jun 05, 2014 	640.000 	641.000 	641.000 	638.500 	598.23K 	0.00%
Jun 04, 2014 	640.000 	641.500 	643.000 	639.500 	287.17K 	-0.16%
Jun 03, 2014 	641.000 	628.000 	641.500 	628.000 	160.65K 	2.15%
Jun 02, 2014 	627.500 	620.000 	630.000 	620.000 	337.69K 	1.54%
May 30, 2014 	618.000 	634.000 	637.000 	618.000 	557.67K 	-2.83%
May 29, 2014 	636.000 	641.000 	646.500 	630.000 	522.89K 	-0.78%
May 28, 2014 	641.000 	640.000 	643.000 	640.000 	295.37K 	0.16%
May 27, 2014 	640.000 	642.000 	645.000 	639.500 	213.25K 	-0.31%
May 26, 2014 	642.000 	651.000 	651.000 	639.000 	163.64K 	-1.38%
May 23, 2014 	651.000 	650.000 	653.500 	638.000 	590.59K 	-0.46%
May 22, 2014 	654.000 	649.500 	654.000 	649.500 	1.16M 	1.32%
May 21, 2014 	645.500 	650.000 	650.000 	641.000 	739.04K 	-0.69%
May 20, 2014 	650.000 	650.000 	651.500 	646.000 	299.08K 	0.46%
May 19, 2014 	647.000 	650.000 	650.000 	645.000 	217.88K 	-0.31%
May 16, 2014 	649.000 	647.000 	649.000 	640.000 	338.38K 	-0.23%
May 15, 2014 	650.500 	658.000 	658.000 	647.500 	354.00K 	-1.21%
May 14, 2014 	658.500 	646.000 	660.000 	646.000 	593.79K 	2.09%
May 13, 2014 	645.000 	639.500 	645.000 	639.000 	458.56K 	0.86%
May 12, 2014 	639.500 	635.000 	640.000 	634.000 	395.00K 	0.71%
May 09, 2014 	635.000 	631.000 	640.000 	630.000 	676.53K 	1.11%
May 08, 2014 	628.000 	627.500 	629.500 	626.000 	319.08K 	0.48%
May 07, 2014 	625.000 	628.000 	628.000 	623.000 	202.45K 	-0.16%
May 06, 2014 	626.000 	625.000 	628.000 	625.000 	153.22K 	0.16%
May 05, 2014 	625.000 	621.500 	627.000 	621.000 	121.47K 	0.56%
May 02, 2014 	621.500 	620.000 	622.000 	619.000 	228.38K 	-0.40%
Apr 30, 2014 	624.000 	622.000 	628.000 	621.000 	498.00K 	0.89%
Apr 29, 2014 	618.500 	619.000 	622.000 	617.500 	603.66K 	0.73%
Apr 28, 2014 	614.000 	625.000 	626.000 	613.500 	274.93K 	-1.76%
Apr 25, 2014 	625.000 	623.000 	632.500 	623.000 	593.42K 	0.32%
Apr 24, 2014 	623.000 	620.000 	625.000 	618.000 	380.12K 	-0.08%
Apr 23, 2014 	623.500 	616.000 	625.000 	616.000 	371.10K 	1.22%
Apr 22, 2014 	616.000 	621.500 	627.000 	615.500 	331.78K 	-0.81%
Apr 21, 2014 	621.000 	621.500 	628.000 	620.000 	266.73K 	0.49%
Apr 16, 2014 	618.000 	611.000 	620.000 	611.000 	182.55K 	0.98%
Apr 15, 2014 	612.000 	620.000 	623.000 	612.000 	341.38K 	-0.73%
Apr 14, 2014 	616.500 	617.000 	618.000 	606.000 	85.71K 	-0.40%
Apr 11, 2014 	619.000 	612.000 	619.000 	600.000 	635.09K 	0.98%
Apr 10, 2014 	613.000 	605.500 	618.000 	605.000 	750.74K 	1.24%
Apr 08, 2014 	605.500 	607.000 	607.000 	600.000 	407.48K 	-0.08%
Apr 07, 2014 	606.000 	606.000 	612.000 	605.000 	511.82K 	0.17%
Apr 04, 2014 	605.000 	615.000 	615.000 	603.000 	429.46K 	-0.82%
Apr 03, 2014 	610.000 	613.000 	616.000 	601.000 	1.25M 	-0.49%
Apr 02, 2014 	613.000 	590.000 	614.000 	590.000 	926.25K 	3.90%
Apr 01, 2014 	590.000 	578.000 	590.000 	575.000 	664.78K 	2.08%
Mar 31, 2014 	578.000 	567.000 	579.000 	567.000 	793.44K 	2.21%
Mar 28, 2014 	565.500 	567.000 	570.000 	563.000 	542.48K 	-0.26%
Mar 27, 2014 	567.000 	565.000 	568.000 	565.000 	606.68K 	0.18%
Mar 26, 2014 	566.000 	559.000 	566.000 	555.000 	145.10K 	1.43%
Mar 25, 2014 	558.000 	566.000 	566.000 	555.000 	222.78K 	-1.41%
Mar 24, 2014 	566.000 	564.000 	567.500 	564.000 	456.43K 	0.62%
Mar 21, 2014 	562.500 	560.000 	566.000 	560.000 	721.50K 	0.63%
Mar 20, 2014 	559.000 	562.000 	562.000 	555.000 	353.77K 	-0.53%
Mar 19, 2014 	562.000 	564.000 	565.000 	559.500 	292.17K 	-0.35%
Mar 18, 2014 	564.000 	557.500 	565.000 	557.500 	518.49K 	1.62%
Mar 17, 2014 	555.000 	564.000 	566.500 	552.000 	402.59K 	-1.60%
Mar 14, 2014 	564.000 	560.000 	570.000 	558.000 	620.41K 	0.18%
Mar 13, 2014 	563.000 	563.000 	571.000 	561.000 	188.94K 	0.54%
Mar 12, 2014 	560.000 	578.000 	578.000 	560.000 	536.65K 	-3.11%
Mar 11, 2014 	578.000 	575.000 	579.000 	573.000 	488.94K 	1.05%
Mar 10, 2014 	572.000 	572.000 	575.000 	570.500 	256.32K 	0.00%
Mar 07, 2014 	572.000 	575.000 	579.500 	565.000 	256.80K 	-0.52%
Mar 06, 2014 	575.000 	575.000 	579.500 	570.000 	482.69K 	0.17%
Mar 05, 2014 	574.000 	565.500 	577.000 	565.500 	558.89K 	2.14%
Mar 04, 2014 	562.000 	567.000 	568.000 	560.500 	2.09M 	-1.23%
Mar 03, 2014 	569.000 	575.000 	575.000 	564.000 	197.75K 	-1.13%
Feb 28, 2014 	575.500 	563.500 	580.000 	563.500 	763.69K 	2.31%
Feb 27, 2014 	562.500 	556.000 	567.000 	556.000 	573.15K 	1.17%
Feb 26, 2014 	556.000 	559.000 	560.000 	549.000 	499.65K 	-0.71%
Feb 25, 2014 	560.000 	559.500 	564.000 	553.500 	270.58K 	0.00%
Feb 24, 2014 	560.000 	576.000 	578.000 	560.000 	253.48K 	-1.32%
Feb 21, 2014 	567.500 	580.000 	581.000 	566.000 	297.10K 	-2.16%
Feb 20, 2014 	580.000 	582.500 	582.500 	565.500 	279.14K 	-0.43%
Feb 19, 2014 	582.500 	560.000 	582.500 	559.500 	809.46K 	4.95%
Feb 18, 2014 	555.000 	545.000 	559.000 	545.000 	890.54K 	2.78%
Feb 17, 2014 	540.000 	540.000 	543.000 	539.000 	345.99K 	0.00%
Feb 14, 2014 	540.000 	538.500 	542.000 	538.500 	358.46K 	0.28%
Feb 13, 2014 	538.500 	542.000 	545.000 	538.000 	242.67K 	-0.65%
Feb 12, 2014 	542.000 	545.000 	548.500 	538.000 	184.06K 	-0.18%
Feb 11, 2014 	543.000 	533.000 	546.500 	533.000 	551.12K 	1.88%
Feb 10, 2014 	533.000 	525.500 	537.500 	525.500 	569.11K 	1.43%
Feb 07, 2014 	525.500 	522.000 	531.000 	522.000 	631.23K 	0.86%
Feb 06, 2014 	521.000 	521.000 	524.000 	520.000 	288.09K 	0.10%
Feb 05, 2014 	520.500 	521.000 	525.000 	518.000 	258.92K 	0.10%
Feb 04, 2014 	520.000 	519.500 	525.000 	515.000 	249.78K 	-1.33%
Feb 03, 2014 	527.000 	524.000 	530.000 	520.500 	105.37K 	0.57%
Jan 30, 2014 	524.000 	520.500 	527.000 	518.000 	585.03K 	-0.76%
Jan 29, 2014 	528.000 	522.000 	531.000 	522.000 	343.85K 	1.44%
Jan 28, 2014 	520.500 	533.500 	533.500 	520.500 	401.61K 	-2.53%
Jan 27, 2014 	534.000 	530.000 	536.500 	523.000 	255.77K 	-1.84%
Jan 24, 2014 	544.000 	539.000 	544.500 	531.000 	214.54K 	2.64%
Jan 23, 2014 	530.000 	543.000 	547.500 	530.000 	365.36K 	-2.75%
Jan 22, 2014 	545.000 	540.000 	549.000 	538.000 	606.38K 	1.11%
Jan 21, 2014 	539.000 	540.000 	541.000 	537.000 	122.66K 	-0.19%
Jan 20, 2014 	540.000 	538.000 	540.000 	537.000 	186.43K 	0.47%
Jan 17, 2014 	537.500 	540.000 	540.000 	530.000 	462.97K 	-0.09%
Jan 16, 2014 	538.000 	534.000 	541.000 	531.500 	630.74K 	1.41%
Jan 15, 2014 	530.500 	528.000 	531.500 	528.000 	877.94K 	1.24%
Jan 14, 2014 	524.000 	523.000 	524.500 	519.000 	327.71K 	-0.19%
Jan 13, 2014 	525.000 	511.000 	525.000 	511.000 	171.78K 	2.94%
Jan 10, 2014 	510.000 	529.000 	529.000 	508.000 	411.52K 	-2.86%
Jan 09, 2014 	525.000 	535.000 	535.000 	525.000 	246.43K 	-1.04%
Jan 08, 2014 	530.500 	524.000 	535.000 	524.000 	558.44K 	1.24%
Jan 07, 2014 	524.000 	529.500 	529.500 	523.000 	197.23K 	-0.29%
Jan 06, 2014 	525.500 	525.000 	530.000 	519.000 	399.38K 	0.96%
Jan 03, 2014 	520.500 	521.000 	523.500 	514.000 	552.23K 	-0.95%
Jan 02, 2014 	525.500 	520.000 	528.500 	519.000 	367.20K 	1.45%
Dec 27, 2013 	518.000 	517.000 	521.000 	517.000 	176.96K 	0.29%
Dec 26, 2013 	516.500 	520.000 	521.000 	515.000 	340.40K 	-0.48%
Dec 23, 2013 	519.000 	526.500 	529.000 	518.500 	408.41K 	-0.95%
Dec 20, 2013 	524.000 	537.000 	537.500 	522.500 	238.80K 	-1.69%
Dec 19, 2013 	533.000 	546.000 	556.000 	533.000 	420.46K 	-1.20%
Dec 18, 2013 	539.500 	539.000 	549.000 	527.000 	389.74K 	0.65%
Dec 17, 2013 	536.000 	540.000 	542.500 	533.500 	516.04K 	2.10%
Dec 16, 2013 	525.000 	530.000 	545.000 	525.000 	383.59K 	-1.87%
Dec 13, 2013 	535.000 	530.000 	545.000 	530.000 	262.03K 	-0.47%
Dec 12, 2013 	537.500 	555.000 	555.000 	535.000 	668.29K 	-3.15%
Dec 11, 2013 	555.000 	550.500 	562.000 	550.500 	181.73K 	0.00%
Dec 10, 2013 	555.000 	580.000 	580.000 	555.000 	324.13K 	-3.65%
Dec 09, 2013 	576.000 	576.000 	588.000 	572.000 	127.99K 	0.00%
Dec 06, 2013 	576.000 	575.500 	580.500 	570.000 	197.72K 	-1.37%
Dec 05, 2013 	584.000 	582.000 	588.000 	581.000 	584.89K 	0.34%
Dec 04, 2013 	582.000 	592.000 	592.000 	574.500 	122.41K 	-1.69%
Dec 03, 2013 	592.000 	592.000 	594.500 	585.000 	384.14K 	0.34%
Dec 02, 2013 	590.000 	585.000 	595.000 	585.000 	473.46K 	0.85%
Nov 29, 2013 	585.000 	588.500 	588.500 	575.000 	232.86K 	-0.68%
Nov 28, 2013 	589.000 	578.000 	589.000 	574.000 	192.16K 	1.90%
Nov 27, 2013 	578.000 	588.000 	588.000 	569.500 	485.01K 	-2.03%
Nov 26, 2013 	590.000 	570.000 	590.000 	559.000 	373.17K 	4.42%
Nov 25, 2013 	565.000 	575.500 	575.500 	565.000 	342.55K 	-1.74%
Nov 22, 2013 	575.000 	583.000 	584.000 	570.500 	396.01K 	-0.86%
Nov 21, 2013 	580.000 	580.000 	580.000 	565.000 	238.26K 	0.00%
Nov 20, 2013 	580.000 	590.000 	590.000 	570.000 	351.11K 	-1.69%
Nov 19, 2013 	590.000 	595.000 	597.500 	580.000 	387.96K 	-0.84%
Nov 18, 2013 	595.000 	586.500 	596.000 	586.000 	470.64K 	1.45%
Nov 15, 2013 	586.500 	575.500 	590.000 	575.000 	271.97K 	2.36%
Nov 14, 2013 	573.000 	570.500 	575.000 	570.000 	356.93K 	0.61%
Nov 13, 2013 	569.500 	561.000 	569.500 	560.000 	489.42K 	1.52%
Nov 12, 2013 	561.000 	588.000 	588.000 	558.500 	703.82K 	-2.60%
Nov 11, 2013 	576.000 	597.000 	597.000 	571.000 	455.74K 	-2.78%
Nov 08, 2013 	592.500 	578.000 	594.000 	572.500 	266.74K 	2.51%
Nov 07, 2013 	578.000 	590.000 	590.000 	574.000 	675.55K 	-1.95%
Nov 06, 2013 	589.500 	597.000 	597.000 	587.500 	376.61K 	-1.26%
Nov 05, 2013 	597.000 	601.000 	601.500 	595.000 	246.63K 	-0.42%
Nov 04, 2013 	599.500 	603.000 	604.000 	595.000 	1.80M 	-0.58%
Oct 31, 2013 	603.000 	612.500 	613.000 	599.000 	896.41K 	0.25%
Oct 30, 2013 	601.500 	601.500 	602.500 	600.000 	625.09K 	0.00%
Oct 29, 2013 	601.500 	602.000 	605.000 	600.500 	381.93K 	0.25%
Oct 25, 2013 	600.000 	610.000 	610.000 	597.000 	955.51K 	-1.80%
Oct 24, 2013 	611.000 	618.500 	618.500 	609.000 	662.09K 	-0.89%
Oct 23, 2013 	616.500 	614.000 	619.000 	614.000 	513.69K 	0.74%
Oct 22, 2013 	612.000 	616.500 	616.500 	612.000 	373.96K 	-0.57%
Oct 21, 2013 	615.500 	624.000 	624.000 	613.000 	564.99K 	-1.36%
Oct 18, 2013 	624.000 	624.000 	628.000 	621.500 	232.84K 	0.08%
Oct 17, 2013 	623.500 	628.000 	628.000 	621.500 	260.79K 	0.24%
Oct 16, 2013 	622.000 	621.500 	627.000 	621.000 	169.67K 	0.08%
Oct 14, 2013 	621.500 	620.000 	626.000 	620.000 	64.72K 	-0.88%
Oct 11, 2013 	627.000 	630.000 	634.500 	625.000 	447.35K 	1.79%
Oct 10, 2013 	616.000 	610.000 	617.000 	608.500 	1.29M 	0.90%
Oct 09, 2013 	610.500 	613.500 	613.500 	610.000 	300.65K 	-0.49%
Oct 08, 2013 	613.500 	614.000 	618.000 	610.000 	326.93K 	-0.24%
Oct 07, 2013 	615.000 	608.500 	618.000 	607.000 	263.22K 	1.49%
Oct 04, 2013 	606.000 	614.000 	616.000 	600.000 	547.31K 	-1.30%
Oct 03, 2013 	614.000 	603.000 	622.000 	596.500 	211.89K 	1.99%
Oct 02, 2013 	602.000 	595.500 	605.000 	595.000 	902.60K 	1.18%
Oct 01, 2013 	595.000 	597.000 	602.000 	591.000 	495.19K 	-1.57%
Sep 30, 2013 	604.500 	610.000 	610.000 	604.000 	778.38K 	-1.39%
Sep 27, 2013 	613.000 	618.000 	618.000 	610.000 	135.82K 	-0.33%
Sep 26, 2013 	615.000 	615.000 	617.500 	610.000 	394.28K 	0.00%
Sep 25, 2013 	615.000 	613.000 	621.000 	611.000 	483.17K 	0.33%
Sep 24, 2013 	613.000 	610.000 	613.500 	605.000 	280.10K 	0.49%
Sep 23, 2013 	610.000 	615.000 	615.000 	601.500 	825.34K 	-0.97%
Sep 20, 2013 	616.000 	619.000 	619.000 	611.000 	582.63K 	-0.48%
Sep 19, 2013 	619.000 	602.000 	619.000 	602.000 	1.00M 	5.63%
Sep 18, 2013 	586.000 	581.000 	587.000 	581.000 	343.87K 	1.03%
Sep 17, 2013 	580.000 	572.000 	580.000 	570.000 	449.21K 	1.40%
Sep 16, 2013 	572.000 	570.000 	575.000 	560.000 	537.74K 	2.51%
Sep 13, 2013 	558.000 	563.000 	563.000 	555.000 	361.38K 	-0.89%
Sep 12, 2013 	563.000 	575.000 	585.000 	562.000 	666.53K 	-1.92%
Sep 11, 2013 	574.000 	555.000 	574.000 	555.000 	509.26K 	3.89%
Sep 10, 2013 	552.500 	545.000 	554.000 	544.500 	542.43K 	2.31%
Sep 09, 2013 	540.000 	538.000 	543.500 	538.000 	704.46K 	0.93%
Sep 06, 2013 	535.000 	531.000 	542.000 	530.000 	315.49K 	0.75%
Sep 05, 2013 	531.000 	530.000 	534.000 	512.000 	819.43K 	0.19%
Sep 04, 2013 	530.000 	544.500 	544.500 	525.000 	858.00K 	-1.12%
Sep 03, 2013 	536.000 	540.000 	541.000 	534.000 	580.94K 	0.37%
Sep 02, 2013 	534.000 	547.000 	547.000 	525.000 	473.01K 	-2.02%
Aug 30, 2013 	545.000 	540.000 	550.000 	530.000 	916.87K 	2.44%
Aug 29, 2013 	532.000 	505.000 	537.000 	505.000 	699.79K 	6.40%
Aug 28, 2013 	500.000 	503.000 	504.000 	485.000 	1.58M 	-3.47%
Aug 27, 2013 	518.000 	536.000 	540.000 	509.000 	695.34K 	-7.17%
Aug 23, 2013 	558.000 	550.000 	558.000 	549.000 	683.34K 	0.00%
Aug 22, 2013 	558.000 	572.000 	572.000 	550.000 	1.24M 	-6.84%
Aug 16, 2013 	599.000 	598.500 	600.000 	597.500 	367.25K 	0.08%
Aug 15, 2013 	598.500 	609.000 	609.000 	593.000 	370.77K 	-0.08%
Aug 14, 2013 	599.000 	605.500 	605.500 	597.000 	409.78K 	-0.50%
Aug 13, 2013 	602.000 	610.000 	614.000 	600.000 	358.22K 	0.17%
Aug 12, 2013 	601.000 	599.500 	603.500 	598.000 	214.42K 	0.33%
Aug 08, 2013 	599.000 	599.500 	599.500 	590.000 	81.24K 	0.67%
Aug 07, 2013 	595.000 	600.000 	600.000 	592.000 	158.21K 	0.51%
Aug 06, 2013 	592.000 	600.000 	600.000 	590.000 	162.00K 	-0.67%
Aug 05, 2013 	596.000 	600.000 	600.000 	593.000 	351.13K 	-0.67%
Aug 02, 2013 	600.000 	605.000 	607.000 	600.000 	507.99K 	-0.58%
Aug 01, 2013 	603.500 	607.000 	610.000 	602.000 	731.60K 	0.00%
Jul 31, 2013 	603.500 	608.000 	617.500 	601.000 	537.80K 	-0.66%
Jul 30, 2013 	607.500 	604.000 	615.000 	604.000 	386.14K 	0.41%
Jul 29, 2013 	605.000 	608.000 	608.000 	599.000 	170.27K 	-0.66%
Jul 26, 2013 	609.000 	612.000 	613.000 	606.500 	352.55K 	-0.65%
Jul 25, 2013 	613.000 	640.000 	640.000 	606.500 	708.58K 	-4.22%
Jul 24, 2013 	640.000 	631.000 	640.000 	631.000 	526.13K 	1.59%
Jul 23, 2013 	630.000 	619.000 	631.000 	619.000 	885.11K 	1.78%
Jul 22, 2013 	619.000 	623.000 	623.000 	619.000 	117.66K 	-0.64%
Jul 19, 2013 	623.000 	618.000 	623.000 	613.000 	456.65K 	1.30%
Jul 18, 2013 	615.000 	610.000 	617.500 	610.000 	314.80K 	0.82%
Jul 17, 2013 	610.000 	590.000 	612.000 	589.000 	436.45K 	1.16%
Jul 16, 2013 	603.000 	610.000 	610.000 	602.000 	192.18K 	-0.33%
Jul 15, 2013 	605.000 	613.000 	618.000 	599.000 	449.85K 	-1.14%
Jul 12, 2013 	612.000 	600.000 	615.000 	600.000 	765.29K 	4.08%
Jul 11, 2013 	588.000 	572.000 	593.000 	572.000 	249.14K 	3.70%
Jul 10, 2013 	567.000 	570.000 	570.000 	559.000 	158.69K 	-0.53%
Jul 09, 2013 	570.000 	570.000 	575.000 	570.000 	246.46K 	-0.52%
Jul 08, 2013 	573.000 	590.000 	590.500 	565.000 	392.57K 	-4.26%
Jul 05, 2013 	598.500 	602.500 	605.000 	597.000 	279.11K 	1.27%
Jul 04, 2013 	591.000 	600.000 	600.000 	587.000 	167.48K 	-1.34%
Jul 03, 2013 	599.000 	600.000 	601.500 	594.000 	749.43K 	-0.17%
Jul 02, 2013 	600.000 	610.000 	613.500 	596.000 	466.75K 	-1.96%
Jul 01, 2013 	612.000 	585.500 	626.000 	585.000 	940.32K 	5.52%
Jun 28, 2013 	580.000 	580.000 	587.500 	571.000 	732.62K 	3.57%
Jun 27, 2013 	560.000 	565.000 	586.000 	560.000 	720.59K 	1.82%
Jun 26, 2013 	550.000 	539.500 	556.500 	539.500 	711.63K 	5.97%
Jun 25, 2013 	519.000 	565.000 	575.000 	512.000 	993.70K 	-9.19%
Jun 24, 2013 	571.500 	602.000 	602.000 	570.000 	640.31K 	-5.07%
Jun 21, 2013 	602.000 	580.000 	605.000 	576.000 	953.53K 	0.92%
Jun 20, 2013 	596.500 	595.000 	598.000 	588.000 	702.87K 	-3.01%
Jun 19, 2013 	615.000 	615.000 	619.500 	601.000 	1.07M 	0.65%
Jun 18, 2013 	611.000 	595.000 	614.000 	595.000 	433.67K 	4.00%
Jun 17, 2013 	587.500 	571.000 	588.000 	570.000 	400.81K 	2.35%
Jun 14, 2013 	574.000 	589.000 	604.000 	574.000 	746.46K 	-1.03%
Jun 13, 2013 	580.000 	593.000 	595.000 	574.000 	1.46M 	-4.76%
Jun 11, 2013 	609.000 	640.000 	640.000 	600.000 	865.38K 	-4.84%
Jun 10, 2013 	640.000 	634.500 	645.000 	634.500 	289.02K 	2.40%
Jun 07, 2013 	625.000 	620.000 	633.000 	618.000 	426.38K 	1.38%
Jun 06, 2013 	616.500 	610.000 	630.000 	590.000 	735.99K 	1.07%
Jun 05, 2013 	610.000 	630.000 	633.000 	610.000 	651.09K 	-4.69%
Jun 04, 2013 	640.000 	621.500 	640.000 	618.000 	385.66K 	2.98%
Jun 03, 2013 	621.500 	620.000 	630.000 	610.000 	937.65K 	-1.35%
May 31, 2013 	630.000 	644.500 	644.500 	619.000 	1.21M 	-2.33%
May 30, 2013 	645.000 	650.000 	660.000 	642.500 	1.26M 	-3.30%
May 29, 2013 	667.000 	654.000 	669.500 	654.000 	358.46K 	1.06%
May 28, 2013 	660.000 	651.500 	660.000 	649.000 	627.83K 	1.38%
May 27, 2013 	651.000 	664.000 	664.000 	649.000 	706.91K 	-2.03%
May 24, 2013 	664.500 	670.000 	670.000 	650.000 	405.64K 	-0.82%
May 23, 2013 	670.000 	683.000 	683.000 	650.000 	472.59K 	-2.62%
May 22, 2013 	688.000 	673.000 	688.000 	673.000 	378.72K 	1.62%
May 21, 2013 	677.000 	678.000 	679.000 	675.000 	332.05K 	0.30%
May 20, 2013 	675.000 	671.500 	678.000 	669.000 	266.67K 	0.97%
May 17, 2013 	668.500 	665.000 	672.000 	662.000 	316.85K 	0.38%
May 16, 2013 	666.000 	678.000 	680.000 	659.000 	465.10K 	-1.77%
May 15, 2013 	678.000 	671.000 	682.000 	671.000 	305.23K 	-0.29%
May 14, 2013 	680.000 	672.000 	680.000 	668.500 	588.40K 	1.19%
May 10, 2013 	672.000 	669.000 	673.000 	669.000 	164.69K 	0.30%
May 09, 2013 	670.000 	672.000 	672.000 	663.000 	189.08K 	-0.30%
May 08, 2013 	672.000 	662.000 	675.000 	662.000 	634.53K 	1.51%
May 07, 2013 	662.000 	670.000 	672.000 	660.000 	410.80K 	0.30%
May 06, 2013 	660.000 	662.000 	672.000 	658.000 	498.64K 	-0.30%
May 03, 2013 	662.000 	650.000 	662.000 	649.500 	884.07K 	3.44%
May 02, 2013 	640.000 	643.000 	643.000 	630.000 	423.47K 	-0.16%
Apr 30, 2013 	641.000 	641.000 	645.000 	639.500 	492.57K 	0.00%
Apr 29, 2013 	641.000 	647.500 	647.500 	640.000 	443.56K 	0.16%
Apr 26, 2013 	640.000 	645.000 	646.000 	635.000 	431.16K 	0.95%
Apr 25, 2013 	634.000 	625.000 	634.000 	618.000 	545.12K 	1.44%
Apr 24, 2013 	625.000 	620.500 	625.000 	618.000 	542.50K 	1.63%
Apr 23, 2013 	615.000 	630.000 	632.000 	615.000 	587.38K 	-3.91%
Apr 22, 2013 	640.000 	608.000 	640.000 	608.000 	756.80K 	5.44%
Apr 19, 2013 	607.000 	602.000 	610.000 	600.000 	422.43K 	1.08%
Apr 18, 2013 	600.500 	600.000 	603.000 	595.000 	584.24K 	0.08%
Apr 17, 2013 	600.000 	603.500 	603.500 	599.500 	623.94K 	0.76%
Apr 16, 2013 	595.500 	590.000 	597.000 	585.000 	1.41M 	-0.92%
Apr 15, 2013 	601.000 	602.000 	608.000 	600.500 	636.99K 	-0.17%
Apr 12, 2013 	602.000 	598.500 	604.000 	598.500 	653.28K 	0.84%
Apr 11, 2013 	597.000 	592.000 	606.000 	591.500 	732.40K 	0.93%
Apr 10, 2013 	591.500 	580.000 	591.500 	580.000 	765.27K 	1.98%
Apr 08, 2013 	580.000 	585.000 	586.000 	580.000 	360.43K 	-0.51%
Apr 05, 2013 	583.000 	580.000 	589.000 	573.000 	458.84K 	0.34%
Apr 04, 2013 	581.000 	587.000 	587.000 	580.000 	314.91K 	-0.68%
Apr 03, 2013 	585.000 	574.000 	592.000 	574.000 	671.57K 	1.92%
Apr 02, 2013 	574.000 	579.000 	580.000 	570.500 	179.49K 	-1.03%
Apr 01, 2013 	580.000 	570.000 	586.000 	570.000 	896.51K 	2.47%
Mar 27, 2013 	566.000 	558.500 	582.000 	558.000 	1.30M 	1.34%
Mar 26, 2013 	558.500 	555.000 	562.000 	555.000 	657.48K 	0.54%
Mar 25, 2013 	555.500 	565.000 	565.000 	553.000 	600.79K 	0.82%
Mar 22, 2013 	551.000 	550.000 	552.000 	547.000 	1.15M 	0.18%
Mar 21, 2013 	550.000 	555.000 	560.000 	550.000 	600.65K 	0.00%
Mar 20, 2013 	550.000 	539.500 	567.000 	539.500 	625.02K 	0.92%
Mar 19, 2013 	545.000 	550.000 	550.000 	538.000 	835.16K 	-0.91%
Mar 18, 2013 	550.000 	560.000 	560.000 	548.000 	1.06M 	-1.96%
Mar 15, 2013 	561.000 	555.000 	565.000 	555.000 	987.88K 	2.00%
Mar 14, 2013 	550.000 	560.000 	561.000 	550.000 	1.67M 	-1.61%
Mar 13, 2013 	559.000 	560.000 	560.000 	554.500 	661.13K 	0.72%
Mar 12, 2013 	555.000 	563.500 	568.000 	550.000 	1.01M 	-1.42%
Mar 11, 2013 	563.000 	566.500 	574.500 	561.000 	657.18K 	-0.35%
Mar 08, 2013 	565.000 	565.000 	575.000 	562.000 	521.12K 	0.53%
Mar 07, 2013 	562.000 	584.000 	584.000 	558.500 	1.92M 	-4.10%
Mar 06, 2013 	586.000 	575.000 	589.500 	570.000 	272.81K 	1.56%
Mar 05, 2013 	577.000 	556.000 	579.000 	556.000 	496.52K 	3.78%
Mar 04, 2013 	556.000 	570.000 	570.500 	555.000 	1.07M 	-2.54%
Mar 01, 2013 	570.500 	579.500 	579.500 	570.000 	453.02K 	-1.55%
Feb 28, 2013 	579.500 	581.000 	581.000 	576.000 	1.05M 	0.00%
Feb 27, 2013 	579.500 	589.000 	589.000 	576.000 	366.45K 	-0.77%
Feb 26, 2013 	584.000 	587.000 	591.000 	574.000 	656.45K 	-1.02%
Feb 25, 2013 	590.000 	571.000 	595.000 	571.000 	714.15K 	3.33%
Feb 22, 2013 	571.000 	568.000 	572.000 	560.500 	553.08K 	0.53%
Feb 21, 2013 	568.000 	579.500 	579.500 	567.000 	509.39K 	-2.07%
Feb 20, 2013 	580.000 	580.000 	581.000 	575.000 	403.46K 	-0.17%
Feb 19, 2013 	581.000 	582.000 	583.000 	579.000 	447.08K 	0.69%
Feb 18, 2013 	577.000 	579.500 	580.000 	576.500 	773.65K 	-0.52%
Feb 15, 2013 	580.000 	567.000 	580.000 	567.000 	420.59K 	2.38%
Feb 14, 2013 	566.500 	565.000 	570.000 	564.000 	686.11K 	0.53%
Feb 13, 2013 	563.500 	563.500 	571.000 	561.000 	236.44K 	0.45%
Feb 12, 2013 	561.000 	562.000 	565.000 	560.000 	367.60K 	-0.18%
Feb 11, 2013 	562.000 	565.000 	567.000 	560.000 	846.72K 	-0.44%
Feb 08, 2013 	564.500 	566.000 	571.000 	563.000 	605.48K 	0.36%
Feb 07, 2013 	562.500 	567.000 	569.000 	560.000 	797.11K 	-0.62%
Feb 06, 2013 	566.000 	578.000 	585.000 	566.000 	441.41K 	-1.74%
Feb 05, 2013 	576.000 	574.000 	581.500 	568.000 	477.94K 	0.35%
Feb 04, 2013 	574.000 	560.000 	579.000 	556.000 	693.24K 	4.08%
Feb 01, 2013 	551.500 	553.000 	564.000 	550.000 	5.30M 	-2.90%
Jan 31, 2013 	568.000 	555.500 	570.000 	550.000 	954.35K 	2.25%
Jan 30, 2013 	555.500 	556.000 	570.000 	555.500 	658.55K 	0.00%
Jan 29, 2013 	555.500 	550.000 	559.000 	550.000 	1.39M 	0.91%
Jan 28, 2013 	550.500 	552.000 	552.000 	548.000 	1.28M 	-0.27%
Jan 25, 2013 	552.000 	549.500 	554.500 	546.000 	688.89K 	1.85%
Jan 24, 2013 	542.000 	535.000 	548.000 	535.000 	1.07M 	2.26%
Jan 23, 2013 	530.000 	522.000 	535.000 	521.500 	642.22K 	1.53%
Jan 22, 2013 	522.000 	523.500 	525.000 	520.500 	610.40K 	-0.29%
Jan 21, 2013 	523.500 	529.000 	529.000 	523.500 	536.98K 	-1.04%
Jan 18, 2013 	529.000 	533.000 	538.000 	523.500 	880.33K 	1.63%
Jan 17, 2013 	520.500 	525.000 	525.500 	520.000 	852.11K 	-0.29%
Jan 16, 2013 	522.000 	530.000 	534.000 	520.000 	654.22K 	-1.51%
Jan 15, 2013 	530.000 	540.000 	548.000 	529.500 	925.16K 	-1.85%
Jan 14, 2013 	540.000 	550.000 	550.000 	538.000 	758.86K 	-1.82%
Jan 11, 2013 	550.000 	547.000 	550.000 	546.000 	1.31M 	0.55%
Jan 10, 2013 	547.000 	550.000 	550.000 	544.000 	1.64M 	-0.55%
Jan 09, 2013 	550.000 	545.000 	552.000 	545.000 	848.08K 	-0.09%
Jan 08, 2013 	550.500 	555.000 	557.000 	549.500 	491.84K 	0.09%
Jan 07, 2013 	550.000 	545.000 	552.500 	544.500 	532.44K 	1.10%
Jan 04, 2013 	544.000 	537.000 	544.500 	536.000 	682.30K 	1.87%
Jan 03, 2013 	534.000 	532.000 	549.000 	526.000 	745.15K 	1.52%
Jan 02, 2013 	526.000 	517.000 	526.500 	516.000 	332.32K 	1.74%
Dec 28, 2012 	517.000 	518.000 	518.000 	513.000 	438.66K 	1.17%
Dec 27, 2012 	511.000 	530.000 	530.000 	509.500 	198.03K 	-2.67%
Dec 26, 2012 	525.000 	530.000 	530.500 	525.000 	396.67K 	-0.38%
Dec 21, 2012 	527.000 	520.000 	532.000 	520.000 	611.63K 	-0.57%
Dec 20, 2012 	530.000 	510.000 	530.000 	510.000 	544.84K 	3.92%
Dec 19, 2012 	510.000 	501.000 	515.000 	501.000 	331.47K 	2.00%
Dec 18, 2012 	500.000 	495.000 	505.000 	489.000 	850.43K 	1.01%
Dec 17, 2012 	495.000 	493.000 	498.000 	492.000 	1.09M 	0.41%
Dec 14, 2012 	493.000 	501.500 	501.500 	490.400 	465.69K 	-1.40%
Dec 13, 2012 	500.000 	519.500 	520.000 	496.000 	1.42M 	-1.96%
Dec 12, 2012 	510.000 	527.000 	531.000 	510.000 	804.91K 	-3.23%
Dec 11, 2012 	527.000 	518.000 	539.000 	514.000 	746.48K 	1.74%
Dec 10, 2012 	518.000 	520.000 	520.000 	511.500 	341.72K 	-0.38%
Dec 07, 2012 	520.000 	509.000 	520.000 	508.000 	664.88K 	1.96%
Dec 06, 2012 	510.000 	499.000 	514.000 	499.000 	679.75K 	2.16%
Dec 05, 2012 	499.200 	500.000 	501.000 	498.800 	340.15K 	0.24%
Dec 04, 2012 	498.000 	496.000 	505.000 	492.000 	550.39K 	0.40%
Dec 03, 2012 	496.000 	481.200 	500.000 	481.000 	844.84K 	3.08%
Nov 29, 2012 	481.200 	487.000 	487.000 	479.000 	1.15M 	-1.19%
Nov 28, 2012 	487.000 	481.000 	488.000 	481.000 	430.48K 	1.46%
Nov 27, 2012 	480.000 	487.000 	488.000 	480.000 	339.79K 	-0.83%
Nov 26, 2012 	484.000 	486.600 	486.600 	483.800 	871.95K 	-0.53%
Nov 23, 2012 	486.600 	480.000 	487.000 	480.000 	548.08K 	1.38%
Nov 22, 2012 	480.000 	488.000 	488.000 	476.000 	471.17K 	-1.60%
Nov 21, 2012 	487.800 	465.000 	487.800 	465.000 	981.60K 	4.90%
Nov 20, 2012 	465.000 	460.000 	467.800 	456.000 	597.26K 	2.20%
Nov 19, 2012 	455.000 	452.000 	463.000 	449.800 	708.88K 	1.16%
Nov 16, 2012 	449.800 	445.200 	452.000 	445.200 	891.36K 	1.03%
Nov 15, 2012 	445.200 	446.000 	448.000 	444.800 	748.70K 	0.27%
Nov 14, 2012 	444.000 	448.000 	448.000 	443.000 	523.20K 	0.23%
Nov 13, 2012 	443.000 	450.000 	450.000 	443.000 	829.42K 	-1.56%
Nov 12, 2012 	450.000 	448.200 	452.000 	448.200 	902.35K 	0.45%
Nov 09, 2012 	448.000 	449.400 	449.400 	447.600 	779.11K 	-0.36%
Nov 08, 2012 	449.600 	447.000 	449.600 	443.400 	679.70K 	0.00%
Nov 07, 2012 	449.600 	450.000 	450.000 	447.400 	1.05M 	0.00%
Nov 06, 2012 	449.600 	445.000 	450.000 	444.800 	874.24K 	1.03%
Nov 05, 2012 	445.000 	443.000 	449.800 	442.800 	1.13M 	0.45%
Oct 31, 2012 	443.000 	441.000 	443.000 	438.800 	721.23K 	0.23%
Oct 30, 2012 	442.000 	440.000 	442.600 	439.000 	771.85K 	0.45%
Oct 29, 2012 	440.000 	439.000 	443.000 	438.200 	214.65K 	0.23%
Oct 25, 2012 	439.000 	434.000 	440.000 	432.000 	392.26K 	1.39%
Oct 24, 2012 	433.000 	432.000 	433.000 	426.000 	833.29K 	-0.14%
Oct 23, 2012 	433.600 	429.000 	434.000 	428.000 	228.26K 	1.31%
Oct 22, 2012 	428.000 	427.800 	428.000 	420.000 	280.24K 	0.05%
Oct 19, 2012 	427.800 	426.800 	430.000 	425.000 	441.87K 	0.23%
Oct 18, 2012 	426.800 	426.000 	426.800 	422.800 	332.56K 	0.99%
Oct 17, 2012 	422.600 	419.000 	424.600 	418.000 	425.31K 	1.25%
Oct 16, 2012 	417.400 	420.000 	420.400 	417.200 	932.46K 	0.05%
Oct 15, 2012 	417.200 	425.000 	425.000 	416.800 	1.06M 	-1.84%
Oct 12, 2012 	425.000 	425.000 	435.000 	424.600 	571.26K 	-0.19%
Oct 11, 2012 	425.800 	430.000 	430.000 	424.800 	427.67K 	-0.98%
Oct 10, 2012 	430.000 	436.000 	436.000 	430.000 	812.54K 	-1.38%
Oct 09, 2012 	436.000 	440.400 	441.200 	435.000 	253.04K 	-1.00%
Oct 08, 2012 	440.400 	450.000 	450.000 	438.400 	425.82K 	-1.03%
Oct 05, 2012 	445.000 	440.200 	450.000 	440.200 	712.18K 	1.09%
Oct 04, 2012 	440.200 	423.200 	442.000 	423.200 	1.53M 	3.63%
Oct 03, 2012 	424.800 	419.600 	429.000 	419.600 	600.89K 	1.14%
Oct 02, 2012 	420.000 	418.000 	423.000 	416.000 	1.07M 	0.24%
Oct 01, 2012 	419.000 	427.000 	430.000 	418.000 	786.13K 	-1.69%
Sep 28, 2012 	426.200 	430.000 	431.000 	425.200 	495.71K 	-0.65%
Sep 27, 2012 	429.000 	430.000 	430.200 	427.000 	239.42K 	-0.42%
Sep 26, 2012 	430.800 	434.600 	435.000 	428.000 	272.52K 	-0.97%
Sep 25, 2012 	435.000 	435.600 	435.600 	432.000 	287.36K 	-0.18%
Sep 24, 2012 	435.800 	434.000 	437.600 	434.000 	286.22K 	0.41%
Sep 21, 2012 	434.000 	435.000 	437.600 	426.600 	237.82K 	-0.23%
Sep 20, 2012 	435.000 	439.000 	439.000 	433.000 	259.32K 	-0.91%
Sep 19, 2012 	439.000 	432.000 	441.000 	430.200 	319.61K 	1.86%
Sep 18, 2012 	431.000 	436.600 	436.600 	430.000 	500.05K 	-1.33%
Sep 17, 2012 	436.800 	436.600 	442.000 	435.000 	631.65K 	0.05%
Sep 14, 2012 	436.600 	429.400 	439.800 	429.000 	743.57K 	2.25%
Sep 13, 2012 	427.000 	424.000 	427.800 	422.000 	524.45K 	0.95%
Sep 12, 2012 	423.000 	420.800 	425.000 	418.800 	544.65K 	0.48%
Sep 11, 2012 	421.000 	418.000 	421.000 	416.000 	237.23K 	1.69%
Sep 10, 2012 	414.000 	422.600 	422.600 	413.000 	365.83K 	-1.66%
Sep 07, 2012 	421.000 	420.000 	422.000 	416.000 	664.31K 	1.20%
Sep 06, 2012 	416.000 	417.000 	418.000 	415.000 	514.03K 	-0.38%
Sep 05, 2012 	417.600 	416.000 	417.600 	414.400 	345.34K 	0.38%
Sep 04, 2012 	416.000 	422.000 	422.000 	415.800 	353.10K 	0.24%
Sep 03, 2012 	415.000 	412.000 	416.400 	411.800 	301.02K 	0.97%
Aug 31, 2012 	411.000 	418.000 	420.000 	409.000 	625.65K 	-1.58%
Aug 30, 2012 	417.600 	422.000 	422.000 	417.600 	404.69K 	-1.09%
Aug 29, 2012 	422.200 	425.000 	425.000 	421.600 	423.89K 	-0.42%
Aug 28, 2012 	424.000 	420.000 	426.000 	420.000 	565.92K 	0.71%
Aug 24, 2012 	421.000 	425.000 	425.000 	420.600 	539.16K 	-2.09%
Aug 23, 2012 	430.000 	425.000 	432.000 	425.000 	267.95K 	1.46%
Aug 22, 2012 	423.800 	425.000 	425.000 	422.000 	554.30K 	-0.33%
Aug 17, 2012 	425.200 	421.200 	427.000 	421.000 	609.48K 	0.95%
Aug 16, 2012 	421.200 	426.000 	428.000 	419.800 	1.03M 	-0.89%
Aug 15, 2012 	425.000 	433.400 	433.600 	425.000 	754.65K 	-1.85%
Aug 14, 2012 	433.000 	435.000 	435.000 	433.000 	418.56K 	0.00%
Aug 13, 2012 	433.000 	430.000 	436.000 	430.000 	360.87K 	0.70%
Aug 10, 2012 	430.000 	428.000 	432.000 	425.000 	481.70K 	1.18%
Aug 09, 2012 	425.000 	432.400 	433.000 	418.000 	1.14M 	-1.71%
Aug 08, 2012 	432.400 	430.000 	437.000 	430.000 	872.69K 	-1.41%
Aug 06, 2012 	438.600 	431.000 	440.600 	431.000 	387.54K 	2.00%
Aug 03, 2012 	430.000 	425.200 	431.000 	425.000 	345.98K 	0.94%
Aug 02, 2012 	426.000 	427.000 	429.000 	425.000 	478.20K 	0.24%
Aug 01, 2012 	425.000 	435.200 	435.200 	421.000 	925.01K 	-2.34%
Jul 31, 2012 	435.200 	432.800 	436.000 	430.000 	657.36K 	0.55%
Jul 30, 2012 	432.800 	421.200 	432.800 	421.200 	617.02K 	4.04%
Jul 27, 2012 	416.000 	415.600 	423.000 	415.600 	2.05M 	0.82%
Jul 26, 2012 	412.600 	411.000 	414.000 	411.000 	826.24K 	0.39%
Jul 25, 2012 	411.000 	416.600 	416.600 	410.200 	851.92K 	-0.96%
Jul 24, 2012 	415.000 	410.000 	421.000 	405.000 	1.20M 	1.17%
Jul 23, 2012 	410.200 	430.000 	430.000 	408.800 	1.34M 	-4.56%
Jul 20, 2012 	429.800 	430.000 	434.800 	429.600 	879.62K 	-0.09%
Jul 19, 2012 	430.200 	435.600 	437.200 	430.000 	695.10K 	-1.10%
Jul 18, 2012 	435.000 	445.000 	445.000 	433.800 	2.43M 	-5.02%
Jul 17, 2012 	458.000 	463.000 	463.000 	453.000 	1.42M 	-1.17%
Jul 16, 2012 	463.400 	457.000 	464.800 	457.000 	122.49K 	1.85%
Jul 13, 2012 	455.000 	457.000 	459.800 	454.000 	266.31K 	-0.44%
Jul 12, 2012 	457.000 	468.000 	468.000 	455.000 	461.82K 	-4.39%
Jul 11, 2012 	478.000 	448.000 	478.000 	442.400 	578.73K 	4.37%
Jul 10, 2012 	458.000 	472.200 	472.200 	458.000 	278.53K 	-3.17%
Jul 09, 2012 	473.000 	480.000 	481.000 	470.000 	182.09K 	-1.46%
Jul 06, 2012 	480.000 	485.000 	485.200 	480.000 	169.44K 	-0.21%
Jul 05, 2012 	481.000 	477.800 	485.000 	477.800 	394.83K 	0.42%
Jul 04, 2012 	479.000 	481.000 	482.000 	477.200 	110.86K 	-0.42%
Jul 03, 2012 	481.000 	475.000 	481.000 	474.000 	554.02K 	1.35%
Jul 02, 2012 	474.600 	470.200 	476.400 	470.200 	373.99K 	1.15%
Jun 29, 2012 	469.200 	469.000 	475.000 	469.000 	585.27K 	-0.72%
Jun 28, 2012 	472.600 	475.600 	475.800 	471.000 	301.87K 	-0.63%
Jun 27, 2012 	475.600 	472.000 	475.600 	470.000 	291.88K 	1.19%
Jun 26, 2012 	470.000 	468.800 	474.000 	465.000 	533.25K 	0.43%
Jun 25, 2012 	468.000 	470.000 	472.800 	467.000 	289.89K 	-0.43%
Jun 22, 2012 	470.000 	470.000 	471.000 	465.000 	217.46K 	-0.84%
Jun 21, 2012 	474.000 	474.000 	476.400 	473.000 	290.22K 	0.00%
Jun 20, 2012 	474.000 	466.000 	477.000 	466.000 	538.28K 	2.42%
Jun 19, 2012 	462.800 	456.200 	466.000 	455.800 	355.25K 	1.54%
Jun 18, 2012 	455.800 	448.000 	461.000 	448.000 	287.12K 	1.97%
Jun 15, 2012 	447.000 	449.800 	449.800 	444.000 	97.86K 	-0.62%
Jun 14, 2012 	449.800 	450.000 	458.000 	443.000 	501.89K 	1.95%
Jun 13, 2012 	441.200 	430.000 	442.000 	430.000 	674.61K 	0.55%
Jun 11, 2012 	438.800 	440.000 	444.000 	438.000 	256.90K 	0.41%
Jun 08, 2012 	437.000 	440.000 	440.000 	436.800 	223.78K 	0.00%
Jun 07, 2012 	437.000 	445.000 	449.000 	434.000 	132.79K 	1.20%
Jun 06, 2012 	431.800 	432.000 	435.000 	431.200 	191.66K 	-0.05%
Jun 05, 2012 	432.000 	428.000 	435.000 	427.000 	208.49K 	0.93%
Jun 04, 2012 	428.000 	442.800 	442.800 	427.000 	907.71K 	-5.93%
Jun 01, 2012 	455.000 	443.000 	455.000 	439.000 	581.40K 	2.94%
May 31, 2012 	442.000 	439.000 	445.000 	423.000 	1.85M 	-0.76%
May 30, 2012 	445.400 	443.000 	445.800 	440.000 	505.62K 	0.77%
May 29, 2012 	442.000 	417.000 	442.000 	416.200 	543.55K 	6.00%
May 28, 2012 	417.000 	416.000 	417.800 	412.000 	350.08K 	1.41%
May 25, 2012 	411.200 	412.000 	413.000 	411.000 	407.88K 	0.05%
May 24, 2012 	411.000 	406.000 	412.000 	406.000 	688.79K 	1.23%
May 23, 2012 	406.000 	405.000 	408.000 	405.000 	497.39K 	-1.74%
May 22, 2012 	413.200 	410.000 	416.000 	410.000 	241.41K 	3.04%
May 21, 2012 	401.000 	410.000 	420.000 	401.000 	296.48K 	-2.20%
May 18, 2012 	410.000 	422.000 	422.000 	400.200 	338.29K 	-3.89%
May 17, 2012 	426.600 	405.000 	430.000 	403.000 	407.30K 	4.30%
May 16, 2012 	409.000 	428.600 	428.600 	409.000 	398.13K 	-4.22%
May 15, 2012 	427.000 	433.000 	433.000 	420.000 	517.57K 	-4.04%
May 14, 2012 	445.000 	456.800 	457.000 	438.000 	150.22K 	-2.63%
May 11, 2012 	457.000 	450.000 	458.000 	450.000 	175.20K 	1.56%
May 10, 2012 	450.000 	450.000 	451.000 	449.000 	779.50K 	-0.22%
May 09, 2012 	451.000 	459.800 	459.800 	451.000 	478.26K 	-1.70%
May 08, 2012 	458.800 	441.200 	459.000 	441.200 	478.43K 	2.41%
May 07, 2012 	448.000 	449.000 	450.000 	441.600 	403.34K 	-1.32%
May 04, 2012 	454.000 	460.000 	460.000 	450.000 	663.98K 	-1.86%
May 03, 2012 	462.600 	443.200 	464.000 	440.000 	477.95K 	4.42%
May 02, 2012 	443.000 	430.000 	449.000 	430.000 	413.96K 	3.02%
Apr 30, 2012 	430.000 	427.800 	430.000 	427.800 	400.04K 	0.47%
Apr 27, 2012 	428.000 	428.000 	429.000 	425.000 	691.70K 	0.00%
Apr 26, 2012 	428.000 	429.000 	431.800 	427.800 	315.71K 	-0.05%
Apr 25, 2012 	428.200 	420.000 	430.200 	420.000 	858.31K 	2.20%
Apr 24, 2012 	419.000 	416.600 	419.400 	415.800 	289.73K 	0.58%
Apr 23, 2012 	416.600 	420.000 	420.000 	416.000 	167.98K 	0.10%
Apr 20, 2012 	416.200 	430.000 	430.000 	413.000 	637.43K 	-2.02%
Apr 19, 2012 	424.800 	429.000 	429.000 	424.000 	571.94K 	0.14%
Apr 18, 2012 	424.200 	427.000 	433.000 	423.800 	507.33K 	-1.30%
Apr 17, 2012 	429.800 	437.000 	437.000 	429.800 	457.27K 	-0.97%
Apr 16, 2012 	434.000 	425.000 	435.000 	418.000 	889.12K 	2.12%
Apr 13, 2012 	425.000 	415.000 	425.000 	415.000 	509.48K 	2.41%
Apr 12, 2012 	415.000 	407.200 	415.000 	407.200 	234.99K 	1.97%
Apr 11, 2012 	407.000 	406.000 	407.400 	405.000 	195.90K 	0.35%
Apr 10, 2012 	405.600 	406.000 	408.000 	405.000 	660.89K 	-1.07%
Apr 04, 2012 	410.000 	412.000 	412.000 	405.600 	878.87K 	-0.49%
Apr 03, 2012 	412.000 	406.200 	412.000 	406.200 	534.69K 	1.48%
Apr 02, 2012 	406.000 	406.600 	406.600 	405.000 	446.12K 	-0.15%
Mar 30, 2012 	406.600 	412.000 	412.000 	405.000 	249.12K 	0.40%
Mar 29, 2012 	405.000 	400.000 	411.000 	398.000 	533.28K 	1.50%
Mar 28, 2012 	399.000 	411.000 	411.000 	395.000 	1.09M 	-2.97%
Mar 27, 2012 	411.200 	412.000 	412.600 	410.200 	473.77K 	-0.68%
Mar 26, 2012 	414.000 	414.000 	414.000 	410.200 	51.87K 	0.00%
Mar 23, 2012 	414.000 	414.000 	414.000 	410.000 	176.27K 	0.00%
Mar 22, 2012 	414.000 	414.800 	414.800 	412.200 	162.51K 	-0.19%
Mar 21, 2012 	414.800 	422.200 	422.200 	414.800 	294.33K 	-1.89%
Mar 20, 2012 	422.800 	421.200 	423.200 	421.200 	326.81K 	-0.05%
Mar 19, 2012 	423.000 	422.000 	423.000 	418.000 	296.50K 	0.00%
Mar 16, 2012 	423.000 	405.000 	423.000 	405.000 	499.56K 	4.44%
Mar 15, 2012 	405.000 	415.000 	418.000 	405.000 	300.18K 	-2.41%
Mar 14, 2012 	415.000 	415.000 	419.000 	415.000 	247.90K 	0.48%
Mar 13, 2012 	413.000 	420.000 	420.000 	412.000 	384.48K 	-0.05%
Mar 12, 2012 	413.200 	414.000 	414.000 	412.600 	135.37K 	-0.19%
Mar 09, 2012 	414.000 	417.000 	417.000 	412.000 	173.41K 	-0.72%
Mar 08, 2012 	417.000 	413.000 	419.000 	413.000 	185.24K 	1.21%
Mar 07, 2012 	412.000 	425.000 	425.000 	412.000 	317.02K 	-3.06%
Mar 06, 2012 	425.000 	430.800 	430.800 	424.800 	345.16K 	-1.39%
Mar 05, 2012 	431.000 	424.000 	431.000 	420.000 	392.06K 	1.65%
Mar 02, 2012 	424.000 	409.000 	428.000 	409.000 	691.54K 	3.92%
Mar 01, 2012 	408.000 	405.000 	415.000 	401.000 	421.98K 	1.75%
Feb 29, 2012 	401.000 	400.000 	401.400 	395.000 	598.60K 	2.61%
